2025-03-11 13:14:04,879 - INFO - Started
2025-03-11 13:14:04,879 - INFO - Data fetched successfully.
2025-03-11 13:14:05,471 - INFO - Total records fetched: 2169
2025-03-11 13:14:06,305 - INFO - Filtered records: 252
2025-03-11 13:14:06,352 - INFO - Finished
2025-03-11 13:15:11,149 - INFO - Started
2025-03-11 13:15:11,149 - INFO - Data fetched successfully.
2025-03-11 13:15:11,722 - INFO - Total records fetched: 2167
2025-03-11 13:15:12,140 - INFO - Filtered records: 2167
2025-03-11 13:15:12,251 - INFO - Finished
2025-03-11 13:15:31,049 - INFO - Started
2025-03-11 13:15:31,049 - INFO - Data fetched successfully.
2025-03-11 13:15:31,692 - INFO - Total records fetched: 2168
2025-03-11 13:15:31,730 - INFO - Finished
2025-03-11 13:15:43,984 - INFO - Started
2025-03-11 13:15:43,984 - INFO - Data fetched successfully.
2025-03-11 13:15:44,681 - INFO - Total records fetched: 2168
2025-03-11 13:15:44,713 - INFO - Finished
2025-03-11 13:16:11,171 - INFO - Started
2025-03-11 13:16:11,171 - INFO - Data fetched successfully.
2025-03-11 13:16:11,795 - INFO - Total records fetched: 2164
2025-03-11 13:16:12,209 - INFO - Filtered records: 94
2025-03-11 13:16:12,236 - INFO - Finished
2025-03-11 13:16:30,213 - INFO - Started
2025-03-11 13:16:30,213 - INFO - Data fetched successfully.
2025-03-11 13:16:31,122 - INFO - Total records fetched: 2164
2025-03-11 13:16:31,153 - INFO - Finished
2025-03-11 13:17:17,356 - INFO - Started
2025-03-11 13:17:17,356 - INFO - Data fetched successfully.
2025-03-11 13:17:18,001 - INFO - Total records fetched: 2143
2025-03-11 13:17:18,555 - INFO - Filtered records: 43
2025-03-11 13:17:18,571 - INFO - Finished
2025-03-11 13:18:22,204 - INFO - Started
2025-03-11 13:18:22,204 - INFO - Data fetched successfully.
2025-03-11 13:18:22,894 - INFO - Total records fetched: 2142
2025-03-11 13:18:22,930 - INFO - Finished
2025-03-11 13:18:52,256 - INFO - Started
2025-03-11 13:18:52,256 - INFO - Data fetched successfully.
2025-03-11 13:18:52,871 - INFO - Total records fetched: 2142
2025-03-11 13:18:52,902 - INFO - Finished
2025-03-11 13:19:53,912 - INFO - Started
2025-03-11 13:19:53,912 - INFO - Data fetched successfully.
2025-03-11 13:19:54,548 - INFO - Total records fetched: 2139
2025-03-11 13:19:54,962 - INFO - Filtered records: 1
2025-03-11 13:19:54,962 - INFO - No new data to insert.
2025-03-11 13:19:54,969 - INFO - Finished
2025-03-11 13:23:44,768 - INFO - Started
2025-03-11 13:23:44,768 - INFO - Data fetched successfully.
2025-03-11 13:23:45,480 - INFO - Total records fetched: 2138
2025-03-11 13:23:45,898 - INFO - Filtered records: 64
2025-03-11 13:23:45,912 - INFO - Finished
2025-03-11 13:27:49,900 - INFO - Started
2025-03-11 13:27:49,900 - INFO - Data fetched successfully.
2025-03-11 13:27:50,524 - INFO - Total records fetched: 2110
2025-03-11 13:27:50,949 - INFO - Filtered records: 2110
2025-03-11 13:27:50,977 - INFO - Finished
2025-03-11 13:33:04,041 - INFO - Started
2025-03-11 13:33:04,041 - INFO - Data fetched successfully.
2025-03-11 13:33:04,620 - INFO - Total records fetched: 2097
2025-03-11 13:33:05,034 - INFO - Filtered records: 45
2025-03-11 13:33:05,056 - INFO - Finished
2025-03-11 13:34:57,422 - INFO - Started
2025-03-11 13:34:57,423 - INFO - Data fetched successfully.
2025-03-11 13:34:58,112 - INFO - Total records fetched: 2076
2025-03-11 13:34:58,139 - ERROR - An error occurred: cannot access local variable 'valid_data' where it is not associated with a value
Traceback (most recent call last):
  File "c:\programs\project_1222086\DTC2025\rt_vehicle_location.py", line 84, in importRealTimeData
    logger.info(f"Filtered records: {len(valid_data)}")
                                         ^^^^^^^^^^
UnboundLocalError: cannot access local variable 'valid_data' where it is not associated with a value
2025-03-11 13:34:58,146 - INFO - Finished
2025-03-11 13:37:25,854 - INFO - Started
2025-03-11 13:37:25,854 - INFO - Data fetched successfully.
2025-03-11 13:37:26,373 - INFO - Total records fetched: 652
2025-03-11 13:37:26,384 - ERROR - An error occurred: cannot access local variable 'valid_data' where it is not associated with a value
Traceback (most recent call last):
  File "c:\programs\project_1222086\DTC2025\rt_vehicle_location.py", line 84, in importRealTimeData
    logger.info(f"Filtered records: {len(valid_data)}")
                                         ^^^^^^^^^^
UnboundLocalError: cannot access local variable 'valid_data' where it is not associated with a value
2025-03-11 13:37:26,393 - INFO - Finished
2025-03-11 13:38:11,808 - INFO - Started
2025-03-11 13:38:11,808 - INFO - Data fetched successfully.
2025-03-11 13:38:12,461 - INFO - Total records fetched: 2071
2025-03-11 13:38:12,894 - INFO - Filtered records: 142
2025-03-11 13:38:12,914 - INFO - Finished
2025-03-11 13:40:42,324 - INFO - Started
2025-03-11 13:40:42,324 - INFO - Data fetched successfully.
2025-03-11 13:40:42,699 - INFO - Total records fetched: 2076
2025-03-11 13:40:42,732 - INFO - Filtered records: 0
2025-03-11 13:40:42,732 - INFO - Finished
2025-03-11 13:43:01,891 - INFO - Started
2025-03-11 13:43:01,892 - INFO - Data fetched successfully.
2025-03-11 13:43:02,577 - INFO - Total records fetched: 2044
2025-03-11 13:43:02,612 - INFO - Total Filtered records: 2044
2025-03-11 13:43:03,089 - INFO - Filtered records to be inserted into database: 137
2025-03-11 13:43:03,127 - INFO - Finished
2025-03-11 13:44:54,631 - INFO - Started
2025-03-11 13:44:54,631 - INFO - Data fetched successfully.
2025-03-11 13:44:55,351 - INFO - Total records fetched: 2032
2025-03-11 13:44:55,373 - INFO - Total Filtered records: 60
2025-03-11 13:44:55,823 - INFO - Filtered records to be inserted into database: 1
2025-03-11 13:44:55,842 - INFO - Finished
2025-03-11 13:48:34,279 - INFO - Started
2025-03-11 13:48:34,279 - INFO - Data fetched successfully.
2025-03-11 13:48:35,510 - INFO - Total records fetched: 0
2025-03-11 13:48:35,541 - INFO - Finished
2025-03-11 14:00:39,588 - INFO - Started
2025-03-11 14:00:39,592 - INFO - Data fetched successfully.
2025-03-11 14:00:40,508 - INFO - Total records fetched: 2041
2025-03-11 14:00:40,574 - INFO - Total Filtered records: 371
2025-03-11 14:00:40,989 - INFO - Filtered records to be inserted into database: 15
2025-03-11 14:00:41,023 - INFO - Finished
2025-03-11 14:01:55,205 - INFO - Started
2025-03-11 14:01:55,205 - INFO - Data fetched successfully.
2025-03-11 14:01:56,044 - INFO - Total records fetched: 2031
2025-03-11 14:01:56,124 - INFO - Total Filtered records: 2031
2025-03-11 14:01:56,818 - INFO - Filtered records to be inserted into database: 114
2025-03-11 14:01:56,890 - INFO - Finished
2025-03-11 22:59:39,610 - INFO - Started
2025-03-11 22:59:39,610 - INFO - Data fetched successfully.
2025-03-11 22:59:41,933 - INFO - Total records fetched: 1179
2025-03-11 22:59:42,210 - INFO - Total Filtered records: 1152
2025-03-11 22:59:42,714 - INFO - Filtered records to be inserted into database: 69
2025-03-11 22:59:42,817 - INFO - Finished
2025-03-11 23:03:36,499 - INFO - Started
2025-03-11 23:03:36,499 - INFO - Data fetched successfully.
2025-03-11 23:03:36,809 - INFO - Total records fetched: 1111
2025-03-11 23:03:36,849 - INFO - Total Filtered records: 157
2025-03-11 23:03:37,469 - INFO - Filtered records to be inserted into database: 0
2025-03-11 23:03:37,469 - INFO - No new data to insert.
2025-03-11 23:03:37,485 - INFO - Finished
2025-03-11 23:13:36,899 - INFO - Started
2025-03-11 23:13:36,899 - INFO - Data fetched successfully.
2025-03-11 23:13:37,298 - INFO - Total records fetched: 1043
2025-03-11 23:13:37,539 - INFO - Total Filtered records: 231
2025-03-11 23:13:38,066 - INFO - Filtered records to be inserted into database: 4
2025-03-11 23:13:38,146 - INFO - Finished
2025-03-12 11:53:38,023 - INFO - Started
2025-03-12 11:53:38,023 - INFO - Data fetched successfully.
2025-03-12 11:53:39,802 - INFO - Total records fetched: 1872
2025-03-12 11:53:40,154 - INFO - Total Filtered records: 1857
2025-03-12 11:53:40,702 - INFO - Filtered records to be inserted into database: 83
2025-03-12 11:53:40,817 - INFO - Finished
2025-03-12 12:03:42,971 - INFO - Started
2025-03-12 12:03:42,985 - INFO - Data fetched successfully.
2025-03-12 12:03:43,673 - INFO - Total records fetched: 2466
2025-03-12 12:03:44,251 - INFO - Total Filtered records: 425
2025-03-12 12:03:44,940 - INFO - Filtered records to be inserted into database: 19
2025-03-12 12:03:45,022 - INFO - Finished
2025-03-12 12:13:37,333 - INFO - Started
2025-03-12 12:13:37,333 - INFO - Data fetched successfully.
2025-03-12 12:13:37,728 - INFO - Total records fetched: 2459
2025-03-12 12:13:38,013 - INFO - Total Filtered records: 421
2025-03-12 12:13:38,567 - INFO - Filtered records to be inserted into database: 20
2025-03-12 12:13:38,716 - INFO - Finished
2025-03-12 12:23:36,484 - INFO - Started
2025-03-12 12:23:36,485 - INFO - Data fetched successfully.
2025-03-12 12:23:37,058 - INFO - Total records fetched: 2399
2025-03-12 12:23:37,090 - INFO - Total Filtered records: 190
2025-03-12 12:23:37,512 - INFO - Filtered records to be inserted into database: 9
2025-03-12 12:23:37,562 - INFO - Finished
2025-03-12 12:33:36,523 - INFO - Started
2025-03-12 12:33:36,523 - INFO - Data fetched successfully.
2025-03-12 12:33:36,936 - INFO - Total records fetched: 2368
2025-03-12 12:33:36,973 - INFO - Total Filtered records: 239
2025-03-12 12:33:37,426 - INFO - Filtered records to be inserted into database: 20
2025-03-12 12:33:37,457 - INFO - Finished
2025-03-12 12:53:36,592 - INFO - Started
2025-03-12 12:53:36,592 - INFO - Data fetched successfully.
2025-03-12 12:53:37,347 - INFO - Total records fetched: 2257
2025-03-12 12:53:37,475 - INFO - Total Filtered records: 362
2025-03-12 12:53:37,869 - INFO - Filtered records to be inserted into database: 26
2025-03-12 12:53:37,952 - INFO - Finished
2025-03-12 13:03:36,768 - INFO - Started
2025-03-12 13:03:36,768 - INFO - Data fetched successfully.
2025-03-12 13:03:37,554 - INFO - Total records fetched: 2229
2025-03-12 13:03:37,590 - INFO - Total Filtered records: 255
2025-03-12 13:03:37,982 - INFO - Filtered records to be inserted into database: 12
2025-03-12 13:03:38,020 - INFO - Finished
2025-03-12 13:08:36,545 - INFO - Started
2025-03-12 13:08:36,545 - INFO - Data fetched successfully.
2025-03-12 13:08:36,988 - INFO - Total records fetched: 2188
2025-03-12 13:08:37,024 - INFO - Total Filtered records: 235
2025-03-12 13:08:37,437 - INFO - Filtered records to be inserted into database: 0
2025-03-12 13:08:37,437 - INFO - No new data to insert.
2025-03-12 13:08:37,446 - INFO - Finished
2025-03-12 13:13:35,882 - INFO - Started
2025-03-12 13:13:35,882 - INFO - Data fetched successfully.
2025-03-12 13:13:36,579 - INFO - Total records fetched: 2188
2025-03-12 13:13:36,595 - INFO - Total Filtered records: 235
2025-03-12 13:13:36,998 - INFO - Filtered records to be inserted into database: 0
2025-03-12 13:13:36,998 - INFO - No new data to insert.
2025-03-12 13:13:37,006 - INFO - Finished
2025-03-12 13:18:35,284 - INFO - Started
2025-03-12 13:18:35,284 - INFO - Data fetched successfully.
2025-03-12 13:18:35,670 - INFO - Total records fetched: 2139
2025-03-12 13:18:35,686 - INFO - Total Filtered records: 460
2025-03-12 13:18:36,065 - INFO - Filtered records to be inserted into database: 27
2025-03-12 13:18:36,117 - INFO - Finished
2025-03-12 13:23:36,033 - INFO - Started
2025-03-12 13:23:36,033 - INFO - Data fetched successfully.
2025-03-12 13:23:36,662 - INFO - Total records fetched: 2138
2025-03-12 13:23:36,694 - INFO - Total Filtered records: 44
2025-03-12 13:23:37,086 - INFO - Filtered records to be inserted into database: 1
2025-03-12 13:23:37,106 - INFO - Finished
2025-03-12 13:39:13,881 - INFO - Started
2025-03-12 13:39:13,881 - INFO - Data fetched successfully.
2025-03-12 13:39:14,877 - INFO - Total records fetched: 2081
2025-03-12 13:39:15,197 - INFO - Total Filtered records: 452
2025-03-12 13:39:17,008 - INFO - Filtered records to be inserted into database: 28
2025-03-12 13:39:17,159 - INFO - Finished
2025-03-12 14:33:14,611 - INFO - Started
2025-03-12 14:33:14,611 - INFO - Data fetched successfully.
2025-03-12 14:33:15,447 - INFO - Total records fetched: 1929
2025-03-12 14:33:15,608 - ERROR - An error occurred: type object 'VehicleLocation' has no attribute 'vehicle_id'
Traceback (most recent call last):
  File "c:\programs\project_1222086\DTC2025\rt_vehicle_location.py", line 73, in importRealTimeData
    stmt=session.query(VehicleLocation.vechile_id,func.max(VehicleLocation.start_datetime)).group_by(VehicleLocation.vehicle_id).all()
                                                                                                     ^^^^^^^^^^^^^^^^^^^^^^^^^^
AttributeError: type object 'VehicleLocation' has no attribute 'vehicle_id'. Did you mean: 'vechile_id'?
2025-03-12 14:33:15,623 - INFO - Finished
2025-03-12 14:34:52,441 - INFO - Started
2025-03-12 14:34:52,441 - INFO - Data fetched successfully.
2025-03-12 14:34:53,095 - INFO - Total records fetched: 1929
2025-03-12 14:34:53,379 - INFO - Finished
2025-03-12 14:37:59,274 - INFO - Started
2025-03-12 14:37:59,277 - INFO - Data fetched successfully.
2025-03-12 14:38:00,124 - INFO - Total records fetched: 1947
2025-03-12 14:38:00,188 - INFO - Finished
2025-03-12 14:39:01,389 - INFO - Started
2025-03-12 14:39:01,389 - INFO - Data fetched successfully.
2025-03-12 14:39:02,187 - INFO - Total records fetched: 1957
2025-03-12 14:39:02,230 - ERROR - An error occurred: strptime() argument 1 must be str, not datetime.datetime
Traceback (most recent call last):
  File "c:\programs\project_1222086\DTC2025\rt_vehicle_location.py", line 76, in importRealTimeData
    dir={vehicle_id:datetime.strptime(latest_start_datetime, "%Y-%m-%d %H:%M:%S") for vehicle_id, latest_start_datetime in stmt }
                    ^^^^^^^^^^^^^^^^^^^^^^^^^^^^^^^^^^^^^^^^^^^^^^^^^^^^^^^^^^^^^
TypeError: strptime() argument 1 must be str, not datetime.datetime
2025-03-12 14:39:02,240 - INFO - Finished
2025-03-12 14:40:04,558 - INFO - Started
2025-03-12 14:40:04,558 - INFO - Data fetched successfully.
2025-03-12 14:40:04,862 - INFO - Total records fetched: 0
2025-03-12 14:40:04,961 - INFO - Finished
2025-03-12 14:43:58,232 - INFO - Started
2025-03-12 14:43:58,232 - INFO - Data fetched successfully.
2025-03-12 14:43:58,605 - INFO - Total records fetched: 1960
2025-03-12 14:43:58,691 - INFO - Finished
2025-03-12 14:47:37,411 - INFO - Started
2025-03-12 14:47:37,411 - INFO - Data fetched successfully.
2025-03-12 14:47:37,772 - INFO - Total records fetched: 1992
2025-03-12 14:47:37,810 - ERROR - An error occurred: 'vehicle_id'
Traceback (most recent call last):
  File "c:\programs\project_1222086\DTC2025\rt_vehicle_location.py", line 76, in importRealTimeData
    print(dir["vehicle_id"])
          ~~~^^^^^^^^^^^^^^
KeyError: 'vehicle_id'
2025-03-12 14:47:37,826 - INFO - Finished
2025-03-12 14:48:14,429 - INFO - Started
2025-03-12 14:48:14,429 - INFO - Data fetched successfully.
2025-03-12 14:48:15,039 - INFO - Total records fetched: 1993
2025-03-12 14:48:15,054 - ERROR - An error occurred: 'vehicle_id'
Traceback (most recent call last):
  File "c:\programs\project_1222086\DTC2025\rt_vehicle_location.py", line 76, in importRealTimeData
    print(dir['vehicle_id'])
          ~~~^^^^^^^^^^^^^^
KeyError: 'vehicle_id'
2025-03-12 14:48:15,054 - INFO - Finished
2025-03-12 14:49:26,740 - INFO - Started
2025-03-12 14:49:26,740 - INFO - Data fetched successfully.
2025-03-12 14:49:27,502 - INFO - Total records fetched: 1994
2025-03-12 14:49:27,571 - INFO - Finished
2025-03-12 14:57:56,213 - INFO - Started
2025-03-12 14:57:56,213 - INFO - Data fetched successfully.
2025-03-12 14:57:56,941 - INFO - Total records fetched: 1974
2025-03-12 14:57:56,989 - ERROR - An error occurred: 'str' object has no attribute 'strftime'
Traceback (most recent call last):
  File "c:\programs\project_1222086\DTC2025\rt_vehicle_location.py", line 79, in importRealTimeData
    if row['vehicle_id'] in dir and dir[row['vehicle_id']]<row["start_datetime"].strftime('%Y-%m-%d %H:%M:%S'):
                                                           ^^^^^^^^^^^^^^^^^^^^^^^^^^^^^^
AttributeError: 'str' object has no attribute 'strftime'
2025-03-12 14:57:57,004 - INFO - Finished
2025-03-12 15:00:07,707 - INFO - Started
2025-03-12 15:00:07,707 - INFO - Data fetched successfully.
2025-03-12 15:00:08,372 - INFO - Total records fetched: 1971
2025-03-12 15:00:08,405 - ERROR - An error occurred: 'DL1PD0825'
Traceback (most recent call last):
  File "c:\programs\project_1222086\DTC2025\rt_vehicle_location.py", line 80, in importRealTimeData
    print(dir[row['vehicle_id']])
          ~~~^^^^^^^^^^^^^^^^^^^
KeyError: 'DL1PD0825'
2025-03-12 15:00:08,407 - INFO - Finished
2025-03-12 15:02:37,402 - INFO - Started
2025-03-12 15:02:37,402 - INFO - Data fetched successfully.
2025-03-12 15:02:37,808 - INFO - Total records fetched: 1961
2025-03-12 15:02:37,858 - INFO - Finished
2025-03-12 15:02:53,976 - INFO - Started
2025-03-12 15:02:53,976 - INFO - Data fetched successfully.
2025-03-12 15:02:54,772 - INFO - Total records fetched: 1960
2025-03-12 15:02:54,829 - INFO - Finished
2025-03-12 15:03:33,852 - INFO - Started
2025-03-12 15:03:33,852 - INFO - Data fetched successfully.
2025-03-12 15:03:34,238 - INFO - Total records fetched: 1960
2025-03-12 15:03:34,321 - INFO - Finished
2025-03-12 15:09:57,571 - INFO - Started
2025-03-12 15:09:57,571 - INFO - Data fetched successfully.
2025-03-12 15:09:58,519 - INFO - Total records fetched: 1967
2025-03-12 15:09:58,583 - INFO - Finished
2025-03-12 15:11:45,074 - INFO - Started
2025-03-12 15:11:45,074 - INFO - Data fetched successfully.
2025-03-12 15:11:45,507 - INFO - Total records fetched: 1968
2025-03-12 15:11:45,552 - ERROR - An error occurred: 'DL1PD4319'
Traceback (most recent call last):
  File "c:\programs\project_1222086\DTC2025\rt_vehicle_location.py", line 79, in importRealTimeData
    print(dir[row['vehicle_id']])
          ~~~^^^^^^^^^^^^^^^^^^^
KeyError: 'DL1PD4319'
2025-03-12 15:11:45,552 - INFO - Finished
2025-03-12 15:12:29,542 - INFO - Started
2025-03-12 15:12:29,542 - INFO - Data fetched successfully.
2025-03-12 15:12:29,971 - INFO - Total records fetched: 1971
2025-03-12 15:12:30,059 - ERROR - An error occurred: "row['vehicle_id']"
Traceback (most recent call last):
  File "c:\programs\project_1222086\DTC2025\rt_vehicle_location.py", line 79, in importRealTimeData
    print(dir["row['vehicle_id']"])
          ~~~^^^^^^^^^^^^^^^^^^^^^
KeyError: "row['vehicle_id']"
2025-03-12 15:12:30,061 - INFO - Finished
2025-03-12 15:14:10,159 - INFO - Started
2025-03-12 15:14:10,159 - INFO - Data fetched successfully.
2025-03-12 15:14:11,084 - INFO - Total records fetched: 1970
2025-03-12 15:14:11,145 - ERROR - An error occurred: 'DL1PD4222'
Traceback (most recent call last):
  File "c:\programs\project_1222086\DTC2025\rt_vehicle_location.py", line 81, in importRealTimeData
    print(dir[search])
          ~~~^^^^^^^^
KeyError: 'DL1PD4222'
2025-03-12 15:14:11,148 - INFO - Finished
2025-03-12 15:14:44,057 - INFO - Started
2025-03-12 15:14:44,057 - INFO - Data fetched successfully.
2025-03-12 15:14:44,975 - INFO - Total records fetched: 1973
2025-03-12 15:14:45,027 - ERROR - An error occurred: 'search'
Traceback (most recent call last):
  File "c:\programs\project_1222086\DTC2025\rt_vehicle_location.py", line 81, in importRealTimeData
    print(dir["search"])
          ~~~^^^^^^^^^^
KeyError: 'search'
2025-03-12 15:14:45,031 - INFO - Finished
2025-03-12 15:16:24,975 - INFO - Started
2025-03-12 15:16:24,975 - INFO - Data fetched successfully.
2025-03-12 15:16:25,720 - INFO - Total records fetched: 1976
2025-03-12 15:16:25,783 - ERROR - An error occurred: 'DL1PD0819'
Traceback (most recent call last):
  File "c:\programs\project_1222086\DTC2025\rt_vehicle_location.py", line 81, in importRealTimeData
    print(dir[search])  # Use the variable directly, not as a string literal
          ~~~^^^^^^^^
KeyError: 'DL1PD0819'
2025-03-12 15:16:25,798 - INFO - Finished
2025-03-12 15:18:37,076 - INFO - Started
2025-03-12 15:18:37,076 - INFO - Data fetched successfully.
2025-03-12 15:18:38,054 - INFO - Total records fetched: 1977
2025-03-12 15:18:38,078 - INFO - Finished
2025-03-12 15:19:57,063 - INFO - Started
2025-03-12 15:19:57,063 - INFO - Data fetched successfully.
2025-03-12 15:19:57,694 - INFO - Total records fetched: 1976
2025-03-12 15:19:57,764 - INFO - Total Filtered records: 241
2025-03-12 15:19:57,764 - INFO - Finished
2025-03-12 15:21:03,349 - INFO - Started
2025-03-12 15:21:03,349 - INFO - Data fetched successfully.
2025-03-12 15:21:04,303 - INFO - Total records fetched: 1972
2025-03-12 15:21:04,344 - INFO - Total Filtered records: 0
2025-03-12 15:21:04,353 - INFO - Finished
2025-03-12 15:21:34,317 - INFO - Started
2025-03-12 15:21:34,317 - INFO - Data fetched successfully.
2025-03-12 15:21:34,675 - INFO - Total records fetched: 0
2025-03-12 15:21:34,746 - INFO - Total Filtered records: 0
2025-03-12 15:21:34,746 - INFO - Finished
2025-03-12 15:22:47,454 - INFO - Started
2025-03-12 15:22:47,454 - INFO - Data fetched successfully.
2025-03-12 15:22:48,345 - INFO - Total records fetched: 1967
2025-03-12 15:24:18,108 - INFO - Started
2025-03-12 15:24:18,108 - INFO - Data fetched successfully.
2025-03-12 15:24:18,737 - INFO - Total records fetched: 1980
2025-03-12 15:24:18,827 - INFO - Total Filtered records: 0
2025-03-12 15:24:18,827 - INFO - Finished
2025-03-12 15:25:47,986 - INFO - Started
2025-03-12 15:25:47,986 - INFO - Data fetched successfully.
2025-03-12 15:25:48,724 - INFO - Total records fetched: 1981
2025-03-12 15:25:48,780 - INFO - Total Filtered records: 247
2025-03-12 15:25:49,308 - INFO - Finished
2025-03-12 15:26:14,918 - INFO - Started
2025-03-12 15:26:14,918 - INFO - Data fetched successfully.
2025-03-12 15:26:15,700 - INFO - Total records fetched: 1982
2025-03-12 15:26:15,733 - INFO - Total Filtered records: 247
2025-03-12 15:26:16,465 - INFO - Finished
2025-03-12 15:27:58,566 - INFO - Started
2025-03-12 15:27:58,566 - INFO - Data fetched successfully.
2025-03-12 15:27:59,414 - INFO - Total records fetched: 1981
2025-03-12 15:27:59,468 - INFO - Total Filtered records: 247
2025-03-12 15:27:59,852 - ERROR - An error occurred: tuple indices must be integers or slices, not str
Traceback (most recent call last):
  File "c:\programs\project_1222086\DTC2025\rt_vehicle_location.py", line 83, in importRealTimeData
    tripsSet = {row['trip_id'] for row in result}
                ~~~^^^^^^^^^^^
  File "lib\\sqlalchemy\\cyextension\\resultproxy.pyx", line 54, in sqlalchemy.cyextension.resultproxy.BaseRow.__getitem__
TypeError: tuple indices must be integers or slices, not str
2025-03-12 15:27:59,862 - INFO - Finished
2025-03-12 15:32:34,651 - INFO - Started
2025-03-12 15:32:34,651 - INFO - Data fetched successfully.
2025-03-12 15:32:35,417 - INFO - Total records fetched: 2000
2025-03-12 15:32:35,467 - INFO - Total Filtered records: 251
2025-03-12 15:32:36,231 - INFO - Finished
2025-03-12 15:33:06,311 - INFO - Started
2025-03-12 15:33:06,311 - INFO - Data fetched successfully.
2025-03-12 15:33:06,950 - INFO - Total records fetched: 2018
2025-03-12 15:33:06,974 - INFO - Total Filtered records: 252
2025-03-12 15:33:07,611 - ERROR - An error occurred: tuple indices must be integers or slices, not str
Traceback (most recent call last):
  File "c:\programs\project_1222086\DTC2025\rt_vehicle_location.py", line 84, in importRealTimeData
    tripsSet = {row['trip_id'] for row in result}
                ~~~^^^^^^^^^^^
  File "lib\\sqlalchemy\\cyextension\\resultproxy.pyx", line 54, in sqlalchemy.cyextension.resultproxy.BaseRow.__getitem__
TypeError: tuple indices must be integers or slices, not str
2025-03-12 15:33:07,628 - INFO - Finished
2025-03-12 15:34:04,391 - INFO - Started
2025-03-12 15:34:04,391 - INFO - Data fetched successfully.
2025-03-12 15:34:04,842 - INFO - Total records fetched: 488
2025-03-12 15:34:04,851 - INFO - Total Filtered records: 59
2025-03-12 15:34:05,535 - INFO - Finished
2025-03-12 15:35:22,826 - INFO - Started
2025-03-12 15:35:22,826 - INFO - Data fetched successfully.
2025-03-12 15:35:23,649 - INFO - Total records fetched: 2019
2025-03-12 15:35:23,711 - INFO - Total Filtered records: 253
2025-03-12 15:35:24,229 - INFO - Filtered records to be inserted into database: 29
2025-03-12 15:35:24,232 - INFO - Finished
2025-03-12 15:40:24,122 - INFO - Started
2025-03-12 15:40:24,122 - INFO - Data fetched successfully.
2025-03-12 15:40:25,155 - INFO - Total records fetched: 2053
2025-03-12 15:40:25,212 - INFO - Total Filtered records: 264
2025-03-12 15:40:25,721 - INFO - Filtered records to be inserted into database: 29
2025-03-12 15:40:25,733 - INFO - Finished
2025-03-12 15:41:32,235 - INFO - Started
2025-03-12 15:41:32,235 - INFO - Data fetched successfully.
2025-03-12 15:41:32,965 - INFO - Total records fetched: 2061
2025-03-12 15:41:32,997 - INFO - Total Filtered records: 265
2025-03-12 15:41:33,605 - INFO - Filtered records to be inserted into database: 30
2025-03-12 15:41:33,622 - ERROR - An error occurred: Not an executable object: [('DL1PC6608', datetime.datetime(2025, 3, 11, 23, 10, 17)), ('DL1PC6621', datetime.datetime(2025, 3, 12, 12, 40, 14)), ('DL1PC6629', datetime.datetime(2025, 3, 12, 10, 52, 22)), ('DL1PC6720', datetime.datetime(2025, 3, 11, 23, 10, 17)), ('DL1PC6722', datetime.datetime(2025, 3, 12, 11, 46, 1)), ('DL1PC6814', datetime.datetime(2025, 3, 11, 12, 10, 30)), ('DL1PC6816', datetime.datetime(2025, 3, 12, 10, 31, 58)), ('DL1PC6822', datetime.datetime(2025, 3, 12, 11, 44, 3)), ('DL1PC6823', datetime.datetime(2025, 3, 12, 12, 10, 57)), ('DL1PC6847', datetime.datetime(2025, 3, 11, 15, 37, 48)), ('DL1PC6904', datetime.datetime(2025, 3, 12, 10, 52, 22)), ('DL1PC6906', datetime.datetime(2025, 3, 12, 12, 22, 34)), ('DL1PC6937', datetime.datetime(2025, 3, 12, 13, 32, 2)), ('DL1PD0018', datetime.datetime(2025, 3, 12, 10, 15, 19)), ('DL1PD0021', datetime.datetime(2025, 3, 12, 13, 15, 20)), ('DL1PD0026', datetime.datetime(2025, 3, 12, 12, 30, 14)), ('DL1PD0035', datetime.datetime(2025, 3, 11, 13, 33, 11)), ('DL1PD0072', datetime.datetime(2025, 3, 12, 11, 27, 46)), ('DL1PD0073', datetime.datetime(2025, 3, 12, 10, 24, 59)), ('DL1PD0075', datetime.datetime(2025, 3, 12, 13, 33, 7)), ('DL1PD0090', datetime.datetime(2025, 3, 12, 11, 10, 5)), ('DL1PD0094', datetime.datetime(2025, 3, 11, 23, 10, 17)), ('DL1PD0214', datetime.datetime(2025, 3, 11, 12, 57, 35)), ('DL1PD0217', datetime.datetime(2025, 3, 12, 11, 18, 40)), ('DL1PD0220', datetime.datetime(2025, 3, 11, 13, 14, 51)), ('DL1PD0292', datetime.datetime(2025, 3, 11, 22, 34, 7)), ('DL1PD0329', datetime.datetime(2025, 3, 12, 11, 10, 5)), ('DL1PD0333', datetime.datetime(2025, 3, 12, 11, 10, 5)), ('DL1PD0336', datetime.datetime(2025, 3, 11, 14, 1, 16)), ('DL1PD0553', datetime.datetime(2025, 3, 11, 22, 24, 57)), ('DL1PD0604', datetime.datetime(2025, 3, 12, 10, 34, 7)), ('DL1PD0617', datetime.datetime(2025, 3, 12, 13, 33, 7)), ('DL1PD0622', datetime.datetime(2025, 3, 12, 12, 12, 1)), ('DL1PD0630', datetime.datetime(2025, 3, 11, 13, 25, 10)), ('DL1PD0648', datetime.datetime(2025, 3, 12, 12, 56, 59)), ('DL1PD0653', datetime.datetime(2025, 3, 12, 11, 18, 39)), ('DL1PD0689', datetime.datetime(2025, 3, 11, 13, 52, 12)), ('DL1PD0691', datetime.datetime(2025, 3, 12, 13, 16, 14)), ('DL1PD0692', datetime.datetime(2025, 3, 12, 12, 22, 34)), ('DL1PD0700', datetime.datetime(2025, 3, 12, 13, 15, 20)), ('DL1PD0723', datetime.datetime(2025, 3, 12, 13, 15, 20)), ('DL1PD0830', datetime.datetime(2025, 3, 12, 10, 15, 19)), ('DL1PD0836', datetime.datetime(2025, 3, 11, 12, 30, 19)), ('DL1PD0853', datetime.datetime(2025, 3, 11, 11, 45, 20)), ('DL1PD0857', datetime.datetime(2025, 3, 11, 11, 45, 19)), ('DL1PD0869', datetime.datetime(2025, 3, 11, 11, 27, 38)), ('DL1PD0922', datetime.datetime(2025, 3, 12, 11, 28, 51)), ('DL1PD0998', datetime.datetime(2025, 3, 12, 10, 52, 22)), ('DL1PD0999', datetime.datetime(2025, 3, 12, 10, 16, 24)), ('DL1PD1001', datetime.datetime(2025, 3, 12, 11, 55, 14)), ('DL1PD1004', datetime.datetime(2025, 3, 12, 11, 55, 14)), ('DL1PD1015', datetime.datetime(2025, 3, 12, 11, 55, 14)), ('DL1PD1017', datetime.datetime(2025, 3, 11, 11, 55, 20)), ('DL1PD1024', datetime.datetime(2025, 3, 11, 12, 31, 23)), ('DL1PD1034', datetime.datetime(2025, 3, 12, 13, 16, 14)), ('DL1PD1060', datetime.datetime(2025, 3, 12, 11, 55, 13)), ('DL1PD1099', datetime.datetime(2025, 3, 12, 10, 52, 22)), ('DL1PD1130', datetime.datetime(2025, 3, 12, 11, 46, 1)), ('DL1PD1164', datetime.datetime(2025, 3, 12, 11, 55, 14)), ('DL1PD1177', datetime.datetime(2025, 3, 12, 11, 55, 14)), ('DL1PD1199', datetime.datetime(2025, 3, 11, 10, 16, 8)), ('DL1PD1329', datetime.datetime(2025, 3, 12, 12, 40, 14)), ('DL1PD1339', datetime.datetime(2025, 3, 12, 11, 55, 14)), ('DL1PD1351', datetime.datetime(2025, 3, 12, 11, 55, 13)), ('DL1PD1475', datetime.datetime(2025, 3, 12, 11, 55, 14)), ('DL1PD1477', datetime.datetime(2025, 3, 11, 23, 10, 17)), ('DL1PD1478', datetime.datetime(2025, 3, 11, 13, 52, 12)), ('DL1PD1536', datetime.datetime(2025, 3, 12, 12, 31, 8)), ('DL1PD1542', datetime.datetime(2025, 3, 11, 13, 34, 15)), ('DL1PD1566', datetime.datetime(2025, 3, 11, 13, 15, 56)), ('DL1PD1696', datetime.datetime(2025, 3, 12, 11, 20, 38)), ('DL1PD2155', datetime.datetime(2025, 3, 12, 13, 25, 29)), ('DL1PD2280', datetime.datetime(2025, 3, 12, 13, 25, 29)), ('DL1PD2284', datetime.datetime(2025, 3, 12, 12, 38, 16)), ('DL1PD2300', datetime.datetime(2025, 3, 12, 13, 35, 15)), ('DL1PD2363', datetime.datetime(2025, 3, 12, 13, 35, 15)), ('DL1PD2380', datetime.datetime(2025, 3, 11, 13, 35, 51)), ('DL1PD2384', datetime.datetime(2025, 3, 12, 11, 37, 58)), ('DL1PD2396', datetime.datetime(2025, 3, 12, 13, 17, 18)), ('DL1PD2492', datetime.datetime(2025, 3, 12, 13, 16, 14)), ('DL1PD2495', datetime.datetime(2025, 3, 12, 10, 53, 16)), ('DL1PD2514', datetime.datetime(2025, 3, 12, 13, 35, 15)), ('DL1PD2525', datetime.datetime(2025, 3, 12, 11, 55, 14)), ('DL1PD2539', datetime.datetime(2025, 3, 12, 11, 55, 14)), ('DL1PD2561', datetime.datetime(2025, 3, 12, 12, 22, 34)), ('DL1PD2568', datetime.datetime(2025, 3, 11, 12, 50, 29)), ('DL1PD2581', datetime.datetime(2025, 3, 12, 13, 35, 15)), ('DL1PD2586', datetime.datetime(2025, 3, 12, 12, 23, 39)), ('DL1PD2596', datetime.datetime(2025, 3, 11, 13, 26, 4)), ('DL1PD2614', datetime.datetime(2025, 3, 12, 10, 35)), ('DL1PD2623', datetime.datetime(2025, 3, 12, 10, 25, 53)), ('DL1PD2644', datetime.datetime(2025, 3, 11, 13, 26, 4)), ('DL1PD2682', datetime.datetime(2025, 3, 12, 13, 35, 15)), ('DL1PD2698', datetime.datetime(2025, 3, 12, 11, 37, 58)), ('DL1PD2712', datetime.datetime(2025, 3, 12, 13, 25, 29)), ('DL1PD2753', datetime.datetime(2025, 3, 12, 13, 17, 18)), ('DL1PD2759', datetime.datetime(2025, 3, 12, 12, 58, 57)), ('DL1PD2762', datetime.datetime(2025, 3, 11, 13, 35, 51)), ('DL1PD2809', datetime.datetime(2025, 3, 11, 13, 17)), ('DL1PD2835', datetime.datetime(2025, 3, 12, 13, 35, 15)), ('DL1PD2855', datetime.datetime(2025, 3, 11, 12, 59, 44)), ('DL1PD2878', datetime.datetime(2025, 3, 12, 13, 17, 19)), ('DL1PD2944', datetime.datetime(2025, 3, 12, 10, 35)), ('DL1PD2969', datetime.datetime(2025, 3, 12, 12, 32, 12)), ('DL1PD2983', datetime.datetime(2025, 3, 12, 10, 25, 53)), ('DL1PD3022', datetime.datetime(2025, 3, 11, 13, 35, 51)), ('DL1PD3023', datetime.datetime(2025, 3, 11, 13, 35, 51)), ('DL1PD3038', datetime.datetime(2025, 3, 12, 11, 37, 58)), ('DL1PD3189', datetime.datetime(2025, 3, 11, 13, 35, 51)), ('DL1PD3296', datetime.datetime(2025, 3, 12, 11, 20, 38)), ('DL1PD3344', datetime.datetime(2025, 3, 11, 12, 32, 18)), ('DL1PD3466', datetime.datetime(2025, 3, 12, 13, 17, 18)), ('DL1PD3471', datetime.datetime(2025, 3, 11, 13, 15, 56)), ('DL1PD3492', datetime.datetime(2025, 3, 12, 10, 25, 53)), ('DL1PD3594', datetime.datetime(2025, 3, 12, 10, 25, 53)), ('DL1PD3619', datetime.datetime(2025, 3, 12, 12, 38, 17)), ('DL1PD3638', datetime.datetime(2025, 3, 12, 11, 37, 58)), ('DL1PD4080', datetime.datetime(2025, 3, 11, 19, 14, 19)), ('DL1PD4119', datetime.datetime(2025, 3, 12, 11, 44, 3)), ('DL1PD4154', datetime.datetime(2025, 3, 11, 12, 56, 42)), ('DL1PD4183', datetime.datetime(2025, 3, 12, 12, 12, 1)), ('DL1PD4188', datetime.datetime(2025, 3, 11, 13, 51, 7)), ('DL1PD4191', datetime.datetime(2025, 3, 12, 11, 55, 14)), ('DL1PD4212', datetime.datetime(2025, 3, 12, 13, 16, 14)), ('DL1PD4217', datetime.datetime(2025, 3, 12, 12, 40, 14)), ('DL1PD4229', datetime.datetime(2025, 3, 12, 11, 55, 13)), ('DL1PD4231', datetime.datetime(2025, 3, 12, 13, 23, 20)), ('DL1PD4233', datetime.datetime(2025, 3, 11, 22, 15, 47)), ('DL1PD4261', datetime.datetime(2025, 3, 12, 11, 55, 14)), ('DL1PD4262', datetime.datetime(2025, 3, 11, 12, 58, 40)), ('DL1PD4267', datetime.datetime(2025, 3, 11, 22, 15, 47)), ('DL1PD4268', datetime.datetime(2025, 3, 12, 12, 20, 36)), ('DL1PD4297', datetime.datetime(2025, 3, 12, 11, 55, 13)), ('DL1PD4299', datetime.datetime(2025, 3, 11, 13, 34, 15)), ('DL1PD4302', datetime.datetime(2025, 3, 12, 12, 12, 1)), ('DL1PD4305', datetime.datetime(2025, 3, 11, 21, 31, 41)), ('DL1PD4308', datetime.datetime(2025, 3, 12, 12, 30, 14)), ('DL1PD4310', datetime.datetime(2025, 3, 12, 10, 50, 12)), ('DL1PD4315', datetime.datetime(2025, 3, 12, 10, 51, 17)), ('DL1PD4317', datetime.datetime(2025, 3, 12, 13, 15, 20)), ('DL1PD4324', datetime.datetime(2025, 3, 11, 21, 22, 37)), ('DL1PD4326', datetime.datetime(2025, 3, 11, 18, 38, 22)), ('DL1PD4327', datetime.datetime(2025, 3, 11, 10, 15, 4)), ('DL1PD4340', datetime.datetime(2025, 3, 11, 19, 24, 30)), ('DL1PD4344', datetime.datetime(2025, 3, 12, 12, 30, 14)), ('DL1PD4362', datetime.datetime(2025, 3, 12, 10, 15, 19)), ('DL1PD4369', datetime.datetime(2025, 3, 11, 13, 33, 11)), ('DL1PD4370', datetime.datetime(2025, 3, 12, 12, 12, 56)), ('DL1PD4371', datetime.datetime(2025, 3, 12, 13, 15, 20)), ('DL1PD4374', datetime.datetime(2025, 3, 12, 12, 12, 56)), ('DL1PD4375', datetime.datetime(2025, 3, 11, 11, 45, 20)), ('DL1PD4430', datetime.datetime(2025, 3, 12, 12, 12, 55)), ('DL1PD4461', datetime.datetime(2025, 3, 12, 12, 40, 14)), ('DL1PD4463', datetime.datetime(2025, 3, 12, 12, 38, 16)), ('DL1PD4475', datetime.datetime(2025, 3, 12, 12, 12, 55)), ('DL1PD4484', datetime.datetime(2025, 3, 11, 13, 24, 6)), ('DL1PD4495', datetime.datetime(2025, 3, 12, 12, 56, 59)), ('DL1PD4507', datetime.datetime(2025, 3, 11, 13, 52, 12)), ('DL1PD4526', datetime.datetime(2025, 3, 11, 11, 37, 7)), ('DL1PD4543', datetime.datetime(2025, 3, 11, 12, 21, 13)), ('DL1PD4550', datetime.datetime(2025, 3, 12, 13, 33, 7)), ('DL1PD4558', datetime.datetime(2025, 3, 12, 13, 34, 11)), ('DL1PD4567', datetime.datetime(2025, 3, 11, 22, 24, 58)), ('DL1PD4577', datetime.datetime(2025, 3, 11, 11, 27, 38)), ('DL1PD4602', datetime.datetime(2025, 3, 12, 10, 51, 17)), ('DL1PD4606', datetime.datetime(2025, 3, 12, 11, 26, 42)), ('DL1PD4607', datetime.datetime(2025, 3, 12, 12, 46, 18)), ('DL1PD4613', datetime.datetime(2025, 3, 12, 12, 38, 16)), ('DL1PD4619', datetime.datetime(2025, 3, 12, 10, 15, 19)), ('DL1PD4639', datetime.datetime(2025, 3, 12, 12, 21, 30)), ('DL1PD4649', datetime.datetime(2025, 3, 12, 11, 26, 42)), ('DL1PD4668', datetime.datetime(2025, 3, 12, 11, 55, 14)), ('DL1PD4672', datetime.datetime(2025, 3, 11, 21, 30, 48)), ('DL1PD4675', datetime.datetime(2025, 3, 12, 12, 12, 1)), ('DL1PD4677', datetime.datetime(2025, 3, 12, 11, 55, 14)), ('DL1PD4692', datetime.datetime(2025, 3, 11, 22, 34, 7)), ('DL1PD4703', datetime.datetime(2025, 3, 11, 11, 37, 7)), ('DL1PD4710', datetime.datetime(2025, 3, 12, 12, 40, 14)), ('DL1PD4718', datetime.datetime(2025, 3, 11, 12, 39, 25)), ('DL1PD4728', datetime.datetime(2025, 3, 12, 13, 33, 7)), ('DL1PD4729', datetime.datetime(2025, 3, 11, 13, 42, 57)), ('DL1PD4750', datetime.datetime(2025, 3, 11, 22, 15, 47)), ('DL1PD4758', datetime.datetime(2025, 3, 11, 13, 15, 55)), ('DL1PD4764', datetime.datetime(2025, 3, 12, 12, 12, 55)), ('DL1PD4768', datetime.datetime(2025, 3, 12, 12, 22, 34)), ('DL1PD4776', datetime.datetime(2025, 3, 12, 12, 30, 14)), ('DL1PD4779', datetime.datetime(2025, 3, 11, 22, 50, 49)), ('DL1PD4820', datetime.datetime(2025, 3, 11, 22, 50, 49)), ('DL1PD4840', datetime.datetime(2025, 3, 11, 12, 22, 17)), ('DL1PD4843', datetime.datetime(2025, 3, 11, 12, 57, 36)), ('DL1PD4905', datetime.datetime(2025, 3, 11, 21, 22, 27)), ('DL1PD4920', datetime.datetime(2025, 3, 12, 13, 15, 20)), ('DL1PD4927', datetime.datetime(2025, 3, 11, 12, 13, 11)), ('DL1PD4929', datetime.datetime(2025, 3, 12, 12, 12, 1)), ('DL1PD4940', datetime.datetime(2025, 3, 12, 10, 51, 17)), ('DL1PD4948', datetime.datetime(2025, 3, 12, 13, 15, 20)), ('DL1PD4954', datetime.datetime(2025, 3, 11, 21, 31, 41)), ('DL1PD4956', datetime.datetime(2025, 3, 11, 20, 54, 41)), ('DL1PD4965', datetime.datetime(2025, 3, 11, 12, 57, 36)), ('DL1PD4979', datetime.datetime(2025, 3, 12, 12, 31, 8)), ('DL1PD4986', datetime.datetime(2025, 3, 12, 12, 40, 14)), ('DL1PD5015', datetime.datetime(2025, 3, 12, 11, 36, 53)), ('DL1PD5023', datetime.datetime(2025, 3, 12, 10, 42, 9)), ('DL1PD5041', datetime.datetime(2025, 3, 12, 12, 30, 14)), ('DL1PD5051', datetime.datetime(2025, 3, 12, 10, 50, 12)), ('DL1PD5066', datetime.datetime(2025, 3, 11, 12, 30, 19)), ('DL1PD5067', datetime.datetime(2025, 3, 12, 13, 16, 14)), ('DL1PD5074', datetime.datetime(2025, 3, 12, 12, 48, 47)), ('DL1PD5078', datetime.datetime(2025, 3, 12, 11, 26, 42)), ('DL1PD5087', datetime.datetime(2025, 3, 12, 12, 56, 59)), ('DL1PD5111', datetime.datetime(2025, 3, 12, 12, 12, 1)), ('DL1PD5116', datetime.datetime(2025, 3, 12, 12, 10, 57)), ('DL1PD5124', datetime.datetime(2025, 3, 12, 13, 15, 20)), ('DL1PD5132', datetime.datetime(2025, 3, 12, 12, 30, 14)), ('DL1PD5164', datetime.datetime(2025, 3, 12, 12, 38, 16)), ('DL1PD5165', datetime.datetime(2025, 3, 12, 12, 30, 14)), ('DL1PD5178', datetime.datetime(2025, 3, 12, 12, 55, 55)), ('DL1PD5189', datetime.datetime(2025, 3, 12, 12, 56, 59)), ('DL1PD5206', datetime.datetime(2025, 3, 12, 12, 46, 18)), ('DL1PD5214', datetime.datetime(2025, 3, 11, 12, 46, 54)), ('DL1PD5219', datetime.datetime(2025, 3, 12, 11, 34, 55)), ('DL1PD5226', datetime.datetime(2025, 3, 11, 13, 42, 57)), ('DL1PD5231', datetime.datetime(2025, 3, 12, 12, 10, 57)), ('DL1PD5256', datetime.datetime(2025, 3, 12, 10, 33, 2)), ('DL1PD5264', datetime.datetime(2025, 3, 12, 12, 39, 20)), ('DL1PD5278', datetime.datetime(2025, 3, 12, 12, 12, 1)), ('DL1PD5286', datetime.datetime(2025, 3, 12, 12, 56, 59)), ('DL1PD5291', datetime.datetime(2025, 3, 11, 11, 54, 26)), ('DL1PD5293', datetime.datetime(2025, 3, 12, 12, 20, 37)), ('DL1PD5312', datetime.datetime(2025, 3, 12, 12, 30, 14)), ('DL1PD5319', datetime.datetime(2025, 3, 12, 12, 56, 59)), ('DL1PD5330', datetime.datetime(2025, 3, 11, 17, 45, 17)), ('DL1PD5353', datetime.datetime(2025, 3, 11, 12, 10, 30)), ('DL1PD5356', datetime.datetime(2025, 3, 12, 13, 15, 20)), ('DL1PD5358', datetime.datetime(2025, 3, 12, 11, 47, 5)), ('DL1PD5361', datetime.datetime(2025, 3, 12, 12, 46, 18)), ('DL1PD5372', datetime.datetime(2025, 3, 12, 10, 35)), ('DL1PD5382', datetime.datetime(2025, 3, 12, 10, 22, 50)), ('DL1PD5409', datetime.datetime(2025, 3, 11, 13, 42, 57)), ('DL1PD5428', datetime.datetime(2025, 3, 11, 13, 52, 12)), ('DL1PD5429', datetime.datetime(2025, 3, 12, 10, 51, 17)), ('DL1PD5452', datetime.datetime(2025, 3, 12, 12, 12, 55)), ('DL1PD5463', datetime.datetime(2025, 3, 12, 13, 14, 16)), ('DL1PD5469', datetime.datetime(2025, 3, 11, 13, 52, 12)), ('DL1PD5471', datetime.datetime(2025, 3, 12, 11, 26, 42)), ('DL1PD5505', datetime.datetime(2025, 3, 12, 12, 40, 14)), ('DL1PD5509', datetime.datetime(2025, 3, 12, 12, 10, 57)), ('DL1PD5518', datetime.datetime(2025, 3, 12, 11, 17, 35)), ('DL1PD5526', datetime.datetime(2025, 3, 12, 11, 44, 3)), ('DL1PD5551', datetime.datetime(2025, 3, 11, 12, 20, 8)), ('DL1PD5575', datetime.datetime(2025, 3, 12, 13, 16, 14)), ('DL1PD5593', datetime.datetime(2025, 3, 12, 10, 58, 27)), ('DL1PD5651', datetime.datetime(2025, 3, 12, 10, 25, 53)), ('DL1PD5652', datetime.datetime(2025, 3, 12, 12, 46, 18)), ('DL1PD5655', datetime.datetime(2025, 3, 11, 13, 40, 49)), ('DL1PD5658', datetime.datetime(2025, 3, 12, 11, 47, 5)), ('DL1PD5674', datetime.datetime(2025, 3, 12, 13, 32, 3)), ('DL1PD5675', datetime.datetime(2025, 3, 11, 13, 50, 3)), ('DL1PD5689', datetime.datetime(2025, 3, 11, 22, 15, 47)), ('DL1PD5695', datetime.datetime(2025, 3, 12, 12, 56, 59)), ('DL1PD5700', datetime.datetime(2025, 3, 12, 12, 39, 20)), ('DL1PD5708', datetime.datetime(2025, 3, 12, 12, 10, 57)), ('DL1PD5715', datetime.datetime(2025, 3, 11, 22, 15, 47)), ('DL1PD5718', datetime.datetime(2025, 3, 12, 11, 18, 39)), ('DL1PD5719', datetime.datetime(2025, 3, 11, 13, 14, 51)), ('DL1PD5725', datetime.datetime(2025, 3, 11, 12, 12, 7)), ('DL1PD5729', datetime.datetime(2025, 3, 12, 12, 30, 14)), ('DL1PD5735', datetime.datetime(2025, 3, 11, 12, 30, 20)), ('DL1PD5740', datetime.datetime(2025, 3, 11, 12, 29, 15)), ('DL1PD5757', datetime.datetime(2025, 3, 12, 11, 54, 10)), ('DL1PD5783', datetime.datetime(2025, 3, 12, 13, 24, 25)), ('DL1PD5785', datetime.datetime(2025, 3, 12, 12, 12, 1)), ('DL1PD5787', datetime.datetime(2025, 3, 11, 21, 57, 24)), ('DL1PD5788', datetime.datetime(2025, 3, 11, 22, 23, 54)), ('DL1PD5789', datetime.datetime(2025, 3, 11, 19, 24, 31)), ('DL1PD5792', datetime.datetime(2025, 3, 11, 12, 48, 31)), ('DL1PD5793', datetime.datetime(2025, 3, 11, 21, 30, 47)), ('DL1PD5795', datetime.datetime(2025, 3, 11, 21, 30, 48)), ('DL1PD5796', datetime.datetime(2025, 3, 12, 13, 24, 25)), ('DL1PD5797', datetime.datetime(2025, 3, 11, 21, 57, 24)), ('DL1PD5799', datetime.datetime(2025, 3, 11, 12, 48, 31)), ('DL1PD5801', datetime.datetime(2025, 3, 11, 22, 15, 47)), ('DL1PD5802', datetime.datetime(2025, 3, 11, 21, 48, 11)), ('DL1PD5806', datetime.datetime(2025, 3, 11, 12, 30, 19)), ('DL1PD5810', datetime.datetime(2025, 3, 11, 22, 15, 47)), ('DL1PD5821', datetime.datetime(2025, 3, 12, 13, 24, 25)), ('DL1PD5833', datetime.datetime(2025, 3, 12, 12, 48, 47)), ('DL1PD5836', datetime.datetime(2025, 3, 11, 22, 50, 49)), ('DL1PD5837', datetime.datetime(2025, 3, 11, 13, 24, 6)), ('DL1PD5859', datetime.datetime(2025, 3, 11, 13, 33, 11)), ('DL1PD5860', datetime.datetime(2025, 3, 11, 22, 15, 47)), ('DL1PD5875', datetime.datetime(2025, 3, 11, 20, 18, 16)), ('DL1PD5880', datetime.datetime(2025, 3, 12, 11, 36, 53)), ('DL1PD5884', datetime.datetime(2025, 3, 11, 13, 51, 8)), ('DL1PD5886', datetime.datetime(2025, 3, 12, 13, 15, 20)), ('DL1PD5887', datetime.datetime(2025, 3, 12, 12, 39, 20)), ('DL1PD5889', datetime.datetime(2025, 3, 12, 13, 33, 7)), ('DL1PD5891', datetime.datetime(2025, 3, 12, 13, 33, 7)), ('DL1PD5894', datetime.datetime(2025, 3, 11, 21, 48, 11)), ('DL1PD5895', datetime.datetime(2025, 3, 11, 22, 50, 49)), ('DL1PD5907', datetime.datetime(2025, 3, 11, 13, 14, 51)), ('DL1PD5908', datetime.datetime(2025, 3, 11, 22, 15, 47)), ('DL1PD5911', datetime.datetime(2025, 3, 12, 13, 15, 20)), ('DL1PD5913', datetime.datetime(2025, 3, 11, 13, 33, 11)), ('DL1PD5916', datetime.datetime(2025, 3, 12, 9, 47, 56)), ('DL1PD5917', datetime.datetime(2025, 3, 12, 9, 2, 49)), ('DL1PD5918', datetime.datetime(2025, 3, 12, 9, 57, 3)), ('DL1PD5919', datetime.datetime(2025, 3, 12, 10, 24, 59)), ('DL1PD5924', datetime.datetime(2025, 3, 11, 22, 50, 49)), ('DL1PD5937', datetime.datetime(2025, 3, 12, 13, 33, 7)), ('DL1PD5938', datetime.datetime(2025, 3, 12, 12, 39, 21)), ('DL1PD5939', datetime.datetime(2025, 3, 12, 12, 30, 14)), ('DL1PD5942', datetime.datetime(2025, 3, 12, 12, 48, 47)), ('DL1PD5946', datetime.datetime(2025, 3, 12, 12, 39, 20)), ('DL1PD5947', datetime.datetime(2025, 3, 11, 12, 57, 36)), ('DL1PD5949', datetime.datetime(2025, 3, 11, 22, 50, 49)), ('DL1PD5959', datetime.datetime(2025, 3, 11, 13, 33, 11)), ('DL1PD5961', datetime.datetime(2025, 3, 11, 22, 50, 49)), ('DL1PD5978', datetime.datetime(2025, 3, 11, 22, 50, 49)), ('DL1PD5985', datetime.datetime(2025, 3, 12, 13, 15, 20)), ('DL1PD5988', datetime.datetime(2025, 3, 12, 12, 30, 14)), ('DL1PD5991', datetime.datetime(2025, 3, 12, 13, 33, 7)), ('DL1PD5992', datetime.datetime(2025, 3, 12, 10, 42, 9)), ('DL1PD5997', datetime.datetime(2025, 3, 12, 12, 48, 47)), ('DL1PD5998', datetime.datetime(2025, 3, 11, 22, 50, 49)), ('DL1PD6010', datetime.datetime(2025, 3, 12, 12, 21, 30)), ('DL1PD6011', datetime.datetime(2025, 3, 12, 13, 33, 7)), ('DL1PD6014', datetime.datetime(2025, 3, 12, 13, 24, 25)), ('DL1PD6019', datetime.datetime(2025, 3, 12, 12, 30, 14)), ('DL1PD6021', datetime.datetime(2025, 3, 12, 13, 15, 20)), ('DL1PD6028', datetime.datetime(2025, 3, 12, 13, 33, 7)), ('DL1PD6033', datetime.datetime(2025, 3, 12, 13, 15, 20)), ('DL1PD6037', datetime.datetime(2025, 3, 11, 22, 50, 49)), ('DL1PD6041', datetime.datetime(2025, 3, 11, 21, 30, 47)), ('DL1PD6043', datetime.datetime(2025, 3, 11, 21, 30, 48)), ('DL1PD6044', datetime.datetime(2025, 3, 11, 12, 39, 25)), ('DL1PD6050', datetime.datetime(2025, 3, 11, 22, 50, 49)), ('DL1PD6051', datetime.datetime(2025, 3, 11, 22, 15, 47)), ('DL1PD6065', datetime.datetime(2025, 3, 12, 12, 30, 14)), ('DL1PD6071', datetime.datetime(2025, 3, 12, 10, 42, 9)), ('DL1PD6073', datetime.datetime(2025, 3, 11, 22, 15, 47)), ('DL1PD6086', datetime.datetime(2025, 3, 11, 22, 23, 54)), ('DL1PD6088', datetime.datetime(2025, 3, 11, 22, 50, 49)), ('DL1PD6089', datetime.datetime(2025, 3, 11, 22, 15, 47)), ('DL1PD6094', datetime.datetime(2025, 3, 12, 13, 33, 7)), ('DL1PD6107', datetime.datetime(2025, 3, 12, 11, 18, 39)), ('DL1PD6113', datetime.datetime(2025, 3, 12, 12, 30, 14)), ('DL1PD6116', datetime.datetime(2025, 3, 11, 22, 15, 47)), ('DL1PD6117', datetime.datetime(2025, 3, 11, 22, 15, 47)), ('DL1PD6118', datetime.datetime(2025, 3, 11, 13, 50, 3)), ('DL1PD6119', datetime.datetime(2025, 3, 11, 12, 20, 9)), ('DL1PD6128', datetime.datetime(2025, 3, 11, 22, 15, 47)), ('DL1PD6154', datetime.datetime(2025, 3, 11, 22, 50, 49)), ('DL1PD6157', datetime.datetime(2025, 3, 11, 22, 50, 49)), ('DL1PD6160', datetime.datetime(2025, 3, 12, 12, 48, 47)), ('DL1PD6163', datetime.datetime(2025, 3, 12, 13, 33, 7)), ('DL1PD6173', datetime.datetime(2025, 3, 11, 22, 15, 47)), ('DL1PD6191', datetime.datetime(2025, 3, 12, 10, 41, 5)), ('DL1PD6219', datetime.datetime(2025, 3, 12, 10, 42, 9)), ('DL1PD6233', datetime.datetime(2025, 3, 11, 12, 10, 30)), ('DL1PD6241', datetime.datetime(2025, 3, 11, 22, 40, 48)), ('DL1PD6395', datetime.datetime(2025, 3, 12, 10, 15, 19)), ('DL1PD6401', datetime.datetime(2025, 3, 12, 13, 15, 20)), ('DL51EV4373', datetime.datetime(2025, 3, 12, 11, 20, 38)), ('DL51EV4400', datetime.datetime(2025, 3, 11, 12, 32, 17)), ('DL51GD0249', datetime.datetime(2025, 3, 12, 12, 58, 57)), ('DL51GD1799', datetime.datetime(2025, 3, 12, 10, 35)), ('DL51GD2400', datetime.datetime(2025, 3, 12, 12, 32, 12)), ('DL51GD4003', datetime.datetime(2025, 3, 12, 12, 12, 55))]
Traceback (most recent call last):
  File "C:\Users\Asus\AppData\Local\Programs\Python\Python312\Lib\site-packages\sqlalchemy\engine\base.py", line 1414, in execute
    meth = statement._execute_on_connection
           ^^^^^^^^^^^^^^^^^^^^^^^^^^^^^^^^
AttributeError: 'list' object has no attribute '_execute_on_connection'

The above exception was the direct cause of the following exception:

Traceback (most recent call last):
  File "c:\programs\project_1222086\DTC2025\rt_vehicle_location.py", line 92, in importRealTimeData
    conn.execute(stmt)
  File "C:\Users\Asus\AppData\Local\Programs\Python\Python312\Lib\site-packages\sqlalchemy\engine\base.py", line 1416, in execute
    raise exc.ObjectNotExecutableError(statement) from err
sqlalchemy.exc.ObjectNotExecutableError: Not an executable object: [('DL1PC6608', datetime.datetime(2025, 3, 11, 23, 10, 17)), ('DL1PC6621', datetime.datetime(2025, 3, 12, 12, 40, 14)), ('DL1PC6629', datetime.datetime(2025, 3, 12, 10, 52, 22)), ('DL1PC6720', datetime.datetime(2025, 3, 11, 23, 10, 17)), ('DL1PC6722', datetime.datetime(2025, 3, 12, 11, 46, 1)), ('DL1PC6814', datetime.datetime(2025, 3, 11, 12, 10, 30)), ('DL1PC6816', datetime.datetime(2025, 3, 12, 10, 31, 58)), ('DL1PC6822', datetime.datetime(2025, 3, 12, 11, 44, 3)), ('DL1PC6823', datetime.datetime(2025, 3, 12, 12, 10, 57)), ('DL1PC6847', datetime.datetime(2025, 3, 11, 15, 37, 48)), ('DL1PC6904', datetime.datetime(2025, 3, 12, 10, 52, 22)), ('DL1PC6906', datetime.datetime(2025, 3, 12, 12, 22, 34)), ('DL1PC6937', datetime.datetime(2025, 3, 12, 13, 32, 2)), ('DL1PD0018', datetime.datetime(2025, 3, 12, 10, 15, 19)), ('DL1PD0021', datetime.datetime(2025, 3, 12, 13, 15, 20)), ('DL1PD0026', datetime.datetime(2025, 3, 12, 12, 30, 14)), ('DL1PD0035', datetime.datetime(2025, 3, 11, 13, 33, 11)), ('DL1PD0072', datetime.datetime(2025, 3, 12, 11, 27, 46)), ('DL1PD0073', datetime.datetime(2025, 3, 12, 10, 24, 59)), ('DL1PD0075', datetime.datetime(2025, 3, 12, 13, 33, 7)), ('DL1PD0090', datetime.datetime(2025, 3, 12, 11, 10, 5)), ('DL1PD0094', datetime.datetime(2025, 3, 11, 23, 10, 17)), ('DL1PD0214', datetime.datetime(2025, 3, 11, 12, 57, 35)), ('DL1PD0217', datetime.datetime(2025, 3, 12, 11, 18, 40)), ('DL1PD0220', datetime.datetime(2025, 3, 11, 13, 14, 51)), ('DL1PD0292', datetime.datetime(2025, 3, 11, 22, 34, 7)), ('DL1PD0329', datetime.datetime(2025, 3, 12, 11, 10, 5)), ('DL1PD0333', datetime.datetime(2025, 3, 12, 11, 10, 5)), ('DL1PD0336', datetime.datetime(2025, 3, 11, 14, 1, 16)), ('DL1PD0553', datetime.datetime(2025, 3, 11, 22, 24, 57)), ('DL1PD0604', datetime.datetime(2025, 3, 12, 10, 34, 7)), ('DL1PD0617', datetime.datetime(2025, 3, 12, 13, 33, 7)), ('DL1PD0622', datetime.datetime(2025, 3, 12, 12, 12, 1)), ('DL1PD0630', datetime.datetime(2025, 3, 11, 13, 25, 10)), ('DL1PD0648', datetime.datetime(2025, 3, 12, 12, 56, 59)), ('DL1PD0653', datetime.datetime(2025, 3, 12, 11, 18, 39)), ('DL1PD0689', datetime.datetime(2025, 3, 11, 13, 52, 12)), ('DL1PD0691', datetime.datetime(2025, 3, 12, 13, 16, 14)), ('DL1PD0692', datetime.datetime(2025, 3, 12, 12, 22, 34)), ('DL1PD0700', datetime.datetime(2025, 3, 12, 13, 15, 20)), ('DL1PD0723', datetime.datetime(2025, 3, 12, 13, 15, 20)), ('DL1PD0830', datetime.datetime(2025, 3, 12, 10, 15, 19)), ('DL1PD0836', datetime.datetime(2025, 3, 11, 12, 30, 19)), ('DL1PD0853', datetime.datetime(2025, 3, 11, 11, 45, 20)), ('DL1PD0857', datetime.datetime(2025, 3, 11, 11, 45, 19)), ('DL1PD0869', datetime.datetime(2025, 3, 11, 11, 27, 38)), ('DL1PD0922', datetime.datetime(2025, 3, 12, 11, 28, 51)), ('DL1PD0998', datetime.datetime(2025, 3, 12, 10, 52, 22)), ('DL1PD0999', datetime.datetime(2025, 3, 12, 10, 16, 24)), ('DL1PD1001', datetime.datetime(2025, 3, 12, 11, 55, 14)), ('DL1PD1004', datetime.datetime(2025, 3, 12, 11, 55, 14)), ('DL1PD1015', datetime.datetime(2025, 3, 12, 11, 55, 14)), ('DL1PD1017', datetime.datetime(2025, 3, 11, 11, 55, 20)), ('DL1PD1024', datetime.datetime(2025, 3, 11, 12, 31, 23)), ('DL1PD1034', datetime.datetime(2025, 3, 12, 13, 16, 14)), ('DL1PD1060', datetime.datetime(2025, 3, 12, 11, 55, 13)), ('DL1PD1099', datetime.datetime(2025, 3, 12, 10, 52, 22)), ('DL1PD1130', datetime.datetime(2025, 3, 12, 11, 46, 1)), ('DL1PD1164', datetime.datetime(2025, 3, 12, 11, 55, 14)), ('DL1PD1177', datetime.datetime(2025, 3, 12, 11, 55, 14)), ('DL1PD1199', datetime.datetime(2025, 3, 11, 10, 16, 8)), ('DL1PD1329', datetime.datetime(2025, 3, 12, 12, 40, 14)), ('DL1PD1339', datetime.datetime(2025, 3, 12, 11, 55, 14)), ('DL1PD1351', datetime.datetime(2025, 3, 12, 11, 55, 13)), ('DL1PD1475', datetime.datetime(2025, 3, 12, 11, 55, 14)), ('DL1PD1477', datetime.datetime(2025, 3, 11, 23, 10, 17)), ('DL1PD1478', datetime.datetime(2025, 3, 11, 13, 52, 12)), ('DL1PD1536', datetime.datetime(2025, 3, 12, 12, 31, 8)), ('DL1PD1542', datetime.datetime(2025, 3, 11, 13, 34, 15)), ('DL1PD1566', datetime.datetime(2025, 3, 11, 13, 15, 56)), ('DL1PD1696', datetime.datetime(2025, 3, 12, 11, 20, 38)), ('DL1PD2155', datetime.datetime(2025, 3, 12, 13, 25, 29)), ('DL1PD2280', datetime.datetime(2025, 3, 12, 13, 25, 29)), ('DL1PD2284', datetime.datetime(2025, 3, 12, 12, 38, 16)), ('DL1PD2300', datetime.datetime(2025, 3, 12, 13, 35, 15)), ('DL1PD2363', datetime.datetime(2025, 3, 12, 13, 35, 15)), ('DL1PD2380', datetime.datetime(2025, 3, 11, 13, 35, 51)), ('DL1PD2384', datetime.datetime(2025, 3, 12, 11, 37, 58)), ('DL1PD2396', datetime.datetime(2025, 3, 12, 13, 17, 18)), ('DL1PD2492', datetime.datetime(2025, 3, 12, 13, 16, 14)), ('DL1PD2495', datetime.datetime(2025, 3, 12, 10, 53, 16)), ('DL1PD2514', datetime.datetime(2025, 3, 12, 13, 35, 15)), ('DL1PD2525', datetime.datetime(2025, 3, 12, 11, 55, 14)), ('DL1PD2539', datetime.datetime(2025, 3, 12, 11, 55, 14)), ('DL1PD2561', datetime.datetime(2025, 3, 12, 12, 22, 34)), ('DL1PD2568', datetime.datetime(2025, 3, 11, 12, 50, 29)), ('DL1PD2581', datetime.datetime(2025, 3, 12, 13, 35, 15)), ('DL1PD2586', datetime.datetime(2025, 3, 12, 12, 23, 39)), ('DL1PD2596', datetime.datetime(2025, 3, 11, 13, 26, 4)), ('DL1PD2614', datetime.datetime(2025, 3, 12, 10, 35)), ('DL1PD2623', datetime.datetime(2025, 3, 12, 10, 25, 53)), ('DL1PD2644', datetime.datetime(2025, 3, 11, 13, 26, 4)), ('DL1PD2682', datetime.datetime(2025, 3, 12, 13, 35, 15)), ('DL1PD2698', datetime.datetime(2025, 3, 12, 11, 37, 58)), ('DL1PD2712', datetime.datetime(2025, 3, 12, 13, 25, 29)), ('DL1PD2753', datetime.datetime(2025, 3, 12, 13, 17, 18)), ('DL1PD2759', datetime.datetime(2025, 3, 12, 12, 58, 57)), ('DL1PD2762', datetime.datetime(2025, 3, 11, 13, 35, 51)), ('DL1PD2809', datetime.datetime(2025, 3, 11, 13, 17)), ('DL1PD2835', datetime.datetime(2025, 3, 12, 13, 35, 15)), ('DL1PD2855', datetime.datetime(2025, 3, 11, 12, 59, 44)), ('DL1PD2878', datetime.datetime(2025, 3, 12, 13, 17, 19)), ('DL1PD2944', datetime.datetime(2025, 3, 12, 10, 35)), ('DL1PD2969', datetime.datetime(2025, 3, 12, 12, 32, 12)), ('DL1PD2983', datetime.datetime(2025, 3, 12, 10, 25, 53)), ('DL1PD3022', datetime.datetime(2025, 3, 11, 13, 35, 51)), ('DL1PD3023', datetime.datetime(2025, 3, 11, 13, 35, 51)), ('DL1PD3038', datetime.datetime(2025, 3, 12, 11, 37, 58)), ('DL1PD3189', datetime.datetime(2025, 3, 11, 13, 35, 51)), ('DL1PD3296', datetime.datetime(2025, 3, 12, 11, 20, 38)), ('DL1PD3344', datetime.datetime(2025, 3, 11, 12, 32, 18)), ('DL1PD3466', datetime.datetime(2025, 3, 12, 13, 17, 18)), ('DL1PD3471', datetime.datetime(2025, 3, 11, 13, 15, 56)), ('DL1PD3492', datetime.datetime(2025, 3, 12, 10, 25, 53)), ('DL1PD3594', datetime.datetime(2025, 3, 12, 10, 25, 53)), ('DL1PD3619', datetime.datetime(2025, 3, 12, 12, 38, 17)), ('DL1PD3638', datetime.datetime(2025, 3, 12, 11, 37, 58)), ('DL1PD4080', datetime.datetime(2025, 3, 11, 19, 14, 19)), ('DL1PD4119', datetime.datetime(2025, 3, 12, 11, 44, 3)), ('DL1PD4154', datetime.datetime(2025, 3, 11, 12, 56, 42)), ('DL1PD4183', datetime.datetime(2025, 3, 12, 12, 12, 1)), ('DL1PD4188', datetime.datetime(2025, 3, 11, 13, 51, 7)), ('DL1PD4191', datetime.datetime(2025, 3, 12, 11, 55, 14)), ('DL1PD4212', datetime.datetime(2025, 3, 12, 13, 16, 14)), ('DL1PD4217', datetime.datetime(2025, 3, 12, 12, 40, 14)), ('DL1PD4229', datetime.datetime(2025, 3, 12, 11, 55, 13)), ('DL1PD4231', datetime.datetime(2025, 3, 12, 13, 23, 20)), ('DL1PD4233', datetime.datetime(2025, 3, 11, 22, 15, 47)), ('DL1PD4261', datetime.datetime(2025, 3, 12, 11, 55, 14)), ('DL1PD4262', datetime.datetime(2025, 3, 11, 12, 58, 40)), ('DL1PD4267', datetime.datetime(2025, 3, 11, 22, 15, 47)), ('DL1PD4268', datetime.datetime(2025, 3, 12, 12, 20, 36)), ('DL1PD4297', datetime.datetime(2025, 3, 12, 11, 55, 13)), ('DL1PD4299', datetime.datetime(2025, 3, 11, 13, 34, 15)), ('DL1PD4302', datetime.datetime(2025, 3, 12, 12, 12, 1)), ('DL1PD4305', datetime.datetime(2025, 3, 11, 21, 31, 41)), ('DL1PD4308', datetime.datetime(2025, 3, 12, 12, 30, 14)), ('DL1PD4310', datetime.datetime(2025, 3, 12, 10, 50, 12)), ('DL1PD4315', datetime.datetime(2025, 3, 12, 10, 51, 17)), ('DL1PD4317', datetime.datetime(2025, 3, 12, 13, 15, 20)), ('DL1PD4324', datetime.datetime(2025, 3, 11, 21, 22, 37)), ('DL1PD4326', datetime.datetime(2025, 3, 11, 18, 38, 22)), ('DL1PD4327', datetime.datetime(2025, 3, 11, 10, 15, 4)), ('DL1PD4340', datetime.datetime(2025, 3, 11, 19, 24, 30)), ('DL1PD4344', datetime.datetime(2025, 3, 12, 12, 30, 14)), ('DL1PD4362', datetime.datetime(2025, 3, 12, 10, 15, 19)), ('DL1PD4369', datetime.datetime(2025, 3, 11, 13, 33, 11)), ('DL1PD4370', datetime.datetime(2025, 3, 12, 12, 12, 56)), ('DL1PD4371', datetime.datetime(2025, 3, 12, 13, 15, 20)), ('DL1PD4374', datetime.datetime(2025, 3, 12, 12, 12, 56)), ('DL1PD4375', datetime.datetime(2025, 3, 11, 11, 45, 20)), ('DL1PD4430', datetime.datetime(2025, 3, 12, 12, 12, 55)), ('DL1PD4461', datetime.datetime(2025, 3, 12, 12, 40, 14)), ('DL1PD4463', datetime.datetime(2025, 3, 12, 12, 38, 16)), ('DL1PD4475', datetime.datetime(2025, 3, 12, 12, 12, 55)), ('DL1PD4484', datetime.datetime(2025, 3, 11, 13, 24, 6)), ('DL1PD4495', datetime.datetime(2025, 3, 12, 12, 56, 59)), ('DL1PD4507', datetime.datetime(2025, 3, 11, 13, 52, 12)), ('DL1PD4526', datetime.datetime(2025, 3, 11, 11, 37, 7)), ('DL1PD4543', datetime.datetime(2025, 3, 11, 12, 21, 13)), ('DL1PD4550', datetime.datetime(2025, 3, 12, 13, 33, 7)), ('DL1PD4558', datetime.datetime(2025, 3, 12, 13, 34, 11)), ('DL1PD4567', datetime.datetime(2025, 3, 11, 22, 24, 58)), ('DL1PD4577', datetime.datetime(2025, 3, 11, 11, 27, 38)), ('DL1PD4602', datetime.datetime(2025, 3, 12, 10, 51, 17)), ('DL1PD4606', datetime.datetime(2025, 3, 12, 11, 26, 42)), ('DL1PD4607', datetime.datetime(2025, 3, 12, 12, 46, 18)), ('DL1PD4613', datetime.datetime(2025, 3, 12, 12, 38, 16)), ('DL1PD4619', datetime.datetime(2025, 3, 12, 10, 15, 19)), ('DL1PD4639', datetime.datetime(2025, 3, 12, 12, 21, 30)), ('DL1PD4649', datetime.datetime(2025, 3, 12, 11, 26, 42)), ('DL1PD4668', datetime.datetime(2025, 3, 12, 11, 55, 14)), ('DL1PD4672', datetime.datetime(2025, 3, 11, 21, 30, 48)), ('DL1PD4675', datetime.datetime(2025, 3, 12, 12, 12, 1)), ('DL1PD4677', datetime.datetime(2025, 3, 12, 11, 55, 14)), ('DL1PD4692', datetime.datetime(2025, 3, 11, 22, 34, 7)), ('DL1PD4703', datetime.datetime(2025, 3, 11, 11, 37, 7)), ('DL1PD4710', datetime.datetime(2025, 3, 12, 12, 40, 14)), ('DL1PD4718', datetime.datetime(2025, 3, 11, 12, 39, 25)), ('DL1PD4728', datetime.datetime(2025, 3, 12, 13, 33, 7)), ('DL1PD4729', datetime.datetime(2025, 3, 11, 13, 42, 57)), ('DL1PD4750', datetime.datetime(2025, 3, 11, 22, 15, 47)), ('DL1PD4758', datetime.datetime(2025, 3, 11, 13, 15, 55)), ('DL1PD4764', datetime.datetime(2025, 3, 12, 12, 12, 55)), ('DL1PD4768', datetime.datetime(2025, 3, 12, 12, 22, 34)), ('DL1PD4776', datetime.datetime(2025, 3, 12, 12, 30, 14)), ('DL1PD4779', datetime.datetime(2025, 3, 11, 22, 50, 49)), ('DL1PD4820', datetime.datetime(2025, 3, 11, 22, 50, 49)), ('DL1PD4840', datetime.datetime(2025, 3, 11, 12, 22, 17)), ('DL1PD4843', datetime.datetime(2025, 3, 11, 12, 57, 36)), ('DL1PD4905', datetime.datetime(2025, 3, 11, 21, 22, 27)), ('DL1PD4920', datetime.datetime(2025, 3, 12, 13, 15, 20)), ('DL1PD4927', datetime.datetime(2025, 3, 11, 12, 13, 11)), ('DL1PD4929', datetime.datetime(2025, 3, 12, 12, 12, 1)), ('DL1PD4940', datetime.datetime(2025, 3, 12, 10, 51, 17)), ('DL1PD4948', datetime.datetime(2025, 3, 12, 13, 15, 20)), ('DL1PD4954', datetime.datetime(2025, 3, 11, 21, 31, 41)), ('DL1PD4956', datetime.datetime(2025, 3, 11, 20, 54, 41)), ('DL1PD4965', datetime.datetime(2025, 3, 11, 12, 57, 36)), ('DL1PD4979', datetime.datetime(2025, 3, 12, 12, 31, 8)), ('DL1PD4986', datetime.datetime(2025, 3, 12, 12, 40, 14)), ('DL1PD5015', datetime.datetime(2025, 3, 12, 11, 36, 53)), ('DL1PD5023', datetime.datetime(2025, 3, 12, 10, 42, 9)), ('DL1PD5041', datetime.datetime(2025, 3, 12, 12, 30, 14)), ('DL1PD5051', datetime.datetime(2025, 3, 12, 10, 50, 12)), ('DL1PD5066', datetime.datetime(2025, 3, 11, 12, 30, 19)), ('DL1PD5067', datetime.datetime(2025, 3, 12, 13, 16, 14)), ('DL1PD5074', datetime.datetime(2025, 3, 12, 12, 48, 47)), ('DL1PD5078', datetime.datetime(2025, 3, 12, 11, 26, 42)), ('DL1PD5087', datetime.datetime(2025, 3, 12, 12, 56, 59)), ('DL1PD5111', datetime.datetime(2025, 3, 12, 12, 12, 1)), ('DL1PD5116', datetime.datetime(2025, 3, 12, 12, 10, 57)), ('DL1PD5124', datetime.datetime(2025, 3, 12, 13, 15, 20)), ('DL1PD5132', datetime.datetime(2025, 3, 12, 12, 30, 14)), ('DL1PD5164', datetime.datetime(2025, 3, 12, 12, 38, 16)), ('DL1PD5165', datetime.datetime(2025, 3, 12, 12, 30, 14)), ('DL1PD5178', datetime.datetime(2025, 3, 12, 12, 55, 55)), ('DL1PD5189', datetime.datetime(2025, 3, 12, 12, 56, 59)), ('DL1PD5206', datetime.datetime(2025, 3, 12, 12, 46, 18)), ('DL1PD5214', datetime.datetime(2025, 3, 11, 12, 46, 54)), ('DL1PD5219', datetime.datetime(2025, 3, 12, 11, 34, 55)), ('DL1PD5226', datetime.datetime(2025, 3, 11, 13, 42, 57)), ('DL1PD5231', datetime.datetime(2025, 3, 12, 12, 10, 57)), ('DL1PD5256', datetime.datetime(2025, 3, 12, 10, 33, 2)), ('DL1PD5264', datetime.datetime(2025, 3, 12, 12, 39, 20)), ('DL1PD5278', datetime.datetime(2025, 3, 12, 12, 12, 1)), ('DL1PD5286', datetime.datetime(2025, 3, 12, 12, 56, 59)), ('DL1PD5291', datetime.datetime(2025, 3, 11, 11, 54, 26)), ('DL1PD5293', datetime.datetime(2025, 3, 12, 12, 20, 37)), ('DL1PD5312', datetime.datetime(2025, 3, 12, 12, 30, 14)), ('DL1PD5319', datetime.datetime(2025, 3, 12, 12, 56, 59)), ('DL1PD5330', datetime.datetime(2025, 3, 11, 17, 45, 17)), ('DL1PD5353', datetime.datetime(2025, 3, 11, 12, 10, 30)), ('DL1PD5356', datetime.datetime(2025, 3, 12, 13, 15, 20)), ('DL1PD5358', datetime.datetime(2025, 3, 12, 11, 47, 5)), ('DL1PD5361', datetime.datetime(2025, 3, 12, 12, 46, 18)), ('DL1PD5372', datetime.datetime(2025, 3, 12, 10, 35)), ('DL1PD5382', datetime.datetime(2025, 3, 12, 10, 22, 50)), ('DL1PD5409', datetime.datetime(2025, 3, 11, 13, 42, 57)), ('DL1PD5428', datetime.datetime(2025, 3, 11, 13, 52, 12)), ('DL1PD5429', datetime.datetime(2025, 3, 12, 10, 51, 17)), ('DL1PD5452', datetime.datetime(2025, 3, 12, 12, 12, 55)), ('DL1PD5463', datetime.datetime(2025, 3, 12, 13, 14, 16)), ('DL1PD5469', datetime.datetime(2025, 3, 11, 13, 52, 12)), ('DL1PD5471', datetime.datetime(2025, 3, 12, 11, 26, 42)), ('DL1PD5505', datetime.datetime(2025, 3, 12, 12, 40, 14)), ('DL1PD5509', datetime.datetime(2025, 3, 12, 12, 10, 57)), ('DL1PD5518', datetime.datetime(2025, 3, 12, 11, 17, 35)), ('DL1PD5526', datetime.datetime(2025, 3, 12, 11, 44, 3)), ('DL1PD5551', datetime.datetime(2025, 3, 11, 12, 20, 8)), ('DL1PD5575', datetime.datetime(2025, 3, 12, 13, 16, 14)), ('DL1PD5593', datetime.datetime(2025, 3, 12, 10, 58, 27)), ('DL1PD5651', datetime.datetime(2025, 3, 12, 10, 25, 53)), ('DL1PD5652', datetime.datetime(2025, 3, 12, 12, 46, 18)), ('DL1PD5655', datetime.datetime(2025, 3, 11, 13, 40, 49)), ('DL1PD5658', datetime.datetime(2025, 3, 12, 11, 47, 5)), ('DL1PD5674', datetime.datetime(2025, 3, 12, 13, 32, 3)), ('DL1PD5675', datetime.datetime(2025, 3, 11, 13, 50, 3)), ('DL1PD5689', datetime.datetime(2025, 3, 11, 22, 15, 47)), ('DL1PD5695', datetime.datetime(2025, 3, 12, 12, 56, 59)), ('DL1PD5700', datetime.datetime(2025, 3, 12, 12, 39, 20)), ('DL1PD5708', datetime.datetime(2025, 3, 12, 12, 10, 57)), ('DL1PD5715', datetime.datetime(2025, 3, 11, 22, 15, 47)), ('DL1PD5718', datetime.datetime(2025, 3, 12, 11, 18, 39)), ('DL1PD5719', datetime.datetime(2025, 3, 11, 13, 14, 51)), ('DL1PD5725', datetime.datetime(2025, 3, 11, 12, 12, 7)), ('DL1PD5729', datetime.datetime(2025, 3, 12, 12, 30, 14)), ('DL1PD5735', datetime.datetime(2025, 3, 11, 12, 30, 20)), ('DL1PD5740', datetime.datetime(2025, 3, 11, 12, 29, 15)), ('DL1PD5757', datetime.datetime(2025, 3, 12, 11, 54, 10)), ('DL1PD5783', datetime.datetime(2025, 3, 12, 13, 24, 25)), ('DL1PD5785', datetime.datetime(2025, 3, 12, 12, 12, 1)), ('DL1PD5787', datetime.datetime(2025, 3, 11, 21, 57, 24)), ('DL1PD5788', datetime.datetime(2025, 3, 11, 22, 23, 54)), ('DL1PD5789', datetime.datetime(2025, 3, 11, 19, 24, 31)), ('DL1PD5792', datetime.datetime(2025, 3, 11, 12, 48, 31)), ('DL1PD5793', datetime.datetime(2025, 3, 11, 21, 30, 47)), ('DL1PD5795', datetime.datetime(2025, 3, 11, 21, 30, 48)), ('DL1PD5796', datetime.datetime(2025, 3, 12, 13, 24, 25)), ('DL1PD5797', datetime.datetime(2025, 3, 11, 21, 57, 24)), ('DL1PD5799', datetime.datetime(2025, 3, 11, 12, 48, 31)), ('DL1PD5801', datetime.datetime(2025, 3, 11, 22, 15, 47)), ('DL1PD5802', datetime.datetime(2025, 3, 11, 21, 48, 11)), ('DL1PD5806', datetime.datetime(2025, 3, 11, 12, 30, 19)), ('DL1PD5810', datetime.datetime(2025, 3, 11, 22, 15, 47)), ('DL1PD5821', datetime.datetime(2025, 3, 12, 13, 24, 25)), ('DL1PD5833', datetime.datetime(2025, 3, 12, 12, 48, 47)), ('DL1PD5836', datetime.datetime(2025, 3, 11, 22, 50, 49)), ('DL1PD5837', datetime.datetime(2025, 3, 11, 13, 24, 6)), ('DL1PD5859', datetime.datetime(2025, 3, 11, 13, 33, 11)), ('DL1PD5860', datetime.datetime(2025, 3, 11, 22, 15, 47)), ('DL1PD5875', datetime.datetime(2025, 3, 11, 20, 18, 16)), ('DL1PD5880', datetime.datetime(2025, 3, 12, 11, 36, 53)), ('DL1PD5884', datetime.datetime(2025, 3, 11, 13, 51, 8)), ('DL1PD5886', datetime.datetime(2025, 3, 12, 13, 15, 20)), ('DL1PD5887', datetime.datetime(2025, 3, 12, 12, 39, 20)), ('DL1PD5889', datetime.datetime(2025, 3, 12, 13, 33, 7)), ('DL1PD5891', datetime.datetime(2025, 3, 12, 13, 33, 7)), ('DL1PD5894', datetime.datetime(2025, 3, 11, 21, 48, 11)), ('DL1PD5895', datetime.datetime(2025, 3, 11, 22, 50, 49)), ('DL1PD5907', datetime.datetime(2025, 3, 11, 13, 14, 51)), ('DL1PD5908', datetime.datetime(2025, 3, 11, 22, 15, 47)), ('DL1PD5911', datetime.datetime(2025, 3, 12, 13, 15, 20)), ('DL1PD5913', datetime.datetime(2025, 3, 11, 13, 33, 11)), ('DL1PD5916', datetime.datetime(2025, 3, 12, 9, 47, 56)), ('DL1PD5917', datetime.datetime(2025, 3, 12, 9, 2, 49)), ('DL1PD5918', datetime.datetime(2025, 3, 12, 9, 57, 3)), ('DL1PD5919', datetime.datetime(2025, 3, 12, 10, 24, 59)), ('DL1PD5924', datetime.datetime(2025, 3, 11, 22, 50, 49)), ('DL1PD5937', datetime.datetime(2025, 3, 12, 13, 33, 7)), ('DL1PD5938', datetime.datetime(2025, 3, 12, 12, 39, 21)), ('DL1PD5939', datetime.datetime(2025, 3, 12, 12, 30, 14)), ('DL1PD5942', datetime.datetime(2025, 3, 12, 12, 48, 47)), ('DL1PD5946', datetime.datetime(2025, 3, 12, 12, 39, 20)), ('DL1PD5947', datetime.datetime(2025, 3, 11, 12, 57, 36)), ('DL1PD5949', datetime.datetime(2025, 3, 11, 22, 50, 49)), ('DL1PD5959', datetime.datetime(2025, 3, 11, 13, 33, 11)), ('DL1PD5961', datetime.datetime(2025, 3, 11, 22, 50, 49)), ('DL1PD5978', datetime.datetime(2025, 3, 11, 22, 50, 49)), ('DL1PD5985', datetime.datetime(2025, 3, 12, 13, 15, 20)), ('DL1PD5988', datetime.datetime(2025, 3, 12, 12, 30, 14)), ('DL1PD5991', datetime.datetime(2025, 3, 12, 13, 33, 7)), ('DL1PD5992', datetime.datetime(2025, 3, 12, 10, 42, 9)), ('DL1PD5997', datetime.datetime(2025, 3, 12, 12, 48, 47)), ('DL1PD5998', datetime.datetime(2025, 3, 11, 22, 50, 49)), ('DL1PD6010', datetime.datetime(2025, 3, 12, 12, 21, 30)), ('DL1PD6011', datetime.datetime(2025, 3, 12, 13, 33, 7)), ('DL1PD6014', datetime.datetime(2025, 3, 12, 13, 24, 25)), ('DL1PD6019', datetime.datetime(2025, 3, 12, 12, 30, 14)), ('DL1PD6021', datetime.datetime(2025, 3, 12, 13, 15, 20)), ('DL1PD6028', datetime.datetime(2025, 3, 12, 13, 33, 7)), ('DL1PD6033', datetime.datetime(2025, 3, 12, 13, 15, 20)), ('DL1PD6037', datetime.datetime(2025, 3, 11, 22, 50, 49)), ('DL1PD6041', datetime.datetime(2025, 3, 11, 21, 30, 47)), ('DL1PD6043', datetime.datetime(2025, 3, 11, 21, 30, 48)), ('DL1PD6044', datetime.datetime(2025, 3, 11, 12, 39, 25)), ('DL1PD6050', datetime.datetime(2025, 3, 11, 22, 50, 49)), ('DL1PD6051', datetime.datetime(2025, 3, 11, 22, 15, 47)), ('DL1PD6065', datetime.datetime(2025, 3, 12, 12, 30, 14)), ('DL1PD6071', datetime.datetime(2025, 3, 12, 10, 42, 9)), ('DL1PD6073', datetime.datetime(2025, 3, 11, 22, 15, 47)), ('DL1PD6086', datetime.datetime(2025, 3, 11, 22, 23, 54)), ('DL1PD6088', datetime.datetime(2025, 3, 11, 22, 50, 49)), ('DL1PD6089', datetime.datetime(2025, 3, 11, 22, 15, 47)), ('DL1PD6094', datetime.datetime(2025, 3, 12, 13, 33, 7)), ('DL1PD6107', datetime.datetime(2025, 3, 12, 11, 18, 39)), ('DL1PD6113', datetime.datetime(2025, 3, 12, 12, 30, 14)), ('DL1PD6116', datetime.datetime(2025, 3, 11, 22, 15, 47)), ('DL1PD6117', datetime.datetime(2025, 3, 11, 22, 15, 47)), ('DL1PD6118', datetime.datetime(2025, 3, 11, 13, 50, 3)), ('DL1PD6119', datetime.datetime(2025, 3, 11, 12, 20, 9)), ('DL1PD6128', datetime.datetime(2025, 3, 11, 22, 15, 47)), ('DL1PD6154', datetime.datetime(2025, 3, 11, 22, 50, 49)), ('DL1PD6157', datetime.datetime(2025, 3, 11, 22, 50, 49)), ('DL1PD6160', datetime.datetime(2025, 3, 12, 12, 48, 47)), ('DL1PD6163', datetime.datetime(2025, 3, 12, 13, 33, 7)), ('DL1PD6173', datetime.datetime(2025, 3, 11, 22, 15, 47)), ('DL1PD6191', datetime.datetime(2025, 3, 12, 10, 41, 5)), ('DL1PD6219', datetime.datetime(2025, 3, 12, 10, 42, 9)), ('DL1PD6233', datetime.datetime(2025, 3, 11, 12, 10, 30)), ('DL1PD6241', datetime.datetime(2025, 3, 11, 22, 40, 48)), ('DL1PD6395', datetime.datetime(2025, 3, 12, 10, 15, 19)), ('DL1PD6401', datetime.datetime(2025, 3, 12, 13, 15, 20)), ('DL51EV4373', datetime.datetime(2025, 3, 12, 11, 20, 38)), ('DL51EV4400', datetime.datetime(2025, 3, 11, 12, 32, 17)), ('DL51GD0249', datetime.datetime(2025, 3, 12, 12, 58, 57)), ('DL51GD1799', datetime.datetime(2025, 3, 12, 10, 35)), ('DL51GD2400', datetime.datetime(2025, 3, 12, 12, 32, 12)), ('DL51GD4003', datetime.datetime(2025, 3, 12, 12, 12, 55))]
2025-03-12 15:41:33,764 - INFO - Finished
2025-03-12 15:42:42,838 - INFO - Started
2025-03-12 15:42:42,838 - INFO - Data fetched successfully.
2025-03-12 15:42:43,537 - INFO - Total records fetched: 2055
2025-03-12 15:42:43,615 - INFO - Total Filtered records: 263
2025-03-12 15:42:44,153 - INFO - Filtered records to be inserted into database: 30
2025-03-12 15:42:44,186 - INFO - Finished
2025-03-12 15:44:34,307 - INFO - Started
2025-03-12 15:44:34,307 - INFO - Data fetched successfully.
2025-03-12 15:44:36,477 - INFO - Total records fetched: 2060
2025-03-12 15:44:36,518 - INFO - Total Filtered records: 263
2025-03-12 15:44:37,018 - INFO - Filtered records to be inserted into database: 30
2025-03-12 15:44:37,044 - INFO - Finished
2025-03-12 15:46:26,644 - INFO - Started
2025-03-12 15:46:26,644 - INFO - Data fetched successfully.
2025-03-12 15:46:27,520 - INFO - Total records fetched: 2062
2025-03-12 15:46:27,552 - INFO - Total Filtered records: 262
2025-03-12 15:46:28,027 - INFO - Filtered records to be inserted into database: 30
2025-03-12 15:46:28,059 - INFO - Finished
2025-03-12 15:49:28,569 - INFO - Started
2025-03-12 15:49:28,570 - INFO - Data fetched successfully.
2025-03-12 15:49:28,905 - INFO - Total records fetched: 0
2025-03-12 15:49:29,162 - INFO - Total Filtered records: 0
2025-03-12 15:49:29,953 - INFO - Filtered records to be inserted into database: 0
2025-03-12 15:49:29,964 - ERROR - An error occurred: list index out of range
Traceback (most recent call last):
  File "c:\programs\project_1222086\DTC2025\rt_vehicle_location.py", line 91, in importRealTimeData
    print(valid_data[0])
          ~~~~~~~~~~^^^
IndexError: list index out of range
2025-03-12 15:49:29,991 - INFO - Finished
2025-03-12 15:53:35,187 - INFO - Started
2025-03-12 15:53:35,187 - INFO - Data fetched successfully.
2025-03-12 15:53:35,354 - INFO - Total records fetched: 0
2025-03-12 15:53:35,461 - INFO - Total Filtered records: 0
2025-03-12 15:53:36,106 - INFO - Filtered records to be inserted into database: 0
2025-03-12 15:53:36,114 - INFO - Finished
2025-03-12 15:55:13,084 - INFO - Started
2025-03-12 15:55:13,084 - INFO - Data fetched successfully.
2025-03-12 15:55:13,756 - INFO - Total records fetched: 2079
2025-03-12 15:55:13,819 - INFO - Total Filtered records: 266
2025-03-12 15:55:14,391 - INFO - Filtered records to be inserted into database: 35
2025-03-12 15:55:14,398 - INFO - Finished
2025-03-12 15:56:22,708 - INFO - Started
2025-03-12 15:56:22,708 - INFO - Data fetched successfully.
2025-03-12 15:56:23,375 - INFO - Total records fetched: 2082
2025-03-12 15:56:23,425 - INFO - Total Filtered records: 266
2025-03-12 15:56:23,981 - INFO - Filtered records to be inserted into database: 35
2025-03-12 15:56:24,000 - ERROR - An error occurred: Not an executable object: [('DL1PC6608', datetime.datetime(2025, 3, 11, 23, 10, 17)), ('DL1PC6621', datetime.datetime(2025, 3, 12, 12, 40, 14)), ('DL1PC6629', datetime.datetime(2025, 3, 12, 10, 52, 22)), ('DL1PC6720', datetime.datetime(2025, 3, 11, 23, 10, 17)), ('DL1PC6722', datetime.datetime(2025, 3, 12, 11, 46, 1)), ('DL1PC6814', datetime.datetime(2025, 3, 11, 12, 10, 30)), ('DL1PC6816', datetime.datetime(2025, 3, 12, 10, 31, 58)), ('DL1PC6822', datetime.datetime(2025, 3, 12, 11, 44, 3)), ('DL1PC6823', datetime.datetime(2025, 3, 12, 12, 10, 57)), ('DL1PC6847', datetime.datetime(2025, 3, 11, 15, 37, 48)), ('DL1PC6904', datetime.datetime(2025, 3, 12, 10, 52, 22)), ('DL1PC6906', datetime.datetime(2025, 3, 12, 12, 22, 34)), ('DL1PC6937', datetime.datetime(2025, 3, 12, 13, 32, 2)), ('DL1PD0018', datetime.datetime(2025, 3, 12, 10, 15, 19)), ('DL1PD0021', datetime.datetime(2025, 3, 12, 13, 15, 20)), ('DL1PD0026', datetime.datetime(2025, 3, 12, 12, 30, 14)), ('DL1PD0035', datetime.datetime(2025, 3, 11, 13, 33, 11)), ('DL1PD0072', datetime.datetime(2025, 3, 12, 11, 27, 46)), ('DL1PD0073', datetime.datetime(2025, 3, 12, 10, 24, 59)), ('DL1PD0075', datetime.datetime(2025, 3, 12, 13, 33, 7)), ('DL1PD0090', datetime.datetime(2025, 3, 12, 11, 10, 5)), ('DL1PD0094', datetime.datetime(2025, 3, 11, 23, 10, 17)), ('DL1PD0214', datetime.datetime(2025, 3, 11, 12, 57, 35)), ('DL1PD0217', datetime.datetime(2025, 3, 12, 11, 18, 40)), ('DL1PD0220', datetime.datetime(2025, 3, 11, 13, 14, 51)), ('DL1PD0292', datetime.datetime(2025, 3, 11, 22, 34, 7)), ('DL1PD0329', datetime.datetime(2025, 3, 12, 11, 10, 5)), ('DL1PD0333', datetime.datetime(2025, 3, 12, 11, 10, 5)), ('DL1PD0336', datetime.datetime(2025, 3, 11, 14, 1, 16)), ('DL1PD0553', datetime.datetime(2025, 3, 11, 22, 24, 57)), ('DL1PD0604', datetime.datetime(2025, 3, 12, 10, 34, 7)), ('DL1PD0617', datetime.datetime(2025, 3, 12, 13, 33, 7)), ('DL1PD0622', datetime.datetime(2025, 3, 12, 12, 12, 1)), ('DL1PD0630', datetime.datetime(2025, 3, 11, 13, 25, 10)), ('DL1PD0648', datetime.datetime(2025, 3, 12, 12, 56, 59)), ('DL1PD0653', datetime.datetime(2025, 3, 12, 11, 18, 39)), ('DL1PD0689', datetime.datetime(2025, 3, 11, 13, 52, 12)), ('DL1PD0691', datetime.datetime(2025, 3, 12, 13, 16, 14)), ('DL1PD0692', datetime.datetime(2025, 3, 12, 12, 22, 34)), ('DL1PD0700', datetime.datetime(2025, 3, 12, 13, 15, 20)), ('DL1PD0723', datetime.datetime(2025, 3, 12, 13, 15, 20)), ('DL1PD0830', datetime.datetime(2025, 3, 12, 10, 15, 19)), ('DL1PD0836', datetime.datetime(2025, 3, 11, 12, 30, 19)), ('DL1PD0853', datetime.datetime(2025, 3, 11, 11, 45, 20)), ('DL1PD0857', datetime.datetime(2025, 3, 11, 11, 45, 19)), ('DL1PD0869', datetime.datetime(2025, 3, 11, 11, 27, 38)), ('DL1PD0922', datetime.datetime(2025, 3, 12, 11, 28, 51)), ('DL1PD0998', datetime.datetime(2025, 3, 12, 10, 52, 22)), ('DL1PD0999', datetime.datetime(2025, 3, 12, 10, 16, 24)), ('DL1PD1001', datetime.datetime(2025, 3, 12, 11, 55, 14)), ('DL1PD1004', datetime.datetime(2025, 3, 12, 11, 55, 14)), ('DL1PD1015', datetime.datetime(2025, 3, 12, 11, 55, 14)), ('DL1PD1017', datetime.datetime(2025, 3, 11, 11, 55, 20)), ('DL1PD1024', datetime.datetime(2025, 3, 11, 12, 31, 23)), ('DL1PD1034', datetime.datetime(2025, 3, 12, 13, 16, 14)), ('DL1PD1060', datetime.datetime(2025, 3, 12, 11, 55, 13)), ('DL1PD1099', datetime.datetime(2025, 3, 12, 10, 52, 22)), ('DL1PD1130', datetime.datetime(2025, 3, 12, 11, 46, 1)), ('DL1PD1164', datetime.datetime(2025, 3, 12, 11, 55, 14)), ('DL1PD1177', datetime.datetime(2025, 3, 12, 11, 55, 14)), ('DL1PD1199', datetime.datetime(2025, 3, 11, 10, 16, 8)), ('DL1PD1329', datetime.datetime(2025, 3, 12, 12, 40, 14)), ('DL1PD1339', datetime.datetime(2025, 3, 12, 11, 55, 14)), ('DL1PD1351', datetime.datetime(2025, 3, 12, 11, 55, 13)), ('DL1PD1475', datetime.datetime(2025, 3, 12, 11, 55, 14)), ('DL1PD1477', datetime.datetime(2025, 3, 11, 23, 10, 17)), ('DL1PD1478', datetime.datetime(2025, 3, 11, 13, 52, 12)), ('DL1PD1536', datetime.datetime(2025, 3, 12, 12, 31, 8)), ('DL1PD1542', datetime.datetime(2025, 3, 11, 13, 34, 15)), ('DL1PD1566', datetime.datetime(2025, 3, 11, 13, 15, 56)), ('DL1PD1696', datetime.datetime(2025, 3, 12, 11, 20, 38)), ('DL1PD2155', datetime.datetime(2025, 3, 12, 13, 25, 29)), ('DL1PD2280', datetime.datetime(2025, 3, 12, 13, 25, 29)), ('DL1PD2284', datetime.datetime(2025, 3, 12, 12, 38, 16)), ('DL1PD2300', datetime.datetime(2025, 3, 12, 13, 35, 15)), ('DL1PD2363', datetime.datetime(2025, 3, 12, 13, 35, 15)), ('DL1PD2380', datetime.datetime(2025, 3, 11, 13, 35, 51)), ('DL1PD2384', datetime.datetime(2025, 3, 12, 11, 37, 58)), ('DL1PD2396', datetime.datetime(2025, 3, 12, 13, 17, 18)), ('DL1PD2492', datetime.datetime(2025, 3, 12, 13, 16, 14)), ('DL1PD2495', datetime.datetime(2025, 3, 12, 10, 53, 16)), ('DL1PD2514', datetime.datetime(2025, 3, 12, 13, 35, 15)), ('DL1PD2525', datetime.datetime(2025, 3, 12, 11, 55, 14)), ('DL1PD2539', datetime.datetime(2025, 3, 12, 11, 55, 14)), ('DL1PD2561', datetime.datetime(2025, 3, 12, 12, 22, 34)), ('DL1PD2568', datetime.datetime(2025, 3, 11, 12, 50, 29)), ('DL1PD2581', datetime.datetime(2025, 3, 12, 13, 35, 15)), ('DL1PD2586', datetime.datetime(2025, 3, 12, 12, 23, 39)), ('DL1PD2596', datetime.datetime(2025, 3, 11, 13, 26, 4)), ('DL1PD2614', datetime.datetime(2025, 3, 12, 10, 35)), ('DL1PD2623', datetime.datetime(2025, 3, 12, 10, 25, 53)), ('DL1PD2644', datetime.datetime(2025, 3, 11, 13, 26, 4)), ('DL1PD2682', datetime.datetime(2025, 3, 12, 13, 35, 15)), ('DL1PD2698', datetime.datetime(2025, 3, 12, 11, 37, 58)), ('DL1PD2712', datetime.datetime(2025, 3, 12, 13, 25, 29)), ('DL1PD2753', datetime.datetime(2025, 3, 12, 13, 17, 18)), ('DL1PD2759', datetime.datetime(2025, 3, 12, 12, 58, 57)), ('DL1PD2762', datetime.datetime(2025, 3, 11, 13, 35, 51)), ('DL1PD2809', datetime.datetime(2025, 3, 11, 13, 17)), ('DL1PD2835', datetime.datetime(2025, 3, 12, 13, 35, 15)), ('DL1PD2855', datetime.datetime(2025, 3, 11, 12, 59, 44)), ('DL1PD2878', datetime.datetime(2025, 3, 12, 13, 17, 19)), ('DL1PD2944', datetime.datetime(2025, 3, 12, 10, 35)), ('DL1PD2969', datetime.datetime(2025, 3, 12, 12, 32, 12)), ('DL1PD2983', datetime.datetime(2025, 3, 12, 10, 25, 53)), ('DL1PD3022', datetime.datetime(2025, 3, 11, 13, 35, 51)), ('DL1PD3023', datetime.datetime(2025, 3, 11, 13, 35, 51)), ('DL1PD3038', datetime.datetime(2025, 3, 12, 11, 37, 58)), ('DL1PD3189', datetime.datetime(2025, 3, 11, 13, 35, 51)), ('DL1PD3296', datetime.datetime(2025, 3, 12, 11, 20, 38)), ('DL1PD3344', datetime.datetime(2025, 3, 11, 12, 32, 18)), ('DL1PD3466', datetime.datetime(2025, 3, 12, 13, 17, 18)), ('DL1PD3471', datetime.datetime(2025, 3, 11, 13, 15, 56)), ('DL1PD3492', datetime.datetime(2025, 3, 12, 10, 25, 53)), ('DL1PD3594', datetime.datetime(2025, 3, 12, 10, 25, 53)), ('DL1PD3619', datetime.datetime(2025, 3, 12, 12, 38, 17)), ('DL1PD3638', datetime.datetime(2025, 3, 12, 11, 37, 58)), ('DL1PD4080', datetime.datetime(2025, 3, 11, 19, 14, 19)), ('DL1PD4119', datetime.datetime(2025, 3, 12, 11, 44, 3)), ('DL1PD4154', datetime.datetime(2025, 3, 11, 12, 56, 42)), ('DL1PD4183', datetime.datetime(2025, 3, 12, 12, 12, 1)), ('DL1PD4188', datetime.datetime(2025, 3, 11, 13, 51, 7)), ('DL1PD4191', datetime.datetime(2025, 3, 12, 11, 55, 14)), ('DL1PD4212', datetime.datetime(2025, 3, 12, 13, 16, 14)), ('DL1PD4217', datetime.datetime(2025, 3, 12, 12, 40, 14)), ('DL1PD4229', datetime.datetime(2025, 3, 12, 11, 55, 13)), ('DL1PD4231', datetime.datetime(2025, 3, 12, 13, 23, 20)), ('DL1PD4233', datetime.datetime(2025, 3, 11, 22, 15, 47)), ('DL1PD4261', datetime.datetime(2025, 3, 12, 11, 55, 14)), ('DL1PD4262', datetime.datetime(2025, 3, 11, 12, 58, 40)), ('DL1PD4267', datetime.datetime(2025, 3, 11, 22, 15, 47)), ('DL1PD4268', datetime.datetime(2025, 3, 12, 12, 20, 36)), ('DL1PD4297', datetime.datetime(2025, 3, 12, 11, 55, 13)), ('DL1PD4299', datetime.datetime(2025, 3, 11, 13, 34, 15)), ('DL1PD4302', datetime.datetime(2025, 3, 12, 12, 12, 1)), ('DL1PD4305', datetime.datetime(2025, 3, 11, 21, 31, 41)), ('DL1PD4308', datetime.datetime(2025, 3, 12, 12, 30, 14)), ('DL1PD4310', datetime.datetime(2025, 3, 12, 10, 50, 12)), ('DL1PD4315', datetime.datetime(2025, 3, 12, 10, 51, 17)), ('DL1PD4317', datetime.datetime(2025, 3, 12, 13, 15, 20)), ('DL1PD4324', datetime.datetime(2025, 3, 11, 21, 22, 37)), ('DL1PD4326', datetime.datetime(2025, 3, 11, 18, 38, 22)), ('DL1PD4327', datetime.datetime(2025, 3, 11, 10, 15, 4)), ('DL1PD4340', datetime.datetime(2025, 3, 11, 19, 24, 30)), ('DL1PD4344', datetime.datetime(2025, 3, 12, 12, 30, 14)), ('DL1PD4362', datetime.datetime(2025, 3, 12, 10, 15, 19)), ('DL1PD4369', datetime.datetime(2025, 3, 11, 13, 33, 11)), ('DL1PD4370', datetime.datetime(2025, 3, 12, 12, 12, 56)), ('DL1PD4371', datetime.datetime(2025, 3, 12, 13, 15, 20)), ('DL1PD4374', datetime.datetime(2025, 3, 12, 12, 12, 56)), ('DL1PD4375', datetime.datetime(2025, 3, 11, 11, 45, 20)), ('DL1PD4430', datetime.datetime(2025, 3, 12, 12, 12, 55)), ('DL1PD4461', datetime.datetime(2025, 3, 12, 12, 40, 14)), ('DL1PD4463', datetime.datetime(2025, 3, 12, 12, 38, 16)), ('DL1PD4475', datetime.datetime(2025, 3, 12, 12, 12, 55)), ('DL1PD4484', datetime.datetime(2025, 3, 11, 13, 24, 6)), ('DL1PD4495', datetime.datetime(2025, 3, 12, 12, 56, 59)), ('DL1PD4507', datetime.datetime(2025, 3, 11, 13, 52, 12)), ('DL1PD4526', datetime.datetime(2025, 3, 11, 11, 37, 7)), ('DL1PD4543', datetime.datetime(2025, 3, 11, 12, 21, 13)), ('DL1PD4550', datetime.datetime(2025, 3, 12, 13, 33, 7)), ('DL1PD4558', datetime.datetime(2025, 3, 12, 13, 34, 11)), ('DL1PD4567', datetime.datetime(2025, 3, 11, 22, 24, 58)), ('DL1PD4577', datetime.datetime(2025, 3, 11, 11, 27, 38)), ('DL1PD4602', datetime.datetime(2025, 3, 12, 10, 51, 17)), ('DL1PD4606', datetime.datetime(2025, 3, 12, 11, 26, 42)), ('DL1PD4607', datetime.datetime(2025, 3, 12, 12, 46, 18)), ('DL1PD4613', datetime.datetime(2025, 3, 12, 12, 38, 16)), ('DL1PD4619', datetime.datetime(2025, 3, 12, 10, 15, 19)), ('DL1PD4639', datetime.datetime(2025, 3, 12, 12, 21, 30)), ('DL1PD4649', datetime.datetime(2025, 3, 12, 11, 26, 42)), ('DL1PD4668', datetime.datetime(2025, 3, 12, 11, 55, 14)), ('DL1PD4672', datetime.datetime(2025, 3, 11, 21, 30, 48)), ('DL1PD4675', datetime.datetime(2025, 3, 12, 12, 12, 1)), ('DL1PD4677', datetime.datetime(2025, 3, 12, 11, 55, 14)), ('DL1PD4692', datetime.datetime(2025, 3, 11, 22, 34, 7)), ('DL1PD4703', datetime.datetime(2025, 3, 11, 11, 37, 7)), ('DL1PD4710', datetime.datetime(2025, 3, 12, 12, 40, 14)), ('DL1PD4718', datetime.datetime(2025, 3, 11, 12, 39, 25)), ('DL1PD4728', datetime.datetime(2025, 3, 12, 13, 33, 7)), ('DL1PD4729', datetime.datetime(2025, 3, 11, 13, 42, 57)), ('DL1PD4750', datetime.datetime(2025, 3, 11, 22, 15, 47)), ('DL1PD4758', datetime.datetime(2025, 3, 11, 13, 15, 55)), ('DL1PD4764', datetime.datetime(2025, 3, 12, 12, 12, 55)), ('DL1PD4768', datetime.datetime(2025, 3, 12, 12, 22, 34)), ('DL1PD4776', datetime.datetime(2025, 3, 12, 12, 30, 14)), ('DL1PD4779', datetime.datetime(2025, 3, 11, 22, 50, 49)), ('DL1PD4820', datetime.datetime(2025, 3, 11, 22, 50, 49)), ('DL1PD4840', datetime.datetime(2025, 3, 11, 12, 22, 17)), ('DL1PD4843', datetime.datetime(2025, 3, 11, 12, 57, 36)), ('DL1PD4905', datetime.datetime(2025, 3, 11, 21, 22, 27)), ('DL1PD4920', datetime.datetime(2025, 3, 12, 13, 15, 20)), ('DL1PD4927', datetime.datetime(2025, 3, 11, 12, 13, 11)), ('DL1PD4929', datetime.datetime(2025, 3, 12, 12, 12, 1)), ('DL1PD4940', datetime.datetime(2025, 3, 12, 10, 51, 17)), ('DL1PD4948', datetime.datetime(2025, 3, 12, 13, 15, 20)), ('DL1PD4954', datetime.datetime(2025, 3, 11, 21, 31, 41)), ('DL1PD4956', datetime.datetime(2025, 3, 11, 20, 54, 41)), ('DL1PD4965', datetime.datetime(2025, 3, 11, 12, 57, 36)), ('DL1PD4979', datetime.datetime(2025, 3, 12, 12, 31, 8)), ('DL1PD4986', datetime.datetime(2025, 3, 12, 12, 40, 14)), ('DL1PD5015', datetime.datetime(2025, 3, 12, 11, 36, 53)), ('DL1PD5023', datetime.datetime(2025, 3, 12, 10, 42, 9)), ('DL1PD5041', datetime.datetime(2025, 3, 12, 12, 30, 14)), ('DL1PD5051', datetime.datetime(2025, 3, 12, 10, 50, 12)), ('DL1PD5066', datetime.datetime(2025, 3, 11, 12, 30, 19)), ('DL1PD5067', datetime.datetime(2025, 3, 12, 13, 16, 14)), ('DL1PD5074', datetime.datetime(2025, 3, 12, 12, 48, 47)), ('DL1PD5078', datetime.datetime(2025, 3, 12, 11, 26, 42)), ('DL1PD5087', datetime.datetime(2025, 3, 12, 12, 56, 59)), ('DL1PD5111', datetime.datetime(2025, 3, 12, 12, 12, 1)), ('DL1PD5116', datetime.datetime(2025, 3, 12, 12, 10, 57)), ('DL1PD5124', datetime.datetime(2025, 3, 12, 13, 15, 20)), ('DL1PD5132', datetime.datetime(2025, 3, 12, 12, 30, 14)), ('DL1PD5164', datetime.datetime(2025, 3, 12, 12, 38, 16)), ('DL1PD5165', datetime.datetime(2025, 3, 12, 12, 30, 14)), ('DL1PD5178', datetime.datetime(2025, 3, 12, 12, 55, 55)), ('DL1PD5189', datetime.datetime(2025, 3, 12, 12, 56, 59)), ('DL1PD5206', datetime.datetime(2025, 3, 12, 12, 46, 18)), ('DL1PD5214', datetime.datetime(2025, 3, 11, 12, 46, 54)), ('DL1PD5219', datetime.datetime(2025, 3, 12, 11, 34, 55)), ('DL1PD5226', datetime.datetime(2025, 3, 11, 13, 42, 57)), ('DL1PD5231', datetime.datetime(2025, 3, 12, 12, 10, 57)), ('DL1PD5256', datetime.datetime(2025, 3, 12, 10, 33, 2)), ('DL1PD5264', datetime.datetime(2025, 3, 12, 12, 39, 20)), ('DL1PD5278', datetime.datetime(2025, 3, 12, 12, 12, 1)), ('DL1PD5286', datetime.datetime(2025, 3, 12, 12, 56, 59)), ('DL1PD5291', datetime.datetime(2025, 3, 11, 11, 54, 26)), ('DL1PD5293', datetime.datetime(2025, 3, 12, 12, 20, 37)), ('DL1PD5312', datetime.datetime(2025, 3, 12, 12, 30, 14)), ('DL1PD5319', datetime.datetime(2025, 3, 12, 12, 56, 59)), ('DL1PD5330', datetime.datetime(2025, 3, 11, 17, 45, 17)), ('DL1PD5353', datetime.datetime(2025, 3, 11, 12, 10, 30)), ('DL1PD5356', datetime.datetime(2025, 3, 12, 13, 15, 20)), ('DL1PD5358', datetime.datetime(2025, 3, 12, 11, 47, 5)), ('DL1PD5361', datetime.datetime(2025, 3, 12, 12, 46, 18)), ('DL1PD5372', datetime.datetime(2025, 3, 12, 10, 35)), ('DL1PD5382', datetime.datetime(2025, 3, 12, 10, 22, 50)), ('DL1PD5409', datetime.datetime(2025, 3, 11, 13, 42, 57)), ('DL1PD5428', datetime.datetime(2025, 3, 11, 13, 52, 12)), ('DL1PD5429', datetime.datetime(2025, 3, 12, 10, 51, 17)), ('DL1PD5452', datetime.datetime(2025, 3, 12, 12, 12, 55)), ('DL1PD5463', datetime.datetime(2025, 3, 12, 13, 14, 16)), ('DL1PD5469', datetime.datetime(2025, 3, 11, 13, 52, 12)), ('DL1PD5471', datetime.datetime(2025, 3, 12, 11, 26, 42)), ('DL1PD5505', datetime.datetime(2025, 3, 12, 12, 40, 14)), ('DL1PD5509', datetime.datetime(2025, 3, 12, 12, 10, 57)), ('DL1PD5518', datetime.datetime(2025, 3, 12, 11, 17, 35)), ('DL1PD5526', datetime.datetime(2025, 3, 12, 11, 44, 3)), ('DL1PD5551', datetime.datetime(2025, 3, 11, 12, 20, 8)), ('DL1PD5575', datetime.datetime(2025, 3, 12, 13, 16, 14)), ('DL1PD5593', datetime.datetime(2025, 3, 12, 10, 58, 27)), ('DL1PD5651', datetime.datetime(2025, 3, 12, 10, 25, 53)), ('DL1PD5652', datetime.datetime(2025, 3, 12, 12, 46, 18)), ('DL1PD5655', datetime.datetime(2025, 3, 11, 13, 40, 49)), ('DL1PD5658', datetime.datetime(2025, 3, 12, 11, 47, 5)), ('DL1PD5674', datetime.datetime(2025, 3, 12, 13, 32, 3)), ('DL1PD5675', datetime.datetime(2025, 3, 11, 13, 50, 3)), ('DL1PD5689', datetime.datetime(2025, 3, 11, 22, 15, 47)), ('DL1PD5695', datetime.datetime(2025, 3, 12, 12, 56, 59)), ('DL1PD5700', datetime.datetime(2025, 3, 12, 12, 39, 20)), ('DL1PD5708', datetime.datetime(2025, 3, 12, 12, 10, 57)), ('DL1PD5715', datetime.datetime(2025, 3, 11, 22, 15, 47)), ('DL1PD5718', datetime.datetime(2025, 3, 12, 11, 18, 39)), ('DL1PD5719', datetime.datetime(2025, 3, 11, 13, 14, 51)), ('DL1PD5725', datetime.datetime(2025, 3, 11, 12, 12, 7)), ('DL1PD5729', datetime.datetime(2025, 3, 12, 12, 30, 14)), ('DL1PD5735', datetime.datetime(2025, 3, 11, 12, 30, 20)), ('DL1PD5740', datetime.datetime(2025, 3, 11, 12, 29, 15)), ('DL1PD5757', datetime.datetime(2025, 3, 12, 11, 54, 10)), ('DL1PD5783', datetime.datetime(2025, 3, 12, 13, 24, 25)), ('DL1PD5785', datetime.datetime(2025, 3, 12, 12, 12, 1)), ('DL1PD5787', datetime.datetime(2025, 3, 11, 21, 57, 24)), ('DL1PD5788', datetime.datetime(2025, 3, 11, 22, 23, 54)), ('DL1PD5789', datetime.datetime(2025, 3, 11, 19, 24, 31)), ('DL1PD5792', datetime.datetime(2025, 3, 11, 12, 48, 31)), ('DL1PD5793', datetime.datetime(2025, 3, 11, 21, 30, 47)), ('DL1PD5795', datetime.datetime(2025, 3, 11, 21, 30, 48)), ('DL1PD5796', datetime.datetime(2025, 3, 12, 13, 24, 25)), ('DL1PD5797', datetime.datetime(2025, 3, 11, 21, 57, 24)), ('DL1PD5799', datetime.datetime(2025, 3, 11, 12, 48, 31)), ('DL1PD5801', datetime.datetime(2025, 3, 11, 22, 15, 47)), ('DL1PD5802', datetime.datetime(2025, 3, 11, 21, 48, 11)), ('DL1PD5806', datetime.datetime(2025, 3, 11, 12, 30, 19)), ('DL1PD5810', datetime.datetime(2025, 3, 11, 22, 15, 47)), ('DL1PD5821', datetime.datetime(2025, 3, 12, 13, 24, 25)), ('DL1PD5833', datetime.datetime(2025, 3, 12, 12, 48, 47)), ('DL1PD5836', datetime.datetime(2025, 3, 11, 22, 50, 49)), ('DL1PD5837', datetime.datetime(2025, 3, 11, 13, 24, 6)), ('DL1PD5859', datetime.datetime(2025, 3, 11, 13, 33, 11)), ('DL1PD5860', datetime.datetime(2025, 3, 11, 22, 15, 47)), ('DL1PD5875', datetime.datetime(2025, 3, 11, 20, 18, 16)), ('DL1PD5880', datetime.datetime(2025, 3, 12, 11, 36, 53)), ('DL1PD5884', datetime.datetime(2025, 3, 11, 13, 51, 8)), ('DL1PD5886', datetime.datetime(2025, 3, 12, 13, 15, 20)), ('DL1PD5887', datetime.datetime(2025, 3, 12, 12, 39, 20)), ('DL1PD5889', datetime.datetime(2025, 3, 12, 13, 33, 7)), ('DL1PD5891', datetime.datetime(2025, 3, 12, 13, 33, 7)), ('DL1PD5894', datetime.datetime(2025, 3, 11, 21, 48, 11)), ('DL1PD5895', datetime.datetime(2025, 3, 11, 22, 50, 49)), ('DL1PD5907', datetime.datetime(2025, 3, 11, 13, 14, 51)), ('DL1PD5908', datetime.datetime(2025, 3, 11, 22, 15, 47)), ('DL1PD5911', datetime.datetime(2025, 3, 12, 13, 15, 20)), ('DL1PD5913', datetime.datetime(2025, 3, 11, 13, 33, 11)), ('DL1PD5916', datetime.datetime(2025, 3, 12, 9, 47, 56)), ('DL1PD5917', datetime.datetime(2025, 3, 12, 9, 2, 49)), ('DL1PD5918', datetime.datetime(2025, 3, 12, 9, 57, 3)), ('DL1PD5919', datetime.datetime(2025, 3, 12, 10, 24, 59)), ('DL1PD5924', datetime.datetime(2025, 3, 11, 22, 50, 49)), ('DL1PD5937', datetime.datetime(2025, 3, 12, 13, 33, 7)), ('DL1PD5938', datetime.datetime(2025, 3, 12, 12, 39, 21)), ('DL1PD5939', datetime.datetime(2025, 3, 12, 12, 30, 14)), ('DL1PD5942', datetime.datetime(2025, 3, 12, 12, 48, 47)), ('DL1PD5946', datetime.datetime(2025, 3, 12, 12, 39, 20)), ('DL1PD5947', datetime.datetime(2025, 3, 11, 12, 57, 36)), ('DL1PD5949', datetime.datetime(2025, 3, 11, 22, 50, 49)), ('DL1PD5959', datetime.datetime(2025, 3, 11, 13, 33, 11)), ('DL1PD5961', datetime.datetime(2025, 3, 11, 22, 50, 49)), ('DL1PD5978', datetime.datetime(2025, 3, 11, 22, 50, 49)), ('DL1PD5985', datetime.datetime(2025, 3, 12, 13, 15, 20)), ('DL1PD5988', datetime.datetime(2025, 3, 12, 12, 30, 14)), ('DL1PD5991', datetime.datetime(2025, 3, 12, 13, 33, 7)), ('DL1PD5992', datetime.datetime(2025, 3, 12, 10, 42, 9)), ('DL1PD5997', datetime.datetime(2025, 3, 12, 12, 48, 47)), ('DL1PD5998', datetime.datetime(2025, 3, 11, 22, 50, 49)), ('DL1PD6010', datetime.datetime(2025, 3, 12, 12, 21, 30)), ('DL1PD6011', datetime.datetime(2025, 3, 12, 13, 33, 7)), ('DL1PD6014', datetime.datetime(2025, 3, 12, 13, 24, 25)), ('DL1PD6019', datetime.datetime(2025, 3, 12, 12, 30, 14)), ('DL1PD6021', datetime.datetime(2025, 3, 12, 13, 15, 20)), ('DL1PD6028', datetime.datetime(2025, 3, 12, 13, 33, 7)), ('DL1PD6033', datetime.datetime(2025, 3, 12, 13, 15, 20)), ('DL1PD6037', datetime.datetime(2025, 3, 11, 22, 50, 49)), ('DL1PD6041', datetime.datetime(2025, 3, 11, 21, 30, 47)), ('DL1PD6043', datetime.datetime(2025, 3, 11, 21, 30, 48)), ('DL1PD6044', datetime.datetime(2025, 3, 11, 12, 39, 25)), ('DL1PD6050', datetime.datetime(2025, 3, 11, 22, 50, 49)), ('DL1PD6051', datetime.datetime(2025, 3, 11, 22, 15, 47)), ('DL1PD6065', datetime.datetime(2025, 3, 12, 12, 30, 14)), ('DL1PD6071', datetime.datetime(2025, 3, 12, 10, 42, 9)), ('DL1PD6073', datetime.datetime(2025, 3, 11, 22, 15, 47)), ('DL1PD6086', datetime.datetime(2025, 3, 11, 22, 23, 54)), ('DL1PD6088', datetime.datetime(2025, 3, 11, 22, 50, 49)), ('DL1PD6089', datetime.datetime(2025, 3, 11, 22, 15, 47)), ('DL1PD6094', datetime.datetime(2025, 3, 12, 13, 33, 7)), ('DL1PD6107', datetime.datetime(2025, 3, 12, 11, 18, 39)), ('DL1PD6113', datetime.datetime(2025, 3, 12, 12, 30, 14)), ('DL1PD6116', datetime.datetime(2025, 3, 11, 22, 15, 47)), ('DL1PD6117', datetime.datetime(2025, 3, 11, 22, 15, 47)), ('DL1PD6118', datetime.datetime(2025, 3, 11, 13, 50, 3)), ('DL1PD6119', datetime.datetime(2025, 3, 11, 12, 20, 9)), ('DL1PD6128', datetime.datetime(2025, 3, 11, 22, 15, 47)), ('DL1PD6154', datetime.datetime(2025, 3, 11, 22, 50, 49)), ('DL1PD6157', datetime.datetime(2025, 3, 11, 22, 50, 49)), ('DL1PD6160', datetime.datetime(2025, 3, 12, 12, 48, 47)), ('DL1PD6163', datetime.datetime(2025, 3, 12, 13, 33, 7)), ('DL1PD6173', datetime.datetime(2025, 3, 11, 22, 15, 47)), ('DL1PD6191', datetime.datetime(2025, 3, 12, 10, 41, 5)), ('DL1PD6219', datetime.datetime(2025, 3, 12, 10, 42, 9)), ('DL1PD6233', datetime.datetime(2025, 3, 11, 12, 10, 30)), ('DL1PD6241', datetime.datetime(2025, 3, 11, 22, 40, 48)), ('DL1PD6395', datetime.datetime(2025, 3, 12, 10, 15, 19)), ('DL1PD6401', datetime.datetime(2025, 3, 12, 13, 15, 20)), ('DL51EV4373', datetime.datetime(2025, 3, 12, 11, 20, 38)), ('DL51EV4400', datetime.datetime(2025, 3, 11, 12, 32, 17)), ('DL51GD0249', datetime.datetime(2025, 3, 12, 12, 58, 57)), ('DL51GD1799', datetime.datetime(2025, 3, 12, 10, 35)), ('DL51GD2400', datetime.datetime(2025, 3, 12, 12, 32, 12)), ('DL51GD4003', datetime.datetime(2025, 3, 12, 12, 12, 55))]
Traceback (most recent call last):
  File "C:\Users\Asus\AppData\Local\Programs\Python\Python312\Lib\site-packages\sqlalchemy\engine\base.py", line 1414, in execute
    meth = statement._execute_on_connection
           ^^^^^^^^^^^^^^^^^^^^^^^^^^^^^^^^
AttributeError: 'list' object has no attribute '_execute_on_connection'

The above exception was the direct cause of the following exception:

Traceback (most recent call last):
  File "c:\programs\project_1222086\DTC2025\rt_vehicle_location.py", line 92, in importRealTimeData
    conn.execute(stmt)
  File "C:\Users\Asus\AppData\Local\Programs\Python\Python312\Lib\site-packages\sqlalchemy\engine\base.py", line 1416, in execute
    raise exc.ObjectNotExecutableError(statement) from err
sqlalchemy.exc.ObjectNotExecutableError: Not an executable object: [('DL1PC6608', datetime.datetime(2025, 3, 11, 23, 10, 17)), ('DL1PC6621', datetime.datetime(2025, 3, 12, 12, 40, 14)), ('DL1PC6629', datetime.datetime(2025, 3, 12, 10, 52, 22)), ('DL1PC6720', datetime.datetime(2025, 3, 11, 23, 10, 17)), ('DL1PC6722', datetime.datetime(2025, 3, 12, 11, 46, 1)), ('DL1PC6814', datetime.datetime(2025, 3, 11, 12, 10, 30)), ('DL1PC6816', datetime.datetime(2025, 3, 12, 10, 31, 58)), ('DL1PC6822', datetime.datetime(2025, 3, 12, 11, 44, 3)), ('DL1PC6823', datetime.datetime(2025, 3, 12, 12, 10, 57)), ('DL1PC6847', datetime.datetime(2025, 3, 11, 15, 37, 48)), ('DL1PC6904', datetime.datetime(2025, 3, 12, 10, 52, 22)), ('DL1PC6906', datetime.datetime(2025, 3, 12, 12, 22, 34)), ('DL1PC6937', datetime.datetime(2025, 3, 12, 13, 32, 2)), ('DL1PD0018', datetime.datetime(2025, 3, 12, 10, 15, 19)), ('DL1PD0021', datetime.datetime(2025, 3, 12, 13, 15, 20)), ('DL1PD0026', datetime.datetime(2025, 3, 12, 12, 30, 14)), ('DL1PD0035', datetime.datetime(2025, 3, 11, 13, 33, 11)), ('DL1PD0072', datetime.datetime(2025, 3, 12, 11, 27, 46)), ('DL1PD0073', datetime.datetime(2025, 3, 12, 10, 24, 59)), ('DL1PD0075', datetime.datetime(2025, 3, 12, 13, 33, 7)), ('DL1PD0090', datetime.datetime(2025, 3, 12, 11, 10, 5)), ('DL1PD0094', datetime.datetime(2025, 3, 11, 23, 10, 17)), ('DL1PD0214', datetime.datetime(2025, 3, 11, 12, 57, 35)), ('DL1PD0217', datetime.datetime(2025, 3, 12, 11, 18, 40)), ('DL1PD0220', datetime.datetime(2025, 3, 11, 13, 14, 51)), ('DL1PD0292', datetime.datetime(2025, 3, 11, 22, 34, 7)), ('DL1PD0329', datetime.datetime(2025, 3, 12, 11, 10, 5)), ('DL1PD0333', datetime.datetime(2025, 3, 12, 11, 10, 5)), ('DL1PD0336', datetime.datetime(2025, 3, 11, 14, 1, 16)), ('DL1PD0553', datetime.datetime(2025, 3, 11, 22, 24, 57)), ('DL1PD0604', datetime.datetime(2025, 3, 12, 10, 34, 7)), ('DL1PD0617', datetime.datetime(2025, 3, 12, 13, 33, 7)), ('DL1PD0622', datetime.datetime(2025, 3, 12, 12, 12, 1)), ('DL1PD0630', datetime.datetime(2025, 3, 11, 13, 25, 10)), ('DL1PD0648', datetime.datetime(2025, 3, 12, 12, 56, 59)), ('DL1PD0653', datetime.datetime(2025, 3, 12, 11, 18, 39)), ('DL1PD0689', datetime.datetime(2025, 3, 11, 13, 52, 12)), ('DL1PD0691', datetime.datetime(2025, 3, 12, 13, 16, 14)), ('DL1PD0692', datetime.datetime(2025, 3, 12, 12, 22, 34)), ('DL1PD0700', datetime.datetime(2025, 3, 12, 13, 15, 20)), ('DL1PD0723', datetime.datetime(2025, 3, 12, 13, 15, 20)), ('DL1PD0830', datetime.datetime(2025, 3, 12, 10, 15, 19)), ('DL1PD0836', datetime.datetime(2025, 3, 11, 12, 30, 19)), ('DL1PD0853', datetime.datetime(2025, 3, 11, 11, 45, 20)), ('DL1PD0857', datetime.datetime(2025, 3, 11, 11, 45, 19)), ('DL1PD0869', datetime.datetime(2025, 3, 11, 11, 27, 38)), ('DL1PD0922', datetime.datetime(2025, 3, 12, 11, 28, 51)), ('DL1PD0998', datetime.datetime(2025, 3, 12, 10, 52, 22)), ('DL1PD0999', datetime.datetime(2025, 3, 12, 10, 16, 24)), ('DL1PD1001', datetime.datetime(2025, 3, 12, 11, 55, 14)), ('DL1PD1004', datetime.datetime(2025, 3, 12, 11, 55, 14)), ('DL1PD1015', datetime.datetime(2025, 3, 12, 11, 55, 14)), ('DL1PD1017', datetime.datetime(2025, 3, 11, 11, 55, 20)), ('DL1PD1024', datetime.datetime(2025, 3, 11, 12, 31, 23)), ('DL1PD1034', datetime.datetime(2025, 3, 12, 13, 16, 14)), ('DL1PD1060', datetime.datetime(2025, 3, 12, 11, 55, 13)), ('DL1PD1099', datetime.datetime(2025, 3, 12, 10, 52, 22)), ('DL1PD1130', datetime.datetime(2025, 3, 12, 11, 46, 1)), ('DL1PD1164', datetime.datetime(2025, 3, 12, 11, 55, 14)), ('DL1PD1177', datetime.datetime(2025, 3, 12, 11, 55, 14)), ('DL1PD1199', datetime.datetime(2025, 3, 11, 10, 16, 8)), ('DL1PD1329', datetime.datetime(2025, 3, 12, 12, 40, 14)), ('DL1PD1339', datetime.datetime(2025, 3, 12, 11, 55, 14)), ('DL1PD1351', datetime.datetime(2025, 3, 12, 11, 55, 13)), ('DL1PD1475', datetime.datetime(2025, 3, 12, 11, 55, 14)), ('DL1PD1477', datetime.datetime(2025, 3, 11, 23, 10, 17)), ('DL1PD1478', datetime.datetime(2025, 3, 11, 13, 52, 12)), ('DL1PD1536', datetime.datetime(2025, 3, 12, 12, 31, 8)), ('DL1PD1542', datetime.datetime(2025, 3, 11, 13, 34, 15)), ('DL1PD1566', datetime.datetime(2025, 3, 11, 13, 15, 56)), ('DL1PD1696', datetime.datetime(2025, 3, 12, 11, 20, 38)), ('DL1PD2155', datetime.datetime(2025, 3, 12, 13, 25, 29)), ('DL1PD2280', datetime.datetime(2025, 3, 12, 13, 25, 29)), ('DL1PD2284', datetime.datetime(2025, 3, 12, 12, 38, 16)), ('DL1PD2300', datetime.datetime(2025, 3, 12, 13, 35, 15)), ('DL1PD2363', datetime.datetime(2025, 3, 12, 13, 35, 15)), ('DL1PD2380', datetime.datetime(2025, 3, 11, 13, 35, 51)), ('DL1PD2384', datetime.datetime(2025, 3, 12, 11, 37, 58)), ('DL1PD2396', datetime.datetime(2025, 3, 12, 13, 17, 18)), ('DL1PD2492', datetime.datetime(2025, 3, 12, 13, 16, 14)), ('DL1PD2495', datetime.datetime(2025, 3, 12, 10, 53, 16)), ('DL1PD2514', datetime.datetime(2025, 3, 12, 13, 35, 15)), ('DL1PD2525', datetime.datetime(2025, 3, 12, 11, 55, 14)), ('DL1PD2539', datetime.datetime(2025, 3, 12, 11, 55, 14)), ('DL1PD2561', datetime.datetime(2025, 3, 12, 12, 22, 34)), ('DL1PD2568', datetime.datetime(2025, 3, 11, 12, 50, 29)), ('DL1PD2581', datetime.datetime(2025, 3, 12, 13, 35, 15)), ('DL1PD2586', datetime.datetime(2025, 3, 12, 12, 23, 39)), ('DL1PD2596', datetime.datetime(2025, 3, 11, 13, 26, 4)), ('DL1PD2614', datetime.datetime(2025, 3, 12, 10, 35)), ('DL1PD2623', datetime.datetime(2025, 3, 12, 10, 25, 53)), ('DL1PD2644', datetime.datetime(2025, 3, 11, 13, 26, 4)), ('DL1PD2682', datetime.datetime(2025, 3, 12, 13, 35, 15)), ('DL1PD2698', datetime.datetime(2025, 3, 12, 11, 37, 58)), ('DL1PD2712', datetime.datetime(2025, 3, 12, 13, 25, 29)), ('DL1PD2753', datetime.datetime(2025, 3, 12, 13, 17, 18)), ('DL1PD2759', datetime.datetime(2025, 3, 12, 12, 58, 57)), ('DL1PD2762', datetime.datetime(2025, 3, 11, 13, 35, 51)), ('DL1PD2809', datetime.datetime(2025, 3, 11, 13, 17)), ('DL1PD2835', datetime.datetime(2025, 3, 12, 13, 35, 15)), ('DL1PD2855', datetime.datetime(2025, 3, 11, 12, 59, 44)), ('DL1PD2878', datetime.datetime(2025, 3, 12, 13, 17, 19)), ('DL1PD2944', datetime.datetime(2025, 3, 12, 10, 35)), ('DL1PD2969', datetime.datetime(2025, 3, 12, 12, 32, 12)), ('DL1PD2983', datetime.datetime(2025, 3, 12, 10, 25, 53)), ('DL1PD3022', datetime.datetime(2025, 3, 11, 13, 35, 51)), ('DL1PD3023', datetime.datetime(2025, 3, 11, 13, 35, 51)), ('DL1PD3038', datetime.datetime(2025, 3, 12, 11, 37, 58)), ('DL1PD3189', datetime.datetime(2025, 3, 11, 13, 35, 51)), ('DL1PD3296', datetime.datetime(2025, 3, 12, 11, 20, 38)), ('DL1PD3344', datetime.datetime(2025, 3, 11, 12, 32, 18)), ('DL1PD3466', datetime.datetime(2025, 3, 12, 13, 17, 18)), ('DL1PD3471', datetime.datetime(2025, 3, 11, 13, 15, 56)), ('DL1PD3492', datetime.datetime(2025, 3, 12, 10, 25, 53)), ('DL1PD3594', datetime.datetime(2025, 3, 12, 10, 25, 53)), ('DL1PD3619', datetime.datetime(2025, 3, 12, 12, 38, 17)), ('DL1PD3638', datetime.datetime(2025, 3, 12, 11, 37, 58)), ('DL1PD4080', datetime.datetime(2025, 3, 11, 19, 14, 19)), ('DL1PD4119', datetime.datetime(2025, 3, 12, 11, 44, 3)), ('DL1PD4154', datetime.datetime(2025, 3, 11, 12, 56, 42)), ('DL1PD4183', datetime.datetime(2025, 3, 12, 12, 12, 1)), ('DL1PD4188', datetime.datetime(2025, 3, 11, 13, 51, 7)), ('DL1PD4191', datetime.datetime(2025, 3, 12, 11, 55, 14)), ('DL1PD4212', datetime.datetime(2025, 3, 12, 13, 16, 14)), ('DL1PD4217', datetime.datetime(2025, 3, 12, 12, 40, 14)), ('DL1PD4229', datetime.datetime(2025, 3, 12, 11, 55, 13)), ('DL1PD4231', datetime.datetime(2025, 3, 12, 13, 23, 20)), ('DL1PD4233', datetime.datetime(2025, 3, 11, 22, 15, 47)), ('DL1PD4261', datetime.datetime(2025, 3, 12, 11, 55, 14)), ('DL1PD4262', datetime.datetime(2025, 3, 11, 12, 58, 40)), ('DL1PD4267', datetime.datetime(2025, 3, 11, 22, 15, 47)), ('DL1PD4268', datetime.datetime(2025, 3, 12, 12, 20, 36)), ('DL1PD4297', datetime.datetime(2025, 3, 12, 11, 55, 13)), ('DL1PD4299', datetime.datetime(2025, 3, 11, 13, 34, 15)), ('DL1PD4302', datetime.datetime(2025, 3, 12, 12, 12, 1)), ('DL1PD4305', datetime.datetime(2025, 3, 11, 21, 31, 41)), ('DL1PD4308', datetime.datetime(2025, 3, 12, 12, 30, 14)), ('DL1PD4310', datetime.datetime(2025, 3, 12, 10, 50, 12)), ('DL1PD4315', datetime.datetime(2025, 3, 12, 10, 51, 17)), ('DL1PD4317', datetime.datetime(2025, 3, 12, 13, 15, 20)), ('DL1PD4324', datetime.datetime(2025, 3, 11, 21, 22, 37)), ('DL1PD4326', datetime.datetime(2025, 3, 11, 18, 38, 22)), ('DL1PD4327', datetime.datetime(2025, 3, 11, 10, 15, 4)), ('DL1PD4340', datetime.datetime(2025, 3, 11, 19, 24, 30)), ('DL1PD4344', datetime.datetime(2025, 3, 12, 12, 30, 14)), ('DL1PD4362', datetime.datetime(2025, 3, 12, 10, 15, 19)), ('DL1PD4369', datetime.datetime(2025, 3, 11, 13, 33, 11)), ('DL1PD4370', datetime.datetime(2025, 3, 12, 12, 12, 56)), ('DL1PD4371', datetime.datetime(2025, 3, 12, 13, 15, 20)), ('DL1PD4374', datetime.datetime(2025, 3, 12, 12, 12, 56)), ('DL1PD4375', datetime.datetime(2025, 3, 11, 11, 45, 20)), ('DL1PD4430', datetime.datetime(2025, 3, 12, 12, 12, 55)), ('DL1PD4461', datetime.datetime(2025, 3, 12, 12, 40, 14)), ('DL1PD4463', datetime.datetime(2025, 3, 12, 12, 38, 16)), ('DL1PD4475', datetime.datetime(2025, 3, 12, 12, 12, 55)), ('DL1PD4484', datetime.datetime(2025, 3, 11, 13, 24, 6)), ('DL1PD4495', datetime.datetime(2025, 3, 12, 12, 56, 59)), ('DL1PD4507', datetime.datetime(2025, 3, 11, 13, 52, 12)), ('DL1PD4526', datetime.datetime(2025, 3, 11, 11, 37, 7)), ('DL1PD4543', datetime.datetime(2025, 3, 11, 12, 21, 13)), ('DL1PD4550', datetime.datetime(2025, 3, 12, 13, 33, 7)), ('DL1PD4558', datetime.datetime(2025, 3, 12, 13, 34, 11)), ('DL1PD4567', datetime.datetime(2025, 3, 11, 22, 24, 58)), ('DL1PD4577', datetime.datetime(2025, 3, 11, 11, 27, 38)), ('DL1PD4602', datetime.datetime(2025, 3, 12, 10, 51, 17)), ('DL1PD4606', datetime.datetime(2025, 3, 12, 11, 26, 42)), ('DL1PD4607', datetime.datetime(2025, 3, 12, 12, 46, 18)), ('DL1PD4613', datetime.datetime(2025, 3, 12, 12, 38, 16)), ('DL1PD4619', datetime.datetime(2025, 3, 12, 10, 15, 19)), ('DL1PD4639', datetime.datetime(2025, 3, 12, 12, 21, 30)), ('DL1PD4649', datetime.datetime(2025, 3, 12, 11, 26, 42)), ('DL1PD4668', datetime.datetime(2025, 3, 12, 11, 55, 14)), ('DL1PD4672', datetime.datetime(2025, 3, 11, 21, 30, 48)), ('DL1PD4675', datetime.datetime(2025, 3, 12, 12, 12, 1)), ('DL1PD4677', datetime.datetime(2025, 3, 12, 11, 55, 14)), ('DL1PD4692', datetime.datetime(2025, 3, 11, 22, 34, 7)), ('DL1PD4703', datetime.datetime(2025, 3, 11, 11, 37, 7)), ('DL1PD4710', datetime.datetime(2025, 3, 12, 12, 40, 14)), ('DL1PD4718', datetime.datetime(2025, 3, 11, 12, 39, 25)), ('DL1PD4728', datetime.datetime(2025, 3, 12, 13, 33, 7)), ('DL1PD4729', datetime.datetime(2025, 3, 11, 13, 42, 57)), ('DL1PD4750', datetime.datetime(2025, 3, 11, 22, 15, 47)), ('DL1PD4758', datetime.datetime(2025, 3, 11, 13, 15, 55)), ('DL1PD4764', datetime.datetime(2025, 3, 12, 12, 12, 55)), ('DL1PD4768', datetime.datetime(2025, 3, 12, 12, 22, 34)), ('DL1PD4776', datetime.datetime(2025, 3, 12, 12, 30, 14)), ('DL1PD4779', datetime.datetime(2025, 3, 11, 22, 50, 49)), ('DL1PD4820', datetime.datetime(2025, 3, 11, 22, 50, 49)), ('DL1PD4840', datetime.datetime(2025, 3, 11, 12, 22, 17)), ('DL1PD4843', datetime.datetime(2025, 3, 11, 12, 57, 36)), ('DL1PD4905', datetime.datetime(2025, 3, 11, 21, 22, 27)), ('DL1PD4920', datetime.datetime(2025, 3, 12, 13, 15, 20)), ('DL1PD4927', datetime.datetime(2025, 3, 11, 12, 13, 11)), ('DL1PD4929', datetime.datetime(2025, 3, 12, 12, 12, 1)), ('DL1PD4940', datetime.datetime(2025, 3, 12, 10, 51, 17)), ('DL1PD4948', datetime.datetime(2025, 3, 12, 13, 15, 20)), ('DL1PD4954', datetime.datetime(2025, 3, 11, 21, 31, 41)), ('DL1PD4956', datetime.datetime(2025, 3, 11, 20, 54, 41)), ('DL1PD4965', datetime.datetime(2025, 3, 11, 12, 57, 36)), ('DL1PD4979', datetime.datetime(2025, 3, 12, 12, 31, 8)), ('DL1PD4986', datetime.datetime(2025, 3, 12, 12, 40, 14)), ('DL1PD5015', datetime.datetime(2025, 3, 12, 11, 36, 53)), ('DL1PD5023', datetime.datetime(2025, 3, 12, 10, 42, 9)), ('DL1PD5041', datetime.datetime(2025, 3, 12, 12, 30, 14)), ('DL1PD5051', datetime.datetime(2025, 3, 12, 10, 50, 12)), ('DL1PD5066', datetime.datetime(2025, 3, 11, 12, 30, 19)), ('DL1PD5067', datetime.datetime(2025, 3, 12, 13, 16, 14)), ('DL1PD5074', datetime.datetime(2025, 3, 12, 12, 48, 47)), ('DL1PD5078', datetime.datetime(2025, 3, 12, 11, 26, 42)), ('DL1PD5087', datetime.datetime(2025, 3, 12, 12, 56, 59)), ('DL1PD5111', datetime.datetime(2025, 3, 12, 12, 12, 1)), ('DL1PD5116', datetime.datetime(2025, 3, 12, 12, 10, 57)), ('DL1PD5124', datetime.datetime(2025, 3, 12, 13, 15, 20)), ('DL1PD5132', datetime.datetime(2025, 3, 12, 12, 30, 14)), ('DL1PD5164', datetime.datetime(2025, 3, 12, 12, 38, 16)), ('DL1PD5165', datetime.datetime(2025, 3, 12, 12, 30, 14)), ('DL1PD5178', datetime.datetime(2025, 3, 12, 12, 55, 55)), ('DL1PD5189', datetime.datetime(2025, 3, 12, 12, 56, 59)), ('DL1PD5206', datetime.datetime(2025, 3, 12, 12, 46, 18)), ('DL1PD5214', datetime.datetime(2025, 3, 11, 12, 46, 54)), ('DL1PD5219', datetime.datetime(2025, 3, 12, 11, 34, 55)), ('DL1PD5226', datetime.datetime(2025, 3, 11, 13, 42, 57)), ('DL1PD5231', datetime.datetime(2025, 3, 12, 12, 10, 57)), ('DL1PD5256', datetime.datetime(2025, 3, 12, 10, 33, 2)), ('DL1PD5264', datetime.datetime(2025, 3, 12, 12, 39, 20)), ('DL1PD5278', datetime.datetime(2025, 3, 12, 12, 12, 1)), ('DL1PD5286', datetime.datetime(2025, 3, 12, 12, 56, 59)), ('DL1PD5291', datetime.datetime(2025, 3, 11, 11, 54, 26)), ('DL1PD5293', datetime.datetime(2025, 3, 12, 12, 20, 37)), ('DL1PD5312', datetime.datetime(2025, 3, 12, 12, 30, 14)), ('DL1PD5319', datetime.datetime(2025, 3, 12, 12, 56, 59)), ('DL1PD5330', datetime.datetime(2025, 3, 11, 17, 45, 17)), ('DL1PD5353', datetime.datetime(2025, 3, 11, 12, 10, 30)), ('DL1PD5356', datetime.datetime(2025, 3, 12, 13, 15, 20)), ('DL1PD5358', datetime.datetime(2025, 3, 12, 11, 47, 5)), ('DL1PD5361', datetime.datetime(2025, 3, 12, 12, 46, 18)), ('DL1PD5372', datetime.datetime(2025, 3, 12, 10, 35)), ('DL1PD5382', datetime.datetime(2025, 3, 12, 10, 22, 50)), ('DL1PD5409', datetime.datetime(2025, 3, 11, 13, 42, 57)), ('DL1PD5428', datetime.datetime(2025, 3, 11, 13, 52, 12)), ('DL1PD5429', datetime.datetime(2025, 3, 12, 10, 51, 17)), ('DL1PD5452', datetime.datetime(2025, 3, 12, 12, 12, 55)), ('DL1PD5463', datetime.datetime(2025, 3, 12, 13, 14, 16)), ('DL1PD5469', datetime.datetime(2025, 3, 11, 13, 52, 12)), ('DL1PD5471', datetime.datetime(2025, 3, 12, 11, 26, 42)), ('DL1PD5505', datetime.datetime(2025, 3, 12, 12, 40, 14)), ('DL1PD5509', datetime.datetime(2025, 3, 12, 12, 10, 57)), ('DL1PD5518', datetime.datetime(2025, 3, 12, 11, 17, 35)), ('DL1PD5526', datetime.datetime(2025, 3, 12, 11, 44, 3)), ('DL1PD5551', datetime.datetime(2025, 3, 11, 12, 20, 8)), ('DL1PD5575', datetime.datetime(2025, 3, 12, 13, 16, 14)), ('DL1PD5593', datetime.datetime(2025, 3, 12, 10, 58, 27)), ('DL1PD5651', datetime.datetime(2025, 3, 12, 10, 25, 53)), ('DL1PD5652', datetime.datetime(2025, 3, 12, 12, 46, 18)), ('DL1PD5655', datetime.datetime(2025, 3, 11, 13, 40, 49)), ('DL1PD5658', datetime.datetime(2025, 3, 12, 11, 47, 5)), ('DL1PD5674', datetime.datetime(2025, 3, 12, 13, 32, 3)), ('DL1PD5675', datetime.datetime(2025, 3, 11, 13, 50, 3)), ('DL1PD5689', datetime.datetime(2025, 3, 11, 22, 15, 47)), ('DL1PD5695', datetime.datetime(2025, 3, 12, 12, 56, 59)), ('DL1PD5700', datetime.datetime(2025, 3, 12, 12, 39, 20)), ('DL1PD5708', datetime.datetime(2025, 3, 12, 12, 10, 57)), ('DL1PD5715', datetime.datetime(2025, 3, 11, 22, 15, 47)), ('DL1PD5718', datetime.datetime(2025, 3, 12, 11, 18, 39)), ('DL1PD5719', datetime.datetime(2025, 3, 11, 13, 14, 51)), ('DL1PD5725', datetime.datetime(2025, 3, 11, 12, 12, 7)), ('DL1PD5729', datetime.datetime(2025, 3, 12, 12, 30, 14)), ('DL1PD5735', datetime.datetime(2025, 3, 11, 12, 30, 20)), ('DL1PD5740', datetime.datetime(2025, 3, 11, 12, 29, 15)), ('DL1PD5757', datetime.datetime(2025, 3, 12, 11, 54, 10)), ('DL1PD5783', datetime.datetime(2025, 3, 12, 13, 24, 25)), ('DL1PD5785', datetime.datetime(2025, 3, 12, 12, 12, 1)), ('DL1PD5787', datetime.datetime(2025, 3, 11, 21, 57, 24)), ('DL1PD5788', datetime.datetime(2025, 3, 11, 22, 23, 54)), ('DL1PD5789', datetime.datetime(2025, 3, 11, 19, 24, 31)), ('DL1PD5792', datetime.datetime(2025, 3, 11, 12, 48, 31)), ('DL1PD5793', datetime.datetime(2025, 3, 11, 21, 30, 47)), ('DL1PD5795', datetime.datetime(2025, 3, 11, 21, 30, 48)), ('DL1PD5796', datetime.datetime(2025, 3, 12, 13, 24, 25)), ('DL1PD5797', datetime.datetime(2025, 3, 11, 21, 57, 24)), ('DL1PD5799', datetime.datetime(2025, 3, 11, 12, 48, 31)), ('DL1PD5801', datetime.datetime(2025, 3, 11, 22, 15, 47)), ('DL1PD5802', datetime.datetime(2025, 3, 11, 21, 48, 11)), ('DL1PD5806', datetime.datetime(2025, 3, 11, 12, 30, 19)), ('DL1PD5810', datetime.datetime(2025, 3, 11, 22, 15, 47)), ('DL1PD5821', datetime.datetime(2025, 3, 12, 13, 24, 25)), ('DL1PD5833', datetime.datetime(2025, 3, 12, 12, 48, 47)), ('DL1PD5836', datetime.datetime(2025, 3, 11, 22, 50, 49)), ('DL1PD5837', datetime.datetime(2025, 3, 11, 13, 24, 6)), ('DL1PD5859', datetime.datetime(2025, 3, 11, 13, 33, 11)), ('DL1PD5860', datetime.datetime(2025, 3, 11, 22, 15, 47)), ('DL1PD5875', datetime.datetime(2025, 3, 11, 20, 18, 16)), ('DL1PD5880', datetime.datetime(2025, 3, 12, 11, 36, 53)), ('DL1PD5884', datetime.datetime(2025, 3, 11, 13, 51, 8)), ('DL1PD5886', datetime.datetime(2025, 3, 12, 13, 15, 20)), ('DL1PD5887', datetime.datetime(2025, 3, 12, 12, 39, 20)), ('DL1PD5889', datetime.datetime(2025, 3, 12, 13, 33, 7)), ('DL1PD5891', datetime.datetime(2025, 3, 12, 13, 33, 7)), ('DL1PD5894', datetime.datetime(2025, 3, 11, 21, 48, 11)), ('DL1PD5895', datetime.datetime(2025, 3, 11, 22, 50, 49)), ('DL1PD5907', datetime.datetime(2025, 3, 11, 13, 14, 51)), ('DL1PD5908', datetime.datetime(2025, 3, 11, 22, 15, 47)), ('DL1PD5911', datetime.datetime(2025, 3, 12, 13, 15, 20)), ('DL1PD5913', datetime.datetime(2025, 3, 11, 13, 33, 11)), ('DL1PD5916', datetime.datetime(2025, 3, 12, 9, 47, 56)), ('DL1PD5917', datetime.datetime(2025, 3, 12, 9, 2, 49)), ('DL1PD5918', datetime.datetime(2025, 3, 12, 9, 57, 3)), ('DL1PD5919', datetime.datetime(2025, 3, 12, 10, 24, 59)), ('DL1PD5924', datetime.datetime(2025, 3, 11, 22, 50, 49)), ('DL1PD5937', datetime.datetime(2025, 3, 12, 13, 33, 7)), ('DL1PD5938', datetime.datetime(2025, 3, 12, 12, 39, 21)), ('DL1PD5939', datetime.datetime(2025, 3, 12, 12, 30, 14)), ('DL1PD5942', datetime.datetime(2025, 3, 12, 12, 48, 47)), ('DL1PD5946', datetime.datetime(2025, 3, 12, 12, 39, 20)), ('DL1PD5947', datetime.datetime(2025, 3, 11, 12, 57, 36)), ('DL1PD5949', datetime.datetime(2025, 3, 11, 22, 50, 49)), ('DL1PD5959', datetime.datetime(2025, 3, 11, 13, 33, 11)), ('DL1PD5961', datetime.datetime(2025, 3, 11, 22, 50, 49)), ('DL1PD5978', datetime.datetime(2025, 3, 11, 22, 50, 49)), ('DL1PD5985', datetime.datetime(2025, 3, 12, 13, 15, 20)), ('DL1PD5988', datetime.datetime(2025, 3, 12, 12, 30, 14)), ('DL1PD5991', datetime.datetime(2025, 3, 12, 13, 33, 7)), ('DL1PD5992', datetime.datetime(2025, 3, 12, 10, 42, 9)), ('DL1PD5997', datetime.datetime(2025, 3, 12, 12, 48, 47)), ('DL1PD5998', datetime.datetime(2025, 3, 11, 22, 50, 49)), ('DL1PD6010', datetime.datetime(2025, 3, 12, 12, 21, 30)), ('DL1PD6011', datetime.datetime(2025, 3, 12, 13, 33, 7)), ('DL1PD6014', datetime.datetime(2025, 3, 12, 13, 24, 25)), ('DL1PD6019', datetime.datetime(2025, 3, 12, 12, 30, 14)), ('DL1PD6021', datetime.datetime(2025, 3, 12, 13, 15, 20)), ('DL1PD6028', datetime.datetime(2025, 3, 12, 13, 33, 7)), ('DL1PD6033', datetime.datetime(2025, 3, 12, 13, 15, 20)), ('DL1PD6037', datetime.datetime(2025, 3, 11, 22, 50, 49)), ('DL1PD6041', datetime.datetime(2025, 3, 11, 21, 30, 47)), ('DL1PD6043', datetime.datetime(2025, 3, 11, 21, 30, 48)), ('DL1PD6044', datetime.datetime(2025, 3, 11, 12, 39, 25)), ('DL1PD6050', datetime.datetime(2025, 3, 11, 22, 50, 49)), ('DL1PD6051', datetime.datetime(2025, 3, 11, 22, 15, 47)), ('DL1PD6065', datetime.datetime(2025, 3, 12, 12, 30, 14)), ('DL1PD6071', datetime.datetime(2025, 3, 12, 10, 42, 9)), ('DL1PD6073', datetime.datetime(2025, 3, 11, 22, 15, 47)), ('DL1PD6086', datetime.datetime(2025, 3, 11, 22, 23, 54)), ('DL1PD6088', datetime.datetime(2025, 3, 11, 22, 50, 49)), ('DL1PD6089', datetime.datetime(2025, 3, 11, 22, 15, 47)), ('DL1PD6094', datetime.datetime(2025, 3, 12, 13, 33, 7)), ('DL1PD6107', datetime.datetime(2025, 3, 12, 11, 18, 39)), ('DL1PD6113', datetime.datetime(2025, 3, 12, 12, 30, 14)), ('DL1PD6116', datetime.datetime(2025, 3, 11, 22, 15, 47)), ('DL1PD6117', datetime.datetime(2025, 3, 11, 22, 15, 47)), ('DL1PD6118', datetime.datetime(2025, 3, 11, 13, 50, 3)), ('DL1PD6119', datetime.datetime(2025, 3, 11, 12, 20, 9)), ('DL1PD6128', datetime.datetime(2025, 3, 11, 22, 15, 47)), ('DL1PD6154', datetime.datetime(2025, 3, 11, 22, 50, 49)), ('DL1PD6157', datetime.datetime(2025, 3, 11, 22, 50, 49)), ('DL1PD6160', datetime.datetime(2025, 3, 12, 12, 48, 47)), ('DL1PD6163', datetime.datetime(2025, 3, 12, 13, 33, 7)), ('DL1PD6173', datetime.datetime(2025, 3, 11, 22, 15, 47)), ('DL1PD6191', datetime.datetime(2025, 3, 12, 10, 41, 5)), ('DL1PD6219', datetime.datetime(2025, 3, 12, 10, 42, 9)), ('DL1PD6233', datetime.datetime(2025, 3, 11, 12, 10, 30)), ('DL1PD6241', datetime.datetime(2025, 3, 11, 22, 40, 48)), ('DL1PD6395', datetime.datetime(2025, 3, 12, 10, 15, 19)), ('DL1PD6401', datetime.datetime(2025, 3, 12, 13, 15, 20)), ('DL51EV4373', datetime.datetime(2025, 3, 12, 11, 20, 38)), ('DL51EV4400', datetime.datetime(2025, 3, 11, 12, 32, 17)), ('DL51GD0249', datetime.datetime(2025, 3, 12, 12, 58, 57)), ('DL51GD1799', datetime.datetime(2025, 3, 12, 10, 35)), ('DL51GD2400', datetime.datetime(2025, 3, 12, 12, 32, 12)), ('DL51GD4003', datetime.datetime(2025, 3, 12, 12, 12, 55))]
2025-03-12 15:56:24,026 - INFO - Finished
2025-03-12 15:58:46,634 - INFO - Started
2025-03-12 15:58:46,634 - INFO - Data fetched successfully.
2025-03-12 15:58:47,319 - INFO - Total records fetched: 2084
2025-03-12 15:58:47,383 - INFO - Total Filtered records: 263
2025-03-12 15:58:48,024 - INFO - Filtered records to be inserted into database: 35
2025-03-12 15:58:48,045 - ERROR - An error occurred: Not an executable object: [('DL1PC6608', datetime.datetime(2025, 3, 11, 23, 10, 17)), ('DL1PC6621', datetime.datetime(2025, 3, 12, 12, 40, 14)), ('DL1PC6629', datetime.datetime(2025, 3, 12, 10, 52, 22)), ('DL1PC6720', datetime.datetime(2025, 3, 11, 23, 10, 17)), ('DL1PC6722', datetime.datetime(2025, 3, 12, 11, 46, 1)), ('DL1PC6814', datetime.datetime(2025, 3, 11, 12, 10, 30)), ('DL1PC6816', datetime.datetime(2025, 3, 12, 10, 31, 58)), ('DL1PC6822', datetime.datetime(2025, 3, 12, 11, 44, 3)), ('DL1PC6823', datetime.datetime(2025, 3, 12, 12, 10, 57)), ('DL1PC6847', datetime.datetime(2025, 3, 11, 15, 37, 48)), ('DL1PC6904', datetime.datetime(2025, 3, 12, 10, 52, 22)), ('DL1PC6906', datetime.datetime(2025, 3, 12, 12, 22, 34)), ('DL1PC6937', datetime.datetime(2025, 3, 12, 13, 32, 2)), ('DL1PD0018', datetime.datetime(2025, 3, 12, 10, 15, 19)), ('DL1PD0021', datetime.datetime(2025, 3, 12, 13, 15, 20)), ('DL1PD0026', datetime.datetime(2025, 3, 12, 12, 30, 14)), ('DL1PD0035', datetime.datetime(2025, 3, 11, 13, 33, 11)), ('DL1PD0072', datetime.datetime(2025, 3, 12, 11, 27, 46)), ('DL1PD0073', datetime.datetime(2025, 3, 12, 10, 24, 59)), ('DL1PD0075', datetime.datetime(2025, 3, 12, 13, 33, 7)), ('DL1PD0090', datetime.datetime(2025, 3, 12, 11, 10, 5)), ('DL1PD0094', datetime.datetime(2025, 3, 11, 23, 10, 17)), ('DL1PD0214', datetime.datetime(2025, 3, 11, 12, 57, 35)), ('DL1PD0217', datetime.datetime(2025, 3, 12, 11, 18, 40)), ('DL1PD0220', datetime.datetime(2025, 3, 11, 13, 14, 51)), ('DL1PD0292', datetime.datetime(2025, 3, 11, 22, 34, 7)), ('DL1PD0329', datetime.datetime(2025, 3, 12, 11, 10, 5)), ('DL1PD0333', datetime.datetime(2025, 3, 12, 11, 10, 5)), ('DL1PD0336', datetime.datetime(2025, 3, 11, 14, 1, 16)), ('DL1PD0553', datetime.datetime(2025, 3, 11, 22, 24, 57)), ('DL1PD0604', datetime.datetime(2025, 3, 12, 10, 34, 7)), ('DL1PD0617', datetime.datetime(2025, 3, 12, 13, 33, 7)), ('DL1PD0622', datetime.datetime(2025, 3, 12, 12, 12, 1)), ('DL1PD0630', datetime.datetime(2025, 3, 11, 13, 25, 10)), ('DL1PD0648', datetime.datetime(2025, 3, 12, 12, 56, 59)), ('DL1PD0653', datetime.datetime(2025, 3, 12, 11, 18, 39)), ('DL1PD0689', datetime.datetime(2025, 3, 11, 13, 52, 12)), ('DL1PD0691', datetime.datetime(2025, 3, 12, 13, 16, 14)), ('DL1PD0692', datetime.datetime(2025, 3, 12, 12, 22, 34)), ('DL1PD0700', datetime.datetime(2025, 3, 12, 13, 15, 20)), ('DL1PD0723', datetime.datetime(2025, 3, 12, 13, 15, 20)), ('DL1PD0830', datetime.datetime(2025, 3, 12, 10, 15, 19)), ('DL1PD0836', datetime.datetime(2025, 3, 11, 12, 30, 19)), ('DL1PD0853', datetime.datetime(2025, 3, 11, 11, 45, 20)), ('DL1PD0857', datetime.datetime(2025, 3, 11, 11, 45, 19)), ('DL1PD0869', datetime.datetime(2025, 3, 11, 11, 27, 38)), ('DL1PD0922', datetime.datetime(2025, 3, 12, 11, 28, 51)), ('DL1PD0998', datetime.datetime(2025, 3, 12, 10, 52, 22)), ('DL1PD0999', datetime.datetime(2025, 3, 12, 10, 16, 24)), ('DL1PD1001', datetime.datetime(2025, 3, 12, 11, 55, 14)), ('DL1PD1004', datetime.datetime(2025, 3, 12, 11, 55, 14)), ('DL1PD1015', datetime.datetime(2025, 3, 12, 11, 55, 14)), ('DL1PD1017', datetime.datetime(2025, 3, 11, 11, 55, 20)), ('DL1PD1024', datetime.datetime(2025, 3, 11, 12, 31, 23)), ('DL1PD1034', datetime.datetime(2025, 3, 12, 13, 16, 14)), ('DL1PD1060', datetime.datetime(2025, 3, 12, 11, 55, 13)), ('DL1PD1099', datetime.datetime(2025, 3, 12, 10, 52, 22)), ('DL1PD1130', datetime.datetime(2025, 3, 12, 11, 46, 1)), ('DL1PD1164', datetime.datetime(2025, 3, 12, 11, 55, 14)), ('DL1PD1177', datetime.datetime(2025, 3, 12, 11, 55, 14)), ('DL1PD1199', datetime.datetime(2025, 3, 11, 10, 16, 8)), ('DL1PD1329', datetime.datetime(2025, 3, 12, 12, 40, 14)), ('DL1PD1339', datetime.datetime(2025, 3, 12, 11, 55, 14)), ('DL1PD1351', datetime.datetime(2025, 3, 12, 11, 55, 13)), ('DL1PD1475', datetime.datetime(2025, 3, 12, 11, 55, 14)), ('DL1PD1477', datetime.datetime(2025, 3, 11, 23, 10, 17)), ('DL1PD1478', datetime.datetime(2025, 3, 11, 13, 52, 12)), ('DL1PD1536', datetime.datetime(2025, 3, 12, 12, 31, 8)), ('DL1PD1542', datetime.datetime(2025, 3, 11, 13, 34, 15)), ('DL1PD1566', datetime.datetime(2025, 3, 11, 13, 15, 56)), ('DL1PD1696', datetime.datetime(2025, 3, 12, 11, 20, 38)), ('DL1PD2155', datetime.datetime(2025, 3, 12, 13, 25, 29)), ('DL1PD2280', datetime.datetime(2025, 3, 12, 13, 25, 29)), ('DL1PD2284', datetime.datetime(2025, 3, 12, 12, 38, 16)), ('DL1PD2300', datetime.datetime(2025, 3, 12, 13, 35, 15)), ('DL1PD2363', datetime.datetime(2025, 3, 12, 13, 35, 15)), ('DL1PD2380', datetime.datetime(2025, 3, 11, 13, 35, 51)), ('DL1PD2384', datetime.datetime(2025, 3, 12, 11, 37, 58)), ('DL1PD2396', datetime.datetime(2025, 3, 12, 13, 17, 18)), ('DL1PD2492', datetime.datetime(2025, 3, 12, 13, 16, 14)), ('DL1PD2495', datetime.datetime(2025, 3, 12, 10, 53, 16)), ('DL1PD2514', datetime.datetime(2025, 3, 12, 13, 35, 15)), ('DL1PD2525', datetime.datetime(2025, 3, 12, 11, 55, 14)), ('DL1PD2539', datetime.datetime(2025, 3, 12, 11, 55, 14)), ('DL1PD2561', datetime.datetime(2025, 3, 12, 12, 22, 34)), ('DL1PD2568', datetime.datetime(2025, 3, 11, 12, 50, 29)), ('DL1PD2581', datetime.datetime(2025, 3, 12, 13, 35, 15)), ('DL1PD2586', datetime.datetime(2025, 3, 12, 12, 23, 39)), ('DL1PD2596', datetime.datetime(2025, 3, 11, 13, 26, 4)), ('DL1PD2614', datetime.datetime(2025, 3, 12, 10, 35)), ('DL1PD2623', datetime.datetime(2025, 3, 12, 10, 25, 53)), ('DL1PD2644', datetime.datetime(2025, 3, 11, 13, 26, 4)), ('DL1PD2682', datetime.datetime(2025, 3, 12, 13, 35, 15)), ('DL1PD2698', datetime.datetime(2025, 3, 12, 11, 37, 58)), ('DL1PD2712', datetime.datetime(2025, 3, 12, 13, 25, 29)), ('DL1PD2753', datetime.datetime(2025, 3, 12, 13, 17, 18)), ('DL1PD2759', datetime.datetime(2025, 3, 12, 12, 58, 57)), ('DL1PD2762', datetime.datetime(2025, 3, 11, 13, 35, 51)), ('DL1PD2809', datetime.datetime(2025, 3, 11, 13, 17)), ('DL1PD2835', datetime.datetime(2025, 3, 12, 13, 35, 15)), ('DL1PD2855', datetime.datetime(2025, 3, 11, 12, 59, 44)), ('DL1PD2878', datetime.datetime(2025, 3, 12, 13, 17, 19)), ('DL1PD2944', datetime.datetime(2025, 3, 12, 10, 35)), ('DL1PD2969', datetime.datetime(2025, 3, 12, 12, 32, 12)), ('DL1PD2983', datetime.datetime(2025, 3, 12, 10, 25, 53)), ('DL1PD3022', datetime.datetime(2025, 3, 11, 13, 35, 51)), ('DL1PD3023', datetime.datetime(2025, 3, 11, 13, 35, 51)), ('DL1PD3038', datetime.datetime(2025, 3, 12, 11, 37, 58)), ('DL1PD3189', datetime.datetime(2025, 3, 11, 13, 35, 51)), ('DL1PD3296', datetime.datetime(2025, 3, 12, 11, 20, 38)), ('DL1PD3344', datetime.datetime(2025, 3, 11, 12, 32, 18)), ('DL1PD3466', datetime.datetime(2025, 3, 12, 13, 17, 18)), ('DL1PD3471', datetime.datetime(2025, 3, 11, 13, 15, 56)), ('DL1PD3492', datetime.datetime(2025, 3, 12, 10, 25, 53)), ('DL1PD3594', datetime.datetime(2025, 3, 12, 10, 25, 53)), ('DL1PD3619', datetime.datetime(2025, 3, 12, 12, 38, 17)), ('DL1PD3638', datetime.datetime(2025, 3, 12, 11, 37, 58)), ('DL1PD4080', datetime.datetime(2025, 3, 11, 19, 14, 19)), ('DL1PD4119', datetime.datetime(2025, 3, 12, 11, 44, 3)), ('DL1PD4154', datetime.datetime(2025, 3, 11, 12, 56, 42)), ('DL1PD4183', datetime.datetime(2025, 3, 12, 12, 12, 1)), ('DL1PD4188', datetime.datetime(2025, 3, 11, 13, 51, 7)), ('DL1PD4191', datetime.datetime(2025, 3, 12, 11, 55, 14)), ('DL1PD4212', datetime.datetime(2025, 3, 12, 13, 16, 14)), ('DL1PD4217', datetime.datetime(2025, 3, 12, 12, 40, 14)), ('DL1PD4229', datetime.datetime(2025, 3, 12, 11, 55, 13)), ('DL1PD4231', datetime.datetime(2025, 3, 12, 13, 23, 20)), ('DL1PD4233', datetime.datetime(2025, 3, 11, 22, 15, 47)), ('DL1PD4261', datetime.datetime(2025, 3, 12, 11, 55, 14)), ('DL1PD4262', datetime.datetime(2025, 3, 11, 12, 58, 40)), ('DL1PD4267', datetime.datetime(2025, 3, 11, 22, 15, 47)), ('DL1PD4268', datetime.datetime(2025, 3, 12, 12, 20, 36)), ('DL1PD4297', datetime.datetime(2025, 3, 12, 11, 55, 13)), ('DL1PD4299', datetime.datetime(2025, 3, 11, 13, 34, 15)), ('DL1PD4302', datetime.datetime(2025, 3, 12, 12, 12, 1)), ('DL1PD4305', datetime.datetime(2025, 3, 11, 21, 31, 41)), ('DL1PD4308', datetime.datetime(2025, 3, 12, 12, 30, 14)), ('DL1PD4310', datetime.datetime(2025, 3, 12, 10, 50, 12)), ('DL1PD4315', datetime.datetime(2025, 3, 12, 10, 51, 17)), ('DL1PD4317', datetime.datetime(2025, 3, 12, 13, 15, 20)), ('DL1PD4324', datetime.datetime(2025, 3, 11, 21, 22, 37)), ('DL1PD4326', datetime.datetime(2025, 3, 11, 18, 38, 22)), ('DL1PD4327', datetime.datetime(2025, 3, 11, 10, 15, 4)), ('DL1PD4340', datetime.datetime(2025, 3, 11, 19, 24, 30)), ('DL1PD4344', datetime.datetime(2025, 3, 12, 12, 30, 14)), ('DL1PD4362', datetime.datetime(2025, 3, 12, 10, 15, 19)), ('DL1PD4369', datetime.datetime(2025, 3, 11, 13, 33, 11)), ('DL1PD4370', datetime.datetime(2025, 3, 12, 12, 12, 56)), ('DL1PD4371', datetime.datetime(2025, 3, 12, 13, 15, 20)), ('DL1PD4374', datetime.datetime(2025, 3, 12, 12, 12, 56)), ('DL1PD4375', datetime.datetime(2025, 3, 11, 11, 45, 20)), ('DL1PD4430', datetime.datetime(2025, 3, 12, 12, 12, 55)), ('DL1PD4461', datetime.datetime(2025, 3, 12, 12, 40, 14)), ('DL1PD4463', datetime.datetime(2025, 3, 12, 12, 38, 16)), ('DL1PD4475', datetime.datetime(2025, 3, 12, 12, 12, 55)), ('DL1PD4484', datetime.datetime(2025, 3, 11, 13, 24, 6)), ('DL1PD4495', datetime.datetime(2025, 3, 12, 12, 56, 59)), ('DL1PD4507', datetime.datetime(2025, 3, 11, 13, 52, 12)), ('DL1PD4526', datetime.datetime(2025, 3, 11, 11, 37, 7)), ('DL1PD4543', datetime.datetime(2025, 3, 11, 12, 21, 13)), ('DL1PD4550', datetime.datetime(2025, 3, 12, 13, 33, 7)), ('DL1PD4558', datetime.datetime(2025, 3, 12, 13, 34, 11)), ('DL1PD4567', datetime.datetime(2025, 3, 11, 22, 24, 58)), ('DL1PD4577', datetime.datetime(2025, 3, 11, 11, 27, 38)), ('DL1PD4602', datetime.datetime(2025, 3, 12, 10, 51, 17)), ('DL1PD4606', datetime.datetime(2025, 3, 12, 11, 26, 42)), ('DL1PD4607', datetime.datetime(2025, 3, 12, 12, 46, 18)), ('DL1PD4613', datetime.datetime(2025, 3, 12, 12, 38, 16)), ('DL1PD4619', datetime.datetime(2025, 3, 12, 10, 15, 19)), ('DL1PD4639', datetime.datetime(2025, 3, 12, 12, 21, 30)), ('DL1PD4649', datetime.datetime(2025, 3, 12, 11, 26, 42)), ('DL1PD4668', datetime.datetime(2025, 3, 12, 11, 55, 14)), ('DL1PD4672', datetime.datetime(2025, 3, 11, 21, 30, 48)), ('DL1PD4675', datetime.datetime(2025, 3, 12, 12, 12, 1)), ('DL1PD4677', datetime.datetime(2025, 3, 12, 11, 55, 14)), ('DL1PD4692', datetime.datetime(2025, 3, 11, 22, 34, 7)), ('DL1PD4703', datetime.datetime(2025, 3, 11, 11, 37, 7)), ('DL1PD4710', datetime.datetime(2025, 3, 12, 12, 40, 14)), ('DL1PD4718', datetime.datetime(2025, 3, 11, 12, 39, 25)), ('DL1PD4728', datetime.datetime(2025, 3, 12, 13, 33, 7)), ('DL1PD4729', datetime.datetime(2025, 3, 11, 13, 42, 57)), ('DL1PD4750', datetime.datetime(2025, 3, 11, 22, 15, 47)), ('DL1PD4758', datetime.datetime(2025, 3, 11, 13, 15, 55)), ('DL1PD4764', datetime.datetime(2025, 3, 12, 12, 12, 55)), ('DL1PD4768', datetime.datetime(2025, 3, 12, 12, 22, 34)), ('DL1PD4776', datetime.datetime(2025, 3, 12, 12, 30, 14)), ('DL1PD4779', datetime.datetime(2025, 3, 11, 22, 50, 49)), ('DL1PD4820', datetime.datetime(2025, 3, 11, 22, 50, 49)), ('DL1PD4840', datetime.datetime(2025, 3, 11, 12, 22, 17)), ('DL1PD4843', datetime.datetime(2025, 3, 11, 12, 57, 36)), ('DL1PD4905', datetime.datetime(2025, 3, 11, 21, 22, 27)), ('DL1PD4920', datetime.datetime(2025, 3, 12, 13, 15, 20)), ('DL1PD4927', datetime.datetime(2025, 3, 11, 12, 13, 11)), ('DL1PD4929', datetime.datetime(2025, 3, 12, 12, 12, 1)), ('DL1PD4940', datetime.datetime(2025, 3, 12, 10, 51, 17)), ('DL1PD4948', datetime.datetime(2025, 3, 12, 13, 15, 20)), ('DL1PD4954', datetime.datetime(2025, 3, 11, 21, 31, 41)), ('DL1PD4956', datetime.datetime(2025, 3, 11, 20, 54, 41)), ('DL1PD4965', datetime.datetime(2025, 3, 11, 12, 57, 36)), ('DL1PD4979', datetime.datetime(2025, 3, 12, 12, 31, 8)), ('DL1PD4986', datetime.datetime(2025, 3, 12, 12, 40, 14)), ('DL1PD5015', datetime.datetime(2025, 3, 12, 11, 36, 53)), ('DL1PD5023', datetime.datetime(2025, 3, 12, 10, 42, 9)), ('DL1PD5041', datetime.datetime(2025, 3, 12, 12, 30, 14)), ('DL1PD5051', datetime.datetime(2025, 3, 12, 10, 50, 12)), ('DL1PD5066', datetime.datetime(2025, 3, 11, 12, 30, 19)), ('DL1PD5067', datetime.datetime(2025, 3, 12, 13, 16, 14)), ('DL1PD5074', datetime.datetime(2025, 3, 12, 12, 48, 47)), ('DL1PD5078', datetime.datetime(2025, 3, 12, 11, 26, 42)), ('DL1PD5087', datetime.datetime(2025, 3, 12, 12, 56, 59)), ('DL1PD5111', datetime.datetime(2025, 3, 12, 12, 12, 1)), ('DL1PD5116', datetime.datetime(2025, 3, 12, 12, 10, 57)), ('DL1PD5124', datetime.datetime(2025, 3, 12, 13, 15, 20)), ('DL1PD5132', datetime.datetime(2025, 3, 12, 12, 30, 14)), ('DL1PD5164', datetime.datetime(2025, 3, 12, 12, 38, 16)), ('DL1PD5165', datetime.datetime(2025, 3, 12, 12, 30, 14)), ('DL1PD5178', datetime.datetime(2025, 3, 12, 12, 55, 55)), ('DL1PD5189', datetime.datetime(2025, 3, 12, 12, 56, 59)), ('DL1PD5206', datetime.datetime(2025, 3, 12, 12, 46, 18)), ('DL1PD5214', datetime.datetime(2025, 3, 11, 12, 46, 54)), ('DL1PD5219', datetime.datetime(2025, 3, 12, 11, 34, 55)), ('DL1PD5226', datetime.datetime(2025, 3, 11, 13, 42, 57)), ('DL1PD5231', datetime.datetime(2025, 3, 12, 12, 10, 57)), ('DL1PD5256', datetime.datetime(2025, 3, 12, 10, 33, 2)), ('DL1PD5264', datetime.datetime(2025, 3, 12, 12, 39, 20)), ('DL1PD5278', datetime.datetime(2025, 3, 12, 12, 12, 1)), ('DL1PD5286', datetime.datetime(2025, 3, 12, 12, 56, 59)), ('DL1PD5291', datetime.datetime(2025, 3, 11, 11, 54, 26)), ('DL1PD5293', datetime.datetime(2025, 3, 12, 12, 20, 37)), ('DL1PD5312', datetime.datetime(2025, 3, 12, 12, 30, 14)), ('DL1PD5319', datetime.datetime(2025, 3, 12, 12, 56, 59)), ('DL1PD5330', datetime.datetime(2025, 3, 11, 17, 45, 17)), ('DL1PD5353', datetime.datetime(2025, 3, 11, 12, 10, 30)), ('DL1PD5356', datetime.datetime(2025, 3, 12, 13, 15, 20)), ('DL1PD5358', datetime.datetime(2025, 3, 12, 11, 47, 5)), ('DL1PD5361', datetime.datetime(2025, 3, 12, 12, 46, 18)), ('DL1PD5372', datetime.datetime(2025, 3, 12, 10, 35)), ('DL1PD5382', datetime.datetime(2025, 3, 12, 10, 22, 50)), ('DL1PD5409', datetime.datetime(2025, 3, 11, 13, 42, 57)), ('DL1PD5428', datetime.datetime(2025, 3, 11, 13, 52, 12)), ('DL1PD5429', datetime.datetime(2025, 3, 12, 10, 51, 17)), ('DL1PD5452', datetime.datetime(2025, 3, 12, 12, 12, 55)), ('DL1PD5463', datetime.datetime(2025, 3, 12, 13, 14, 16)), ('DL1PD5469', datetime.datetime(2025, 3, 11, 13, 52, 12)), ('DL1PD5471', datetime.datetime(2025, 3, 12, 11, 26, 42)), ('DL1PD5505', datetime.datetime(2025, 3, 12, 12, 40, 14)), ('DL1PD5509', datetime.datetime(2025, 3, 12, 12, 10, 57)), ('DL1PD5518', datetime.datetime(2025, 3, 12, 11, 17, 35)), ('DL1PD5526', datetime.datetime(2025, 3, 12, 11, 44, 3)), ('DL1PD5551', datetime.datetime(2025, 3, 11, 12, 20, 8)), ('DL1PD5575', datetime.datetime(2025, 3, 12, 13, 16, 14)), ('DL1PD5593', datetime.datetime(2025, 3, 12, 10, 58, 27)), ('DL1PD5651', datetime.datetime(2025, 3, 12, 10, 25, 53)), ('DL1PD5652', datetime.datetime(2025, 3, 12, 12, 46, 18)), ('DL1PD5655', datetime.datetime(2025, 3, 11, 13, 40, 49)), ('DL1PD5658', datetime.datetime(2025, 3, 12, 11, 47, 5)), ('DL1PD5674', datetime.datetime(2025, 3, 12, 13, 32, 3)), ('DL1PD5675', datetime.datetime(2025, 3, 11, 13, 50, 3)), ('DL1PD5689', datetime.datetime(2025, 3, 11, 22, 15, 47)), ('DL1PD5695', datetime.datetime(2025, 3, 12, 12, 56, 59)), ('DL1PD5700', datetime.datetime(2025, 3, 12, 12, 39, 20)), ('DL1PD5708', datetime.datetime(2025, 3, 12, 12, 10, 57)), ('DL1PD5715', datetime.datetime(2025, 3, 11, 22, 15, 47)), ('DL1PD5718', datetime.datetime(2025, 3, 12, 11, 18, 39)), ('DL1PD5719', datetime.datetime(2025, 3, 11, 13, 14, 51)), ('DL1PD5725', datetime.datetime(2025, 3, 11, 12, 12, 7)), ('DL1PD5729', datetime.datetime(2025, 3, 12, 12, 30, 14)), ('DL1PD5735', datetime.datetime(2025, 3, 11, 12, 30, 20)), ('DL1PD5740', datetime.datetime(2025, 3, 11, 12, 29, 15)), ('DL1PD5757', datetime.datetime(2025, 3, 12, 11, 54, 10)), ('DL1PD5783', datetime.datetime(2025, 3, 12, 13, 24, 25)), ('DL1PD5785', datetime.datetime(2025, 3, 12, 12, 12, 1)), ('DL1PD5787', datetime.datetime(2025, 3, 11, 21, 57, 24)), ('DL1PD5788', datetime.datetime(2025, 3, 11, 22, 23, 54)), ('DL1PD5789', datetime.datetime(2025, 3, 11, 19, 24, 31)), ('DL1PD5792', datetime.datetime(2025, 3, 11, 12, 48, 31)), ('DL1PD5793', datetime.datetime(2025, 3, 11, 21, 30, 47)), ('DL1PD5795', datetime.datetime(2025, 3, 11, 21, 30, 48)), ('DL1PD5796', datetime.datetime(2025, 3, 12, 13, 24, 25)), ('DL1PD5797', datetime.datetime(2025, 3, 11, 21, 57, 24)), ('DL1PD5799', datetime.datetime(2025, 3, 11, 12, 48, 31)), ('DL1PD5801', datetime.datetime(2025, 3, 11, 22, 15, 47)), ('DL1PD5802', datetime.datetime(2025, 3, 11, 21, 48, 11)), ('DL1PD5806', datetime.datetime(2025, 3, 11, 12, 30, 19)), ('DL1PD5810', datetime.datetime(2025, 3, 11, 22, 15, 47)), ('DL1PD5821', datetime.datetime(2025, 3, 12, 13, 24, 25)), ('DL1PD5833', datetime.datetime(2025, 3, 12, 12, 48, 47)), ('DL1PD5836', datetime.datetime(2025, 3, 11, 22, 50, 49)), ('DL1PD5837', datetime.datetime(2025, 3, 11, 13, 24, 6)), ('DL1PD5859', datetime.datetime(2025, 3, 11, 13, 33, 11)), ('DL1PD5860', datetime.datetime(2025, 3, 11, 22, 15, 47)), ('DL1PD5875', datetime.datetime(2025, 3, 11, 20, 18, 16)), ('DL1PD5880', datetime.datetime(2025, 3, 12, 11, 36, 53)), ('DL1PD5884', datetime.datetime(2025, 3, 11, 13, 51, 8)), ('DL1PD5886', datetime.datetime(2025, 3, 12, 13, 15, 20)), ('DL1PD5887', datetime.datetime(2025, 3, 12, 12, 39, 20)), ('DL1PD5889', datetime.datetime(2025, 3, 12, 13, 33, 7)), ('DL1PD5891', datetime.datetime(2025, 3, 12, 13, 33, 7)), ('DL1PD5894', datetime.datetime(2025, 3, 11, 21, 48, 11)), ('DL1PD5895', datetime.datetime(2025, 3, 11, 22, 50, 49)), ('DL1PD5907', datetime.datetime(2025, 3, 11, 13, 14, 51)), ('DL1PD5908', datetime.datetime(2025, 3, 11, 22, 15, 47)), ('DL1PD5911', datetime.datetime(2025, 3, 12, 13, 15, 20)), ('DL1PD5913', datetime.datetime(2025, 3, 11, 13, 33, 11)), ('DL1PD5916', datetime.datetime(2025, 3, 12, 9, 47, 56)), ('DL1PD5917', datetime.datetime(2025, 3, 12, 9, 2, 49)), ('DL1PD5918', datetime.datetime(2025, 3, 12, 9, 57, 3)), ('DL1PD5919', datetime.datetime(2025, 3, 12, 10, 24, 59)), ('DL1PD5924', datetime.datetime(2025, 3, 11, 22, 50, 49)), ('DL1PD5937', datetime.datetime(2025, 3, 12, 13, 33, 7)), ('DL1PD5938', datetime.datetime(2025, 3, 12, 12, 39, 21)), ('DL1PD5939', datetime.datetime(2025, 3, 12, 12, 30, 14)), ('DL1PD5942', datetime.datetime(2025, 3, 12, 12, 48, 47)), ('DL1PD5946', datetime.datetime(2025, 3, 12, 12, 39, 20)), ('DL1PD5947', datetime.datetime(2025, 3, 11, 12, 57, 36)), ('DL1PD5949', datetime.datetime(2025, 3, 11, 22, 50, 49)), ('DL1PD5959', datetime.datetime(2025, 3, 11, 13, 33, 11)), ('DL1PD5961', datetime.datetime(2025, 3, 11, 22, 50, 49)), ('DL1PD5978', datetime.datetime(2025, 3, 11, 22, 50, 49)), ('DL1PD5985', datetime.datetime(2025, 3, 12, 13, 15, 20)), ('DL1PD5988', datetime.datetime(2025, 3, 12, 12, 30, 14)), ('DL1PD5991', datetime.datetime(2025, 3, 12, 13, 33, 7)), ('DL1PD5992', datetime.datetime(2025, 3, 12, 10, 42, 9)), ('DL1PD5997', datetime.datetime(2025, 3, 12, 12, 48, 47)), ('DL1PD5998', datetime.datetime(2025, 3, 11, 22, 50, 49)), ('DL1PD6010', datetime.datetime(2025, 3, 12, 12, 21, 30)), ('DL1PD6011', datetime.datetime(2025, 3, 12, 13, 33, 7)), ('DL1PD6014', datetime.datetime(2025, 3, 12, 13, 24, 25)), ('DL1PD6019', datetime.datetime(2025, 3, 12, 12, 30, 14)), ('DL1PD6021', datetime.datetime(2025, 3, 12, 13, 15, 20)), ('DL1PD6028', datetime.datetime(2025, 3, 12, 13, 33, 7)), ('DL1PD6033', datetime.datetime(2025, 3, 12, 13, 15, 20)), ('DL1PD6037', datetime.datetime(2025, 3, 11, 22, 50, 49)), ('DL1PD6041', datetime.datetime(2025, 3, 11, 21, 30, 47)), ('DL1PD6043', datetime.datetime(2025, 3, 11, 21, 30, 48)), ('DL1PD6044', datetime.datetime(2025, 3, 11, 12, 39, 25)), ('DL1PD6050', datetime.datetime(2025, 3, 11, 22, 50, 49)), ('DL1PD6051', datetime.datetime(2025, 3, 11, 22, 15, 47)), ('DL1PD6065', datetime.datetime(2025, 3, 12, 12, 30, 14)), ('DL1PD6071', datetime.datetime(2025, 3, 12, 10, 42, 9)), ('DL1PD6073', datetime.datetime(2025, 3, 11, 22, 15, 47)), ('DL1PD6086', datetime.datetime(2025, 3, 11, 22, 23, 54)), ('DL1PD6088', datetime.datetime(2025, 3, 11, 22, 50, 49)), ('DL1PD6089', datetime.datetime(2025, 3, 11, 22, 15, 47)), ('DL1PD6094', datetime.datetime(2025, 3, 12, 13, 33, 7)), ('DL1PD6107', datetime.datetime(2025, 3, 12, 11, 18, 39)), ('DL1PD6113', datetime.datetime(2025, 3, 12, 12, 30, 14)), ('DL1PD6116', datetime.datetime(2025, 3, 11, 22, 15, 47)), ('DL1PD6117', datetime.datetime(2025, 3, 11, 22, 15, 47)), ('DL1PD6118', datetime.datetime(2025, 3, 11, 13, 50, 3)), ('DL1PD6119', datetime.datetime(2025, 3, 11, 12, 20, 9)), ('DL1PD6128', datetime.datetime(2025, 3, 11, 22, 15, 47)), ('DL1PD6154', datetime.datetime(2025, 3, 11, 22, 50, 49)), ('DL1PD6157', datetime.datetime(2025, 3, 11, 22, 50, 49)), ('DL1PD6160', datetime.datetime(2025, 3, 12, 12, 48, 47)), ('DL1PD6163', datetime.datetime(2025, 3, 12, 13, 33, 7)), ('DL1PD6173', datetime.datetime(2025, 3, 11, 22, 15, 47)), ('DL1PD6191', datetime.datetime(2025, 3, 12, 10, 41, 5)), ('DL1PD6219', datetime.datetime(2025, 3, 12, 10, 42, 9)), ('DL1PD6233', datetime.datetime(2025, 3, 11, 12, 10, 30)), ('DL1PD6241', datetime.datetime(2025, 3, 11, 22, 40, 48)), ('DL1PD6395', datetime.datetime(2025, 3, 12, 10, 15, 19)), ('DL1PD6401', datetime.datetime(2025, 3, 12, 13, 15, 20)), ('DL51EV4373', datetime.datetime(2025, 3, 12, 11, 20, 38)), ('DL51EV4400', datetime.datetime(2025, 3, 11, 12, 32, 17)), ('DL51GD0249', datetime.datetime(2025, 3, 12, 12, 58, 57)), ('DL51GD1799', datetime.datetime(2025, 3, 12, 10, 35)), ('DL51GD2400', datetime.datetime(2025, 3, 12, 12, 32, 12)), ('DL51GD4003', datetime.datetime(2025, 3, 12, 12, 12, 55))]
Traceback (most recent call last):
  File "C:\Users\Asus\AppData\Local\Programs\Python\Python312\Lib\site-packages\sqlalchemy\engine\base.py", line 1414, in execute
    meth = statement._execute_on_connection
           ^^^^^^^^^^^^^^^^^^^^^^^^^^^^^^^^
AttributeError: 'list' object has no attribute '_execute_on_connection'

The above exception was the direct cause of the following exception:

Traceback (most recent call last):
  File "c:\programs\project_1222086\DTC2025\rt_vehicle_location.py", line 92, in importRealTimeData
    conn.execute(stmt)
  File "C:\Users\Asus\AppData\Local\Programs\Python\Python312\Lib\site-packages\sqlalchemy\engine\base.py", line 1416, in execute
    raise exc.ObjectNotExecutableError(statement) from err
sqlalchemy.exc.ObjectNotExecutableError: Not an executable object: [('DL1PC6608', datetime.datetime(2025, 3, 11, 23, 10, 17)), ('DL1PC6621', datetime.datetime(2025, 3, 12, 12, 40, 14)), ('DL1PC6629', datetime.datetime(2025, 3, 12, 10, 52, 22)), ('DL1PC6720', datetime.datetime(2025, 3, 11, 23, 10, 17)), ('DL1PC6722', datetime.datetime(2025, 3, 12, 11, 46, 1)), ('DL1PC6814', datetime.datetime(2025, 3, 11, 12, 10, 30)), ('DL1PC6816', datetime.datetime(2025, 3, 12, 10, 31, 58)), ('DL1PC6822', datetime.datetime(2025, 3, 12, 11, 44, 3)), ('DL1PC6823', datetime.datetime(2025, 3, 12, 12, 10, 57)), ('DL1PC6847', datetime.datetime(2025, 3, 11, 15, 37, 48)), ('DL1PC6904', datetime.datetime(2025, 3, 12, 10, 52, 22)), ('DL1PC6906', datetime.datetime(2025, 3, 12, 12, 22, 34)), ('DL1PC6937', datetime.datetime(2025, 3, 12, 13, 32, 2)), ('DL1PD0018', datetime.datetime(2025, 3, 12, 10, 15, 19)), ('DL1PD0021', datetime.datetime(2025, 3, 12, 13, 15, 20)), ('DL1PD0026', datetime.datetime(2025, 3, 12, 12, 30, 14)), ('DL1PD0035', datetime.datetime(2025, 3, 11, 13, 33, 11)), ('DL1PD0072', datetime.datetime(2025, 3, 12, 11, 27, 46)), ('DL1PD0073', datetime.datetime(2025, 3, 12, 10, 24, 59)), ('DL1PD0075', datetime.datetime(2025, 3, 12, 13, 33, 7)), ('DL1PD0090', datetime.datetime(2025, 3, 12, 11, 10, 5)), ('DL1PD0094', datetime.datetime(2025, 3, 11, 23, 10, 17)), ('DL1PD0214', datetime.datetime(2025, 3, 11, 12, 57, 35)), ('DL1PD0217', datetime.datetime(2025, 3, 12, 11, 18, 40)), ('DL1PD0220', datetime.datetime(2025, 3, 11, 13, 14, 51)), ('DL1PD0292', datetime.datetime(2025, 3, 11, 22, 34, 7)), ('DL1PD0329', datetime.datetime(2025, 3, 12, 11, 10, 5)), ('DL1PD0333', datetime.datetime(2025, 3, 12, 11, 10, 5)), ('DL1PD0336', datetime.datetime(2025, 3, 11, 14, 1, 16)), ('DL1PD0553', datetime.datetime(2025, 3, 11, 22, 24, 57)), ('DL1PD0604', datetime.datetime(2025, 3, 12, 10, 34, 7)), ('DL1PD0617', datetime.datetime(2025, 3, 12, 13, 33, 7)), ('DL1PD0622', datetime.datetime(2025, 3, 12, 12, 12, 1)), ('DL1PD0630', datetime.datetime(2025, 3, 11, 13, 25, 10)), ('DL1PD0648', datetime.datetime(2025, 3, 12, 12, 56, 59)), ('DL1PD0653', datetime.datetime(2025, 3, 12, 11, 18, 39)), ('DL1PD0689', datetime.datetime(2025, 3, 11, 13, 52, 12)), ('DL1PD0691', datetime.datetime(2025, 3, 12, 13, 16, 14)), ('DL1PD0692', datetime.datetime(2025, 3, 12, 12, 22, 34)), ('DL1PD0700', datetime.datetime(2025, 3, 12, 13, 15, 20)), ('DL1PD0723', datetime.datetime(2025, 3, 12, 13, 15, 20)), ('DL1PD0830', datetime.datetime(2025, 3, 12, 10, 15, 19)), ('DL1PD0836', datetime.datetime(2025, 3, 11, 12, 30, 19)), ('DL1PD0853', datetime.datetime(2025, 3, 11, 11, 45, 20)), ('DL1PD0857', datetime.datetime(2025, 3, 11, 11, 45, 19)), ('DL1PD0869', datetime.datetime(2025, 3, 11, 11, 27, 38)), ('DL1PD0922', datetime.datetime(2025, 3, 12, 11, 28, 51)), ('DL1PD0998', datetime.datetime(2025, 3, 12, 10, 52, 22)), ('DL1PD0999', datetime.datetime(2025, 3, 12, 10, 16, 24)), ('DL1PD1001', datetime.datetime(2025, 3, 12, 11, 55, 14)), ('DL1PD1004', datetime.datetime(2025, 3, 12, 11, 55, 14)), ('DL1PD1015', datetime.datetime(2025, 3, 12, 11, 55, 14)), ('DL1PD1017', datetime.datetime(2025, 3, 11, 11, 55, 20)), ('DL1PD1024', datetime.datetime(2025, 3, 11, 12, 31, 23)), ('DL1PD1034', datetime.datetime(2025, 3, 12, 13, 16, 14)), ('DL1PD1060', datetime.datetime(2025, 3, 12, 11, 55, 13)), ('DL1PD1099', datetime.datetime(2025, 3, 12, 10, 52, 22)), ('DL1PD1130', datetime.datetime(2025, 3, 12, 11, 46, 1)), ('DL1PD1164', datetime.datetime(2025, 3, 12, 11, 55, 14)), ('DL1PD1177', datetime.datetime(2025, 3, 12, 11, 55, 14)), ('DL1PD1199', datetime.datetime(2025, 3, 11, 10, 16, 8)), ('DL1PD1329', datetime.datetime(2025, 3, 12, 12, 40, 14)), ('DL1PD1339', datetime.datetime(2025, 3, 12, 11, 55, 14)), ('DL1PD1351', datetime.datetime(2025, 3, 12, 11, 55, 13)), ('DL1PD1475', datetime.datetime(2025, 3, 12, 11, 55, 14)), ('DL1PD1477', datetime.datetime(2025, 3, 11, 23, 10, 17)), ('DL1PD1478', datetime.datetime(2025, 3, 11, 13, 52, 12)), ('DL1PD1536', datetime.datetime(2025, 3, 12, 12, 31, 8)), ('DL1PD1542', datetime.datetime(2025, 3, 11, 13, 34, 15)), ('DL1PD1566', datetime.datetime(2025, 3, 11, 13, 15, 56)), ('DL1PD1696', datetime.datetime(2025, 3, 12, 11, 20, 38)), ('DL1PD2155', datetime.datetime(2025, 3, 12, 13, 25, 29)), ('DL1PD2280', datetime.datetime(2025, 3, 12, 13, 25, 29)), ('DL1PD2284', datetime.datetime(2025, 3, 12, 12, 38, 16)), ('DL1PD2300', datetime.datetime(2025, 3, 12, 13, 35, 15)), ('DL1PD2363', datetime.datetime(2025, 3, 12, 13, 35, 15)), ('DL1PD2380', datetime.datetime(2025, 3, 11, 13, 35, 51)), ('DL1PD2384', datetime.datetime(2025, 3, 12, 11, 37, 58)), ('DL1PD2396', datetime.datetime(2025, 3, 12, 13, 17, 18)), ('DL1PD2492', datetime.datetime(2025, 3, 12, 13, 16, 14)), ('DL1PD2495', datetime.datetime(2025, 3, 12, 10, 53, 16)), ('DL1PD2514', datetime.datetime(2025, 3, 12, 13, 35, 15)), ('DL1PD2525', datetime.datetime(2025, 3, 12, 11, 55, 14)), ('DL1PD2539', datetime.datetime(2025, 3, 12, 11, 55, 14)), ('DL1PD2561', datetime.datetime(2025, 3, 12, 12, 22, 34)), ('DL1PD2568', datetime.datetime(2025, 3, 11, 12, 50, 29)), ('DL1PD2581', datetime.datetime(2025, 3, 12, 13, 35, 15)), ('DL1PD2586', datetime.datetime(2025, 3, 12, 12, 23, 39)), ('DL1PD2596', datetime.datetime(2025, 3, 11, 13, 26, 4)), ('DL1PD2614', datetime.datetime(2025, 3, 12, 10, 35)), ('DL1PD2623', datetime.datetime(2025, 3, 12, 10, 25, 53)), ('DL1PD2644', datetime.datetime(2025, 3, 11, 13, 26, 4)), ('DL1PD2682', datetime.datetime(2025, 3, 12, 13, 35, 15)), ('DL1PD2698', datetime.datetime(2025, 3, 12, 11, 37, 58)), ('DL1PD2712', datetime.datetime(2025, 3, 12, 13, 25, 29)), ('DL1PD2753', datetime.datetime(2025, 3, 12, 13, 17, 18)), ('DL1PD2759', datetime.datetime(2025, 3, 12, 12, 58, 57)), ('DL1PD2762', datetime.datetime(2025, 3, 11, 13, 35, 51)), ('DL1PD2809', datetime.datetime(2025, 3, 11, 13, 17)), ('DL1PD2835', datetime.datetime(2025, 3, 12, 13, 35, 15)), ('DL1PD2855', datetime.datetime(2025, 3, 11, 12, 59, 44)), ('DL1PD2878', datetime.datetime(2025, 3, 12, 13, 17, 19)), ('DL1PD2944', datetime.datetime(2025, 3, 12, 10, 35)), ('DL1PD2969', datetime.datetime(2025, 3, 12, 12, 32, 12)), ('DL1PD2983', datetime.datetime(2025, 3, 12, 10, 25, 53)), ('DL1PD3022', datetime.datetime(2025, 3, 11, 13, 35, 51)), ('DL1PD3023', datetime.datetime(2025, 3, 11, 13, 35, 51)), ('DL1PD3038', datetime.datetime(2025, 3, 12, 11, 37, 58)), ('DL1PD3189', datetime.datetime(2025, 3, 11, 13, 35, 51)), ('DL1PD3296', datetime.datetime(2025, 3, 12, 11, 20, 38)), ('DL1PD3344', datetime.datetime(2025, 3, 11, 12, 32, 18)), ('DL1PD3466', datetime.datetime(2025, 3, 12, 13, 17, 18)), ('DL1PD3471', datetime.datetime(2025, 3, 11, 13, 15, 56)), ('DL1PD3492', datetime.datetime(2025, 3, 12, 10, 25, 53)), ('DL1PD3594', datetime.datetime(2025, 3, 12, 10, 25, 53)), ('DL1PD3619', datetime.datetime(2025, 3, 12, 12, 38, 17)), ('DL1PD3638', datetime.datetime(2025, 3, 12, 11, 37, 58)), ('DL1PD4080', datetime.datetime(2025, 3, 11, 19, 14, 19)), ('DL1PD4119', datetime.datetime(2025, 3, 12, 11, 44, 3)), ('DL1PD4154', datetime.datetime(2025, 3, 11, 12, 56, 42)), ('DL1PD4183', datetime.datetime(2025, 3, 12, 12, 12, 1)), ('DL1PD4188', datetime.datetime(2025, 3, 11, 13, 51, 7)), ('DL1PD4191', datetime.datetime(2025, 3, 12, 11, 55, 14)), ('DL1PD4212', datetime.datetime(2025, 3, 12, 13, 16, 14)), ('DL1PD4217', datetime.datetime(2025, 3, 12, 12, 40, 14)), ('DL1PD4229', datetime.datetime(2025, 3, 12, 11, 55, 13)), ('DL1PD4231', datetime.datetime(2025, 3, 12, 13, 23, 20)), ('DL1PD4233', datetime.datetime(2025, 3, 11, 22, 15, 47)), ('DL1PD4261', datetime.datetime(2025, 3, 12, 11, 55, 14)), ('DL1PD4262', datetime.datetime(2025, 3, 11, 12, 58, 40)), ('DL1PD4267', datetime.datetime(2025, 3, 11, 22, 15, 47)), ('DL1PD4268', datetime.datetime(2025, 3, 12, 12, 20, 36)), ('DL1PD4297', datetime.datetime(2025, 3, 12, 11, 55, 13)), ('DL1PD4299', datetime.datetime(2025, 3, 11, 13, 34, 15)), ('DL1PD4302', datetime.datetime(2025, 3, 12, 12, 12, 1)), ('DL1PD4305', datetime.datetime(2025, 3, 11, 21, 31, 41)), ('DL1PD4308', datetime.datetime(2025, 3, 12, 12, 30, 14)), ('DL1PD4310', datetime.datetime(2025, 3, 12, 10, 50, 12)), ('DL1PD4315', datetime.datetime(2025, 3, 12, 10, 51, 17)), ('DL1PD4317', datetime.datetime(2025, 3, 12, 13, 15, 20)), ('DL1PD4324', datetime.datetime(2025, 3, 11, 21, 22, 37)), ('DL1PD4326', datetime.datetime(2025, 3, 11, 18, 38, 22)), ('DL1PD4327', datetime.datetime(2025, 3, 11, 10, 15, 4)), ('DL1PD4340', datetime.datetime(2025, 3, 11, 19, 24, 30)), ('DL1PD4344', datetime.datetime(2025, 3, 12, 12, 30, 14)), ('DL1PD4362', datetime.datetime(2025, 3, 12, 10, 15, 19)), ('DL1PD4369', datetime.datetime(2025, 3, 11, 13, 33, 11)), ('DL1PD4370', datetime.datetime(2025, 3, 12, 12, 12, 56)), ('DL1PD4371', datetime.datetime(2025, 3, 12, 13, 15, 20)), ('DL1PD4374', datetime.datetime(2025, 3, 12, 12, 12, 56)), ('DL1PD4375', datetime.datetime(2025, 3, 11, 11, 45, 20)), ('DL1PD4430', datetime.datetime(2025, 3, 12, 12, 12, 55)), ('DL1PD4461', datetime.datetime(2025, 3, 12, 12, 40, 14)), ('DL1PD4463', datetime.datetime(2025, 3, 12, 12, 38, 16)), ('DL1PD4475', datetime.datetime(2025, 3, 12, 12, 12, 55)), ('DL1PD4484', datetime.datetime(2025, 3, 11, 13, 24, 6)), ('DL1PD4495', datetime.datetime(2025, 3, 12, 12, 56, 59)), ('DL1PD4507', datetime.datetime(2025, 3, 11, 13, 52, 12)), ('DL1PD4526', datetime.datetime(2025, 3, 11, 11, 37, 7)), ('DL1PD4543', datetime.datetime(2025, 3, 11, 12, 21, 13)), ('DL1PD4550', datetime.datetime(2025, 3, 12, 13, 33, 7)), ('DL1PD4558', datetime.datetime(2025, 3, 12, 13, 34, 11)), ('DL1PD4567', datetime.datetime(2025, 3, 11, 22, 24, 58)), ('DL1PD4577', datetime.datetime(2025, 3, 11, 11, 27, 38)), ('DL1PD4602', datetime.datetime(2025, 3, 12, 10, 51, 17)), ('DL1PD4606', datetime.datetime(2025, 3, 12, 11, 26, 42)), ('DL1PD4607', datetime.datetime(2025, 3, 12, 12, 46, 18)), ('DL1PD4613', datetime.datetime(2025, 3, 12, 12, 38, 16)), ('DL1PD4619', datetime.datetime(2025, 3, 12, 10, 15, 19)), ('DL1PD4639', datetime.datetime(2025, 3, 12, 12, 21, 30)), ('DL1PD4649', datetime.datetime(2025, 3, 12, 11, 26, 42)), ('DL1PD4668', datetime.datetime(2025, 3, 12, 11, 55, 14)), ('DL1PD4672', datetime.datetime(2025, 3, 11, 21, 30, 48)), ('DL1PD4675', datetime.datetime(2025, 3, 12, 12, 12, 1)), ('DL1PD4677', datetime.datetime(2025, 3, 12, 11, 55, 14)), ('DL1PD4692', datetime.datetime(2025, 3, 11, 22, 34, 7)), ('DL1PD4703', datetime.datetime(2025, 3, 11, 11, 37, 7)), ('DL1PD4710', datetime.datetime(2025, 3, 12, 12, 40, 14)), ('DL1PD4718', datetime.datetime(2025, 3, 11, 12, 39, 25)), ('DL1PD4728', datetime.datetime(2025, 3, 12, 13, 33, 7)), ('DL1PD4729', datetime.datetime(2025, 3, 11, 13, 42, 57)), ('DL1PD4750', datetime.datetime(2025, 3, 11, 22, 15, 47)), ('DL1PD4758', datetime.datetime(2025, 3, 11, 13, 15, 55)), ('DL1PD4764', datetime.datetime(2025, 3, 12, 12, 12, 55)), ('DL1PD4768', datetime.datetime(2025, 3, 12, 12, 22, 34)), ('DL1PD4776', datetime.datetime(2025, 3, 12, 12, 30, 14)), ('DL1PD4779', datetime.datetime(2025, 3, 11, 22, 50, 49)), ('DL1PD4820', datetime.datetime(2025, 3, 11, 22, 50, 49)), ('DL1PD4840', datetime.datetime(2025, 3, 11, 12, 22, 17)), ('DL1PD4843', datetime.datetime(2025, 3, 11, 12, 57, 36)), ('DL1PD4905', datetime.datetime(2025, 3, 11, 21, 22, 27)), ('DL1PD4920', datetime.datetime(2025, 3, 12, 13, 15, 20)), ('DL1PD4927', datetime.datetime(2025, 3, 11, 12, 13, 11)), ('DL1PD4929', datetime.datetime(2025, 3, 12, 12, 12, 1)), ('DL1PD4940', datetime.datetime(2025, 3, 12, 10, 51, 17)), ('DL1PD4948', datetime.datetime(2025, 3, 12, 13, 15, 20)), ('DL1PD4954', datetime.datetime(2025, 3, 11, 21, 31, 41)), ('DL1PD4956', datetime.datetime(2025, 3, 11, 20, 54, 41)), ('DL1PD4965', datetime.datetime(2025, 3, 11, 12, 57, 36)), ('DL1PD4979', datetime.datetime(2025, 3, 12, 12, 31, 8)), ('DL1PD4986', datetime.datetime(2025, 3, 12, 12, 40, 14)), ('DL1PD5015', datetime.datetime(2025, 3, 12, 11, 36, 53)), ('DL1PD5023', datetime.datetime(2025, 3, 12, 10, 42, 9)), ('DL1PD5041', datetime.datetime(2025, 3, 12, 12, 30, 14)), ('DL1PD5051', datetime.datetime(2025, 3, 12, 10, 50, 12)), ('DL1PD5066', datetime.datetime(2025, 3, 11, 12, 30, 19)), ('DL1PD5067', datetime.datetime(2025, 3, 12, 13, 16, 14)), ('DL1PD5074', datetime.datetime(2025, 3, 12, 12, 48, 47)), ('DL1PD5078', datetime.datetime(2025, 3, 12, 11, 26, 42)), ('DL1PD5087', datetime.datetime(2025, 3, 12, 12, 56, 59)), ('DL1PD5111', datetime.datetime(2025, 3, 12, 12, 12, 1)), ('DL1PD5116', datetime.datetime(2025, 3, 12, 12, 10, 57)), ('DL1PD5124', datetime.datetime(2025, 3, 12, 13, 15, 20)), ('DL1PD5132', datetime.datetime(2025, 3, 12, 12, 30, 14)), ('DL1PD5164', datetime.datetime(2025, 3, 12, 12, 38, 16)), ('DL1PD5165', datetime.datetime(2025, 3, 12, 12, 30, 14)), ('DL1PD5178', datetime.datetime(2025, 3, 12, 12, 55, 55)), ('DL1PD5189', datetime.datetime(2025, 3, 12, 12, 56, 59)), ('DL1PD5206', datetime.datetime(2025, 3, 12, 12, 46, 18)), ('DL1PD5214', datetime.datetime(2025, 3, 11, 12, 46, 54)), ('DL1PD5219', datetime.datetime(2025, 3, 12, 11, 34, 55)), ('DL1PD5226', datetime.datetime(2025, 3, 11, 13, 42, 57)), ('DL1PD5231', datetime.datetime(2025, 3, 12, 12, 10, 57)), ('DL1PD5256', datetime.datetime(2025, 3, 12, 10, 33, 2)), ('DL1PD5264', datetime.datetime(2025, 3, 12, 12, 39, 20)), ('DL1PD5278', datetime.datetime(2025, 3, 12, 12, 12, 1)), ('DL1PD5286', datetime.datetime(2025, 3, 12, 12, 56, 59)), ('DL1PD5291', datetime.datetime(2025, 3, 11, 11, 54, 26)), ('DL1PD5293', datetime.datetime(2025, 3, 12, 12, 20, 37)), ('DL1PD5312', datetime.datetime(2025, 3, 12, 12, 30, 14)), ('DL1PD5319', datetime.datetime(2025, 3, 12, 12, 56, 59)), ('DL1PD5330', datetime.datetime(2025, 3, 11, 17, 45, 17)), ('DL1PD5353', datetime.datetime(2025, 3, 11, 12, 10, 30)), ('DL1PD5356', datetime.datetime(2025, 3, 12, 13, 15, 20)), ('DL1PD5358', datetime.datetime(2025, 3, 12, 11, 47, 5)), ('DL1PD5361', datetime.datetime(2025, 3, 12, 12, 46, 18)), ('DL1PD5372', datetime.datetime(2025, 3, 12, 10, 35)), ('DL1PD5382', datetime.datetime(2025, 3, 12, 10, 22, 50)), ('DL1PD5409', datetime.datetime(2025, 3, 11, 13, 42, 57)), ('DL1PD5428', datetime.datetime(2025, 3, 11, 13, 52, 12)), ('DL1PD5429', datetime.datetime(2025, 3, 12, 10, 51, 17)), ('DL1PD5452', datetime.datetime(2025, 3, 12, 12, 12, 55)), ('DL1PD5463', datetime.datetime(2025, 3, 12, 13, 14, 16)), ('DL1PD5469', datetime.datetime(2025, 3, 11, 13, 52, 12)), ('DL1PD5471', datetime.datetime(2025, 3, 12, 11, 26, 42)), ('DL1PD5505', datetime.datetime(2025, 3, 12, 12, 40, 14)), ('DL1PD5509', datetime.datetime(2025, 3, 12, 12, 10, 57)), ('DL1PD5518', datetime.datetime(2025, 3, 12, 11, 17, 35)), ('DL1PD5526', datetime.datetime(2025, 3, 12, 11, 44, 3)), ('DL1PD5551', datetime.datetime(2025, 3, 11, 12, 20, 8)), ('DL1PD5575', datetime.datetime(2025, 3, 12, 13, 16, 14)), ('DL1PD5593', datetime.datetime(2025, 3, 12, 10, 58, 27)), ('DL1PD5651', datetime.datetime(2025, 3, 12, 10, 25, 53)), ('DL1PD5652', datetime.datetime(2025, 3, 12, 12, 46, 18)), ('DL1PD5655', datetime.datetime(2025, 3, 11, 13, 40, 49)), ('DL1PD5658', datetime.datetime(2025, 3, 12, 11, 47, 5)), ('DL1PD5674', datetime.datetime(2025, 3, 12, 13, 32, 3)), ('DL1PD5675', datetime.datetime(2025, 3, 11, 13, 50, 3)), ('DL1PD5689', datetime.datetime(2025, 3, 11, 22, 15, 47)), ('DL1PD5695', datetime.datetime(2025, 3, 12, 12, 56, 59)), ('DL1PD5700', datetime.datetime(2025, 3, 12, 12, 39, 20)), ('DL1PD5708', datetime.datetime(2025, 3, 12, 12, 10, 57)), ('DL1PD5715', datetime.datetime(2025, 3, 11, 22, 15, 47)), ('DL1PD5718', datetime.datetime(2025, 3, 12, 11, 18, 39)), ('DL1PD5719', datetime.datetime(2025, 3, 11, 13, 14, 51)), ('DL1PD5725', datetime.datetime(2025, 3, 11, 12, 12, 7)), ('DL1PD5729', datetime.datetime(2025, 3, 12, 12, 30, 14)), ('DL1PD5735', datetime.datetime(2025, 3, 11, 12, 30, 20)), ('DL1PD5740', datetime.datetime(2025, 3, 11, 12, 29, 15)), ('DL1PD5757', datetime.datetime(2025, 3, 12, 11, 54, 10)), ('DL1PD5783', datetime.datetime(2025, 3, 12, 13, 24, 25)), ('DL1PD5785', datetime.datetime(2025, 3, 12, 12, 12, 1)), ('DL1PD5787', datetime.datetime(2025, 3, 11, 21, 57, 24)), ('DL1PD5788', datetime.datetime(2025, 3, 11, 22, 23, 54)), ('DL1PD5789', datetime.datetime(2025, 3, 11, 19, 24, 31)), ('DL1PD5792', datetime.datetime(2025, 3, 11, 12, 48, 31)), ('DL1PD5793', datetime.datetime(2025, 3, 11, 21, 30, 47)), ('DL1PD5795', datetime.datetime(2025, 3, 11, 21, 30, 48)), ('DL1PD5796', datetime.datetime(2025, 3, 12, 13, 24, 25)), ('DL1PD5797', datetime.datetime(2025, 3, 11, 21, 57, 24)), ('DL1PD5799', datetime.datetime(2025, 3, 11, 12, 48, 31)), ('DL1PD5801', datetime.datetime(2025, 3, 11, 22, 15, 47)), ('DL1PD5802', datetime.datetime(2025, 3, 11, 21, 48, 11)), ('DL1PD5806', datetime.datetime(2025, 3, 11, 12, 30, 19)), ('DL1PD5810', datetime.datetime(2025, 3, 11, 22, 15, 47)), ('DL1PD5821', datetime.datetime(2025, 3, 12, 13, 24, 25)), ('DL1PD5833', datetime.datetime(2025, 3, 12, 12, 48, 47)), ('DL1PD5836', datetime.datetime(2025, 3, 11, 22, 50, 49)), ('DL1PD5837', datetime.datetime(2025, 3, 11, 13, 24, 6)), ('DL1PD5859', datetime.datetime(2025, 3, 11, 13, 33, 11)), ('DL1PD5860', datetime.datetime(2025, 3, 11, 22, 15, 47)), ('DL1PD5875', datetime.datetime(2025, 3, 11, 20, 18, 16)), ('DL1PD5880', datetime.datetime(2025, 3, 12, 11, 36, 53)), ('DL1PD5884', datetime.datetime(2025, 3, 11, 13, 51, 8)), ('DL1PD5886', datetime.datetime(2025, 3, 12, 13, 15, 20)), ('DL1PD5887', datetime.datetime(2025, 3, 12, 12, 39, 20)), ('DL1PD5889', datetime.datetime(2025, 3, 12, 13, 33, 7)), ('DL1PD5891', datetime.datetime(2025, 3, 12, 13, 33, 7)), ('DL1PD5894', datetime.datetime(2025, 3, 11, 21, 48, 11)), ('DL1PD5895', datetime.datetime(2025, 3, 11, 22, 50, 49)), ('DL1PD5907', datetime.datetime(2025, 3, 11, 13, 14, 51)), ('DL1PD5908', datetime.datetime(2025, 3, 11, 22, 15, 47)), ('DL1PD5911', datetime.datetime(2025, 3, 12, 13, 15, 20)), ('DL1PD5913', datetime.datetime(2025, 3, 11, 13, 33, 11)), ('DL1PD5916', datetime.datetime(2025, 3, 12, 9, 47, 56)), ('DL1PD5917', datetime.datetime(2025, 3, 12, 9, 2, 49)), ('DL1PD5918', datetime.datetime(2025, 3, 12, 9, 57, 3)), ('DL1PD5919', datetime.datetime(2025, 3, 12, 10, 24, 59)), ('DL1PD5924', datetime.datetime(2025, 3, 11, 22, 50, 49)), ('DL1PD5937', datetime.datetime(2025, 3, 12, 13, 33, 7)), ('DL1PD5938', datetime.datetime(2025, 3, 12, 12, 39, 21)), ('DL1PD5939', datetime.datetime(2025, 3, 12, 12, 30, 14)), ('DL1PD5942', datetime.datetime(2025, 3, 12, 12, 48, 47)), ('DL1PD5946', datetime.datetime(2025, 3, 12, 12, 39, 20)), ('DL1PD5947', datetime.datetime(2025, 3, 11, 12, 57, 36)), ('DL1PD5949', datetime.datetime(2025, 3, 11, 22, 50, 49)), ('DL1PD5959', datetime.datetime(2025, 3, 11, 13, 33, 11)), ('DL1PD5961', datetime.datetime(2025, 3, 11, 22, 50, 49)), ('DL1PD5978', datetime.datetime(2025, 3, 11, 22, 50, 49)), ('DL1PD5985', datetime.datetime(2025, 3, 12, 13, 15, 20)), ('DL1PD5988', datetime.datetime(2025, 3, 12, 12, 30, 14)), ('DL1PD5991', datetime.datetime(2025, 3, 12, 13, 33, 7)), ('DL1PD5992', datetime.datetime(2025, 3, 12, 10, 42, 9)), ('DL1PD5997', datetime.datetime(2025, 3, 12, 12, 48, 47)), ('DL1PD5998', datetime.datetime(2025, 3, 11, 22, 50, 49)), ('DL1PD6010', datetime.datetime(2025, 3, 12, 12, 21, 30)), ('DL1PD6011', datetime.datetime(2025, 3, 12, 13, 33, 7)), ('DL1PD6014', datetime.datetime(2025, 3, 12, 13, 24, 25)), ('DL1PD6019', datetime.datetime(2025, 3, 12, 12, 30, 14)), ('DL1PD6021', datetime.datetime(2025, 3, 12, 13, 15, 20)), ('DL1PD6028', datetime.datetime(2025, 3, 12, 13, 33, 7)), ('DL1PD6033', datetime.datetime(2025, 3, 12, 13, 15, 20)), ('DL1PD6037', datetime.datetime(2025, 3, 11, 22, 50, 49)), ('DL1PD6041', datetime.datetime(2025, 3, 11, 21, 30, 47)), ('DL1PD6043', datetime.datetime(2025, 3, 11, 21, 30, 48)), ('DL1PD6044', datetime.datetime(2025, 3, 11, 12, 39, 25)), ('DL1PD6050', datetime.datetime(2025, 3, 11, 22, 50, 49)), ('DL1PD6051', datetime.datetime(2025, 3, 11, 22, 15, 47)), ('DL1PD6065', datetime.datetime(2025, 3, 12, 12, 30, 14)), ('DL1PD6071', datetime.datetime(2025, 3, 12, 10, 42, 9)), ('DL1PD6073', datetime.datetime(2025, 3, 11, 22, 15, 47)), ('DL1PD6086', datetime.datetime(2025, 3, 11, 22, 23, 54)), ('DL1PD6088', datetime.datetime(2025, 3, 11, 22, 50, 49)), ('DL1PD6089', datetime.datetime(2025, 3, 11, 22, 15, 47)), ('DL1PD6094', datetime.datetime(2025, 3, 12, 13, 33, 7)), ('DL1PD6107', datetime.datetime(2025, 3, 12, 11, 18, 39)), ('DL1PD6113', datetime.datetime(2025, 3, 12, 12, 30, 14)), ('DL1PD6116', datetime.datetime(2025, 3, 11, 22, 15, 47)), ('DL1PD6117', datetime.datetime(2025, 3, 11, 22, 15, 47)), ('DL1PD6118', datetime.datetime(2025, 3, 11, 13, 50, 3)), ('DL1PD6119', datetime.datetime(2025, 3, 11, 12, 20, 9)), ('DL1PD6128', datetime.datetime(2025, 3, 11, 22, 15, 47)), ('DL1PD6154', datetime.datetime(2025, 3, 11, 22, 50, 49)), ('DL1PD6157', datetime.datetime(2025, 3, 11, 22, 50, 49)), ('DL1PD6160', datetime.datetime(2025, 3, 12, 12, 48, 47)), ('DL1PD6163', datetime.datetime(2025, 3, 12, 13, 33, 7)), ('DL1PD6173', datetime.datetime(2025, 3, 11, 22, 15, 47)), ('DL1PD6191', datetime.datetime(2025, 3, 12, 10, 41, 5)), ('DL1PD6219', datetime.datetime(2025, 3, 12, 10, 42, 9)), ('DL1PD6233', datetime.datetime(2025, 3, 11, 12, 10, 30)), ('DL1PD6241', datetime.datetime(2025, 3, 11, 22, 40, 48)), ('DL1PD6395', datetime.datetime(2025, 3, 12, 10, 15, 19)), ('DL1PD6401', datetime.datetime(2025, 3, 12, 13, 15, 20)), ('DL51EV4373', datetime.datetime(2025, 3, 12, 11, 20, 38)), ('DL51EV4400', datetime.datetime(2025, 3, 11, 12, 32, 17)), ('DL51GD0249', datetime.datetime(2025, 3, 12, 12, 58, 57)), ('DL51GD1799', datetime.datetime(2025, 3, 12, 10, 35)), ('DL51GD2400', datetime.datetime(2025, 3, 12, 12, 32, 12)), ('DL51GD4003', datetime.datetime(2025, 3, 12, 12, 12, 55))]
2025-03-12 15:58:48,064 - INFO - Finished
2025-03-12 16:02:22,051 - INFO - Started
2025-03-12 16:02:22,051 - INFO - Data fetched successfully.
2025-03-12 16:02:22,776 - INFO - Total records fetched: 2087
2025-03-12 16:02:22,824 - INFO - Total Filtered records: 264
2025-03-12 16:02:23,376 - INFO - Filtered records to be inserted into database: 35
2025-03-12 16:02:23,386 - INFO - Finished
2025-03-12 16:04:41,661 - INFO - Started
2025-03-12 16:04:41,661 - INFO - Data fetched successfully.
2025-03-12 16:04:42,119 - INFO - Total records fetched: 2085
2025-03-12 16:04:42,154 - INFO - Total Filtered records: 262
2025-03-12 16:04:42,740 - INFO - Filtered records to be inserted into database: 35
2025-03-12 16:04:42,873 - INFO - Finished
2025-03-12 16:05:24,561 - INFO - Started
2025-03-12 16:05:24,561 - INFO - Data fetched successfully.
2025-03-12 16:05:25,174 - INFO - Total records fetched: 2088
2025-03-12 16:05:25,222 - INFO - Total Filtered records: 227
2025-03-12 16:05:25,789 - ERROR - An error occurred: list index out of range
Traceback (most recent call last):
  File "c:\programs\project_1222086\DTC2025\rt_vehicle_location.py", line 87, in importRealTimeData
    print(type(valid_data[0]))
               ~~~~~~~~~~^^^
IndexError: list index out of range
2025-03-12 16:05:25,797 - INFO - Finished
2025-03-12 16:05:54,115 - INFO - Started
2025-03-12 16:05:54,115 - INFO - Data fetched successfully.
2025-03-12 16:05:54,964 - INFO - Total records fetched: 2104
2025-03-12 16:05:55,017 - INFO - Total Filtered records: 233
2025-03-12 16:05:55,500 - ERROR - An error occurred: name 'valid_data' is not defined
Traceback (most recent call last):
  File "c:\programs\project_1222086\DTC2025\rt_vehicle_location.py", line 85, in importRealTimeData
    logger.info(f"Filtered records to be inserted into database: {len(valid_data)}")
                                                                      ^^^^^^^^^^
NameError: name 'valid_data' is not defined
2025-03-12 16:05:55,514 - INFO - Finished
2025-03-12 16:06:21,804 - INFO - Started
2025-03-12 16:06:21,804 - INFO - Data fetched successfully.
2025-03-12 16:06:22,653 - INFO - Total records fetched: 2104
2025-03-12 16:06:22,705 - INFO - Total Filtered records: 234
2025-03-12 16:06:23,201 - INFO - Filtered records to be inserted into database: 0
2025-03-12 16:06:23,201 - INFO - No new data to insert.
2025-03-12 16:06:23,216 - INFO - Finished
2025-03-12 16:06:46,033 - INFO - Started
2025-03-12 16:06:46,033 - INFO - Data fetched successfully.
2025-03-12 16:06:46,772 - INFO - Total records fetched: 2102
2025-03-12 16:06:46,808 - INFO - Total Filtered records: 243
2025-03-12 16:06:47,304 - INFO - Filtered records to be inserted into database: 0
2025-03-12 16:06:47,304 - INFO - No new data to insert.
2025-03-12 16:06:47,312 - INFO - Finished
2025-03-12 16:07:54,028 - INFO - Started
2025-03-12 16:07:54,028 - INFO - Data fetched successfully.
2025-03-12 16:07:54,883 - INFO - Total records fetched: 2104
2025-03-12 16:07:54,935 - INFO - Total Filtered records: 243
2025-03-12 16:07:55,437 - INFO - Filtered records to be inserted into database: 0
2025-03-12 16:07:55,437 - INFO - No new data to insert.
2025-03-12 16:07:55,437 - INFO - Finished
2025-03-12 16:08:32,844 - INFO - Started
2025-03-12 16:08:32,844 - INFO - Data fetched successfully.
2025-03-12 16:08:33,396 - INFO - Total records fetched: 2102
2025-03-12 16:08:33,437 - INFO - Total Filtered records: 243
2025-03-12 16:08:34,065 - INFO - Filtered records to be inserted into database: 0
2025-03-12 16:08:34,065 - INFO - No new data to insert.
2025-03-12 16:08:34,074 - INFO - Finished
2025-03-12 16:09:54,879 - INFO - Started
2025-03-12 16:09:54,879 - INFO - Data fetched successfully.
2025-03-12 16:09:55,748 - INFO - Total records fetched: 2101
2025-03-12 16:09:55,781 - INFO - Total Filtered records: 244
2025-03-12 16:09:56,280 - INFO - Filtered records to be inserted into database: 0
2025-03-12 16:09:56,280 - INFO - No new data to insert.
2025-03-12 16:09:56,290 - INFO - Finished
2025-03-12 16:11:09,556 - INFO - Started
2025-03-12 16:11:09,556 - INFO - Data fetched successfully.
2025-03-12 16:11:10,386 - INFO - Total records fetched: 2099
2025-03-12 16:11:10,417 - INFO - Total Filtered records: 243
2025-03-12 16:11:11,064 - INFO - Filtered records to be inserted into database: 0
2025-03-12 16:11:11,064 - INFO - No new data to insert.
2025-03-12 16:11:11,076 - INFO - Finished
2025-03-12 16:13:53,806 - INFO - Started
2025-03-12 16:13:53,806 - INFO - Data fetched successfully.
2025-03-12 16:13:54,550 - INFO - Total records fetched: 2109
2025-03-12 16:13:54,616 - INFO - Total Filtered records: 244
2025-03-12 16:13:55,188 - INFO - Filtered records to be inserted into database: 2
2025-03-12 16:13:55,225 - INFO - Finished
2025-03-12 16:15:14,732 - INFO - Started
2025-03-12 16:15:14,732 - INFO - Data fetched successfully.
2025-03-12 16:15:15,707 - INFO - Total records fetched: 2112
2025-03-12 16:15:15,767 - INFO - Total Filtered records: 243
2025-03-12 16:15:16,408 - INFO - Filtered records to be inserted into database: 0
2025-03-12 16:15:16,408 - INFO - No new data to insert.
2025-03-12 16:15:16,416 - INFO - Finished
2025-03-12 16:19:43,552 - INFO - Started
2025-03-12 16:19:43,552 - INFO - Data fetched successfully.
2025-03-12 16:19:44,209 - INFO - Total records fetched: 2159
2025-03-12 16:19:44,289 - INFO - Total Filtered records: 2
2025-03-12 16:19:44,914 - INFO - Filtered records to be inserted into database: 2
2025-03-12 16:19:44,966 - INFO - Finished
2025-03-12 16:19:55,475 - INFO - Started
2025-03-12 16:19:55,475 - INFO - Data fetched successfully.
2025-03-12 16:19:56,365 - INFO - Total records fetched: 2161
2025-03-12 16:19:56,387 - INFO - Total Filtered records: 0
2025-03-12 16:19:56,968 - INFO - Filtered records to be inserted into database: 0
2025-03-12 16:19:56,968 - INFO - No new data to insert.
2025-03-12 16:19:56,975 - INFO - Finished
2025-03-12 16:21:37,073 - INFO - Started
2025-03-12 16:21:37,073 - INFO - Data fetched successfully.
2025-03-12 16:21:37,785 - INFO - Total records fetched: 2164
2025-03-12 16:21:37,801 - INFO - Total Filtered records: 0
2025-03-12 16:21:38,383 - INFO - Filtered records to be inserted into database: 0
2025-03-12 16:21:38,383 - INFO - No new data to insert.
2025-03-12 16:21:38,385 - INFO - Finished
2025-03-12 16:37:57,559 - INFO - Started
2025-03-12 16:37:57,565 - INFO - Data fetched successfully.
2025-03-12 16:37:58,536 - INFO - Total records fetched: 2252
2025-03-12 16:37:58,759 - INFO - Total tripStartDateMapping records: 342
2025-03-12 16:37:58,759 - INFO - Total Filtered records: 0
2025-03-12 16:37:59,309 - INFO - Filtered records to be inserted into database: 0
2025-03-12 16:37:59,309 - INFO - No new data to insert.
2025-03-12 16:37:59,315 - INFO - Finished
2025-03-13 10:42:06,271 - INFO - Started
2025-03-13 10:42:06,271 - INFO - Data fetched successfully.
2025-03-13 10:42:07,442 - INFO - Total records fetched: 2650
2025-03-13 10:42:07,652 - INFO - Total tripStartDateMapping records: 342
2025-03-13 10:42:07,652 - INFO - Total Filtered records: 9
2025-03-13 10:42:08,157 - INFO - Filtered records to be inserted into database: 9
2025-03-13 10:42:08,253 - INFO - Finished
2025-03-13 10:43:08,550 - INFO - Started
2025-03-13 10:43:08,551 - INFO - Data fetched successfully.
2025-03-13 10:43:11,018 - INFO - Total records fetched: 2653
2025-03-13 10:43:11,390 - INFO - Total tripStartDateMapping records: 342
2025-03-13 10:43:11,390 - INFO - Total Filtered records: 0
2025-03-13 10:43:11,878 - INFO - Filtered records to be inserted into database: 0
2025-03-13 10:43:11,878 - INFO - No new data to insert.
2025-03-13 10:43:11,928 - INFO - Finished
2025-03-13 13:32:04,254 - INFO - Started
2025-03-13 13:32:04,254 - INFO - Data fetched successfully.
2025-03-13 13:32:04,860 - INFO - Total records fetched: 2023
2025-03-13 13:32:05,006 - INFO - Total tripStartDateMapping records: 342
2025-03-13 13:32:05,006 - INFO - Total Filtered records: 63
2025-03-13 13:32:05,483 - INFO - Filtered records to be inserted into database: 63
2025-03-13 13:32:05,607 - INFO - Finished
2025-03-13 13:34:04,062 - INFO - Started
2025-03-13 13:34:04,064 - INFO - Data fetched successfully.
2025-03-13 13:34:04,752 - INFO - Total records fetched: 2009
2025-03-13 13:34:04,768 - INFO - Total tripStartDateMapping records: 342
2025-03-13 13:34:04,768 - INFO - Total Filtered records: 0
2025-03-13 13:34:05,227 - INFO - Filtered records to be inserted into database: 0
2025-03-13 13:34:05,243 - INFO - No new data to insert.
2025-03-13 13:34:05,250 - INFO - Finished
2025-03-13 13:36:03,252 - INFO - Started
2025-03-13 13:36:03,254 - INFO - Data fetched successfully.
2025-03-13 13:36:03,982 - INFO - Total records fetched: 1982
2025-03-13 13:36:04,009 - INFO - Total tripStartDateMapping records: 342
2025-03-13 13:36:04,009 - INFO - Total Filtered records: 0
2025-03-13 13:36:04,617 - INFO - Filtered records to be inserted into database: 0
2025-03-13 13:36:04,617 - INFO - No new data to insert.
2025-03-13 13:36:04,743 - INFO - Finished
2025-03-13 13:38:03,133 - INFO - Started
2025-03-13 13:38:03,133 - INFO - Data fetched successfully.
2025-03-13 13:38:03,720 - INFO - Total records fetched: 1978
2025-03-13 13:38:03,753 - INFO - Total tripStartDateMapping records: 342
2025-03-13 13:38:03,753 - INFO - Total Filtered records: 0
2025-03-13 13:38:04,220 - INFO - Filtered records to be inserted into database: 0
2025-03-13 13:38:04,220 - INFO - No new data to insert.
2025-03-13 13:38:04,227 - INFO - Finished
2025-03-13 13:40:03,457 - INFO - Started
2025-03-13 13:40:03,457 - INFO - Data fetched successfully.
2025-03-13 13:40:04,116 - INFO - Total records fetched: 1981
2025-03-13 13:40:04,160 - INFO - Total tripStartDateMapping records: 342
2025-03-13 13:40:04,160 - INFO - Total Filtered records: 0
2025-03-13 13:40:04,621 - INFO - Filtered records to be inserted into database: 0
2025-03-13 13:40:04,621 - INFO - No new data to insert.
2025-03-13 13:40:04,628 - INFO - Finished
2025-03-13 13:42:02,582 - INFO - Started
2025-03-13 13:42:02,582 - INFO - Data fetched successfully.
2025-03-13 13:42:03,303 - INFO - Total records fetched: 1982
2025-03-13 13:42:03,319 - INFO - Total tripStartDateMapping records: 342
2025-03-13 13:42:03,319 - INFO - Total Filtered records: 1
2025-03-13 13:42:03,794 - INFO - Filtered records to be inserted into database: 1
2025-03-13 13:42:03,842 - INFO - Finished
2025-03-13 13:45:02,765 - INFO - Started
2025-03-13 13:45:02,765 - INFO - Data fetched successfully.
2025-03-13 13:45:03,461 - INFO - Total records fetched: 1932
2025-03-13 13:45:03,531 - INFO - Total tripStartDateMapping records: 342
2025-03-13 13:45:03,531 - INFO - Total Filtered records: 0
2025-03-13 13:45:04,001 - INFO - Filtered records to be inserted into database: 0
2025-03-13 13:45:04,001 - INFO - No new data to insert.
2025-03-13 13:45:04,017 - INFO - Finished
2025-03-13 13:50:02,756 - INFO - Started
2025-03-13 13:50:02,756 - INFO - Data fetched successfully.
2025-03-13 13:50:03,267 - INFO - Total records fetched: 1939
2025-03-13 13:50:03,299 - INFO - Total tripStartDateMapping records: 342
2025-03-13 13:50:03,299 - INFO - Total Filtered records: 0
2025-03-13 13:50:03,754 - INFO - Filtered records to be inserted into database: 0
2025-03-13 13:50:03,756 - INFO - No new data to insert.
2025-03-13 13:50:03,760 - INFO - Finished
2025-03-13 13:55:03,491 - INFO - Started
2025-03-13 13:55:03,491 - INFO - Data fetched successfully.
2025-03-13 13:55:04,030 - INFO - Total records fetched: 1916
2025-03-13 13:55:04,062 - INFO - Total tripStartDateMapping records: 342
2025-03-13 13:55:04,062 - INFO - Total Filtered records: 8
2025-03-13 13:55:04,648 - INFO - Filtered records to be inserted into database: 8
2025-03-13 13:55:04,740 - INFO - Finished
2025-03-13 14:00:02,644 - INFO - Started
2025-03-13 14:00:02,644 - INFO - Data fetched successfully.
2025-03-13 14:00:03,084 - ERROR - An error occurred: Error parsing message with type 'transit_realtime.FeedMessage'
Traceback (most recent call last):
  File "C:\programs\project_1222086\DTC2025\rt_vehicle_location.py", line 48, in importRealTimeData
    feed.ParseFromString(response.content)
google.protobuf.message.DecodeError: Error parsing message with type 'transit_realtime.FeedMessage'
2025-03-13 14:00:03,100 - INFO - Finished
2025-03-13 14:00:38,965 - INFO - Started
2025-03-13 14:00:38,965 - INFO - Data fetched successfully.
2025-03-13 14:00:39,604 - INFO - Total records fetched: 1910
2025-03-13 14:00:39,636 - INFO - Total tripStartDateMapping records: 342
2025-03-13 14:00:39,636 - INFO - Total Filtered records: 0
2025-03-13 14:00:40,117 - INFO - Filtered records to be inserted into database: 0
2025-03-13 14:00:40,117 - INFO - No new data to insert.
2025-03-13 14:00:40,127 - INFO - Finished
2025-03-13 14:05:02,622 - INFO - Started
2025-03-13 14:05:02,622 - INFO - Data fetched successfully.
2025-03-13 14:05:03,211 - INFO - Total records fetched: 1884
2025-03-13 14:05:03,256 - INFO - Total tripStartDateMapping records: 342
2025-03-13 14:05:03,256 - INFO - Total Filtered records: 1
2025-03-13 14:05:03,719 - INFO - Filtered records to be inserted into database: 1
2025-03-13 14:05:03,750 - INFO - Finished
2025-03-13 14:10:05,604 - INFO - Started
2025-03-13 14:10:05,604 - INFO - Data fetched successfully.
2025-03-13 14:10:06,481 - INFO - Total records fetched: 1886
2025-03-13 14:10:06,550 - INFO - Total tripStartDateMapping records: 342
2025-03-13 14:10:06,550 - INFO - Total Filtered records: 0
2025-03-13 14:10:07,307 - INFO - Filtered records to be inserted into database: 0
2025-03-13 14:10:07,307 - INFO - No new data to insert.
2025-03-13 14:10:07,322 - INFO - Finished
2025-03-13 14:24:41,619 - INFO - Started
2025-03-13 14:24:42,097 - INFO - Data fetched successfully.
2025-03-13 14:25:13,835 - INFO - Total records fetched: 1862
2025-03-13 14:25:19,005 - INFO - Total tripStartDateMapping records: 342
2025-03-13 14:25:19,005 - INFO - Total Filtered records: 1
2025-03-13 14:25:19,638 - INFO - Filtered records to be inserted into database: 1
2025-03-13 14:25:20,977 - INFO - Finished
2025-03-13 14:32:24,955 - INFO - Started
2025-03-13 14:32:25,379 - INFO - Data fetched successfully.
2025-03-13 14:32:30,478 - INFO - Total records fetched: 1843
2025-03-13 14:32:31,118 - INFO - Total tripStartDateMapping records: 342
2025-03-13 14:32:31,120 - INFO - Total Filtered records: 3
2025-03-13 14:32:31,755 - INFO - Filtered records to be inserted into database: 3
2025-03-13 14:32:31,875 - INFO - Finished
2025-03-13 14:35:26,171 - INFO - Started
2025-03-13 14:35:26,171 - INFO - Data fetched successfully.
2025-03-13 14:35:26,948 - INFO - Total records fetched: 1853
2025-03-13 14:35:27,082 - INFO - Total tripStartDateMapping records: 342
2025-03-13 14:35:27,082 - INFO - Total Filtered records: 0
2025-03-13 14:35:27,756 - INFO - Filtered records to be inserted into database: 0
2025-03-13 14:35:27,756 - INFO - No new data to insert.
2025-03-13 14:35:27,779 - INFO - Finished
2025-03-13 14:40:03,148 - INFO - Started
2025-03-13 14:40:03,148 - INFO - Data fetched successfully.
2025-03-13 14:40:03,791 - INFO - Total records fetched: 1842
2025-03-13 14:40:03,836 - INFO - Total tripStartDateMapping records: 342
2025-03-13 14:40:03,836 - INFO - Total Filtered records: 1
2025-03-13 14:40:04,281 - INFO - Filtered records to be inserted into database: 1
2025-03-13 14:40:04,310 - INFO - Finished
2025-03-13 14:45:03,722 - INFO - Started
2025-03-13 14:45:03,738 - INFO - Data fetched successfully.
2025-03-13 14:45:04,346 - INFO - Total records fetched: 1841
2025-03-13 14:45:04,411 - INFO - Total tripStartDateMapping records: 342
2025-03-13 14:45:04,411 - INFO - Total Filtered records: 0
2025-03-13 14:45:04,869 - INFO - Filtered records to be inserted into database: 0
2025-03-13 14:45:04,869 - INFO - No new data to insert.
2025-03-13 14:45:04,879 - INFO - Finished
2025-03-13 14:50:03,567 - INFO - Started
2025-03-13 14:50:03,567 - INFO - Data fetched successfully.
2025-03-13 14:50:04,154 - INFO - Total records fetched: 1859
2025-03-13 14:50:04,186 - INFO - Total tripStartDateMapping records: 342
2025-03-13 14:50:04,186 - INFO - Total Filtered records: 0
2025-03-13 14:50:04,792 - INFO - Filtered records to be inserted into database: 0
2025-03-13 14:50:04,792 - INFO - No new data to insert.
2025-03-13 14:50:04,808 - INFO - Finished
2025-03-13 15:13:05,315 - INFO - Started
2025-03-13 15:13:05,319 - INFO - Data fetched successfully.
2025-03-13 15:13:06,196 - INFO - Total records fetched: 1890
2025-03-13 15:13:06,482 - INFO - Total tripStartDateMapping records: 342
2025-03-13 15:13:06,482 - INFO - Total Filtered records: 6
2025-03-13 15:13:07,133 - INFO - Filtered records to be inserted into database: 6
2025-03-13 15:13:07,257 - INFO - Finished
2025-03-13 15:24:51,952 - INFO - Started
2025-03-13 15:24:51,954 - INFO - Data fetched successfully.
2025-03-13 15:24:52,753 - INFO - Total records fetched: 1923
2025-03-13 15:24:54,185 - INFO - Total tripStartDateMapping records: 342
2025-03-13 15:24:54,186 - INFO - Total Filtered records: 0
2025-03-13 15:25:07,458 - INFO - Started
2025-03-13 15:25:07,458 - INFO - Data fetched successfully.
2025-03-13 15:25:07,860 - INFO - Total records fetched: 1924
2025-03-13 15:25:07,895 - INFO - Total tripStartDateMapping records: 342
2025-03-13 15:25:07,895 - INFO - Total Filtered records: 0
2025-03-13 15:25:08,692 - INFO - Filtered records to be inserted into database: 0
2025-03-13 15:25:08,692 - INFO - No new data to insert.
2025-03-13 15:25:08,714 - INFO - Finished
2025-03-13 15:26:46,735 - INFO - Started
2025-03-13 15:26:46,737 - INFO - Data fetched successfully.
2025-03-13 15:26:47,367 - INFO - Total records fetched: 1928
2025-03-13 15:26:47,519 - INFO - Total tripStartDateMapping records: 342
2025-03-13 15:26:47,519 - INFO - Total Filtered records: 0
2025-03-13 15:26:48,488 - INFO - Filtered records to be inserted into database: 0
2025-03-13 15:26:48,488 - INFO - No new data to insert.
2025-03-13 15:26:48,505 - INFO - Finished
2025-03-13 15:30:24,033 - INFO - Started
2025-03-13 15:30:24,034 - INFO - Data fetched successfully.
2025-03-13 15:30:24,490 - INFO - Total records fetched: 1952
2025-03-13 15:30:24,676 - INFO - Total tripStartDateMapping records: 342
2025-03-13 15:30:24,676 - INFO - Total Filtered records: 3
2025-03-13 15:30:25,379 - INFO - Filtered records to be inserted into database: 3
2025-03-13 15:30:25,564 - INFO - Finished
2025-03-13 15:40:33,587 - INFO - Started
2025-03-13 15:40:33,589 - INFO - Data fetched successfully.
2025-03-13 15:40:33,792 - INFO - Total records fetched: 0
2025-03-13 15:40:34,167 - INFO - Total tripStartDateMapping records: 342
2025-03-13 15:40:34,167 - INFO - Total Filtered records: 0
2025-03-13 15:40:34,734 - INFO - Filtered records to be inserted into database: 0
2025-03-13 15:40:34,734 - INFO - No new data to insert.
2025-03-13 15:40:34,741 - INFO - Finished
2025-03-13 15:50:27,364 - INFO - Started
2025-03-13 15:50:27,366 - INFO - Data fetched successfully.
2025-03-13 15:50:27,850 - INFO - Total records fetched: 1991
2025-03-13 15:50:28,103 - INFO - Total tripStartDateMapping records: 342
2025-03-13 15:50:28,104 - INFO - Total Filtered records: 7
2025-03-13 15:50:28,819 - INFO - Filtered records to be inserted into database: 7
2025-03-13 15:50:28,961 - INFO - Finished
2025-03-13 16:11:05,416 - INFO - Started
2025-03-13 16:11:05,416 - INFO - Data fetched successfully.
2025-03-13 16:11:05,915 - INFO - Total records fetched: 2081
2025-03-13 16:11:06,564 - INFO - Total tripStartDateMapping records: 342
2025-03-13 16:11:06,564 - INFO - Total Filtered records: 0
2025-03-13 16:11:07,149 - INFO - Filtered records to be inserted into database: 0
2025-03-13 16:11:07,149 - INFO - No new data to insert.
2025-03-13 16:11:07,162 - INFO - Finished
2025-03-13 16:11:17,167 - INFO - Started
2025-03-13 16:11:17,167 - INFO - Data fetched successfully.
2025-03-13 16:11:17,645 - INFO - Total records fetched: 2082
2025-03-13 16:11:17,659 - INFO - Total tripStartDateMapping records: 342
2025-03-13 16:11:17,661 - INFO - Total Filtered records: 0
2025-03-13 16:11:18,201 - INFO - Filtered records to be inserted into database: 0
2025-03-13 16:11:18,201 - INFO - No new data to insert.
2025-03-13 16:11:18,210 - INFO - Finished
2025-03-13 16:11:28,212 - INFO - Started
2025-03-13 16:11:28,213 - INFO - Data fetched successfully.
2025-03-13 16:11:28,673 - INFO - Total records fetched: 2082
2025-03-13 16:11:28,681 - INFO - Total tripStartDateMapping records: 342
2025-03-13 16:11:28,681 - INFO - Total Filtered records: 0
2025-03-13 16:11:29,271 - INFO - Filtered records to be inserted into database: 0
2025-03-13 16:11:29,271 - INFO - No new data to insert.
2025-03-13 16:11:29,273 - INFO - Finished
2025-03-13 16:14:51,733 - INFO - Started
2025-03-13 16:14:51,733 - INFO - Data fetched successfully.
2025-03-13 16:14:52,256 - INFO - Total records fetched: 2083
2025-03-13 16:14:52,288 - INFO - Total tripStartDateMapping records: 342
2025-03-13 16:14:52,288 - INFO - Total Filtered records: 0
2025-03-13 16:14:52,781 - INFO - Filtered records to be inserted into database: 0
2025-03-13 16:14:52,781 - INFO - No new data to insert.
2025-03-13 16:14:52,797 - INFO - Finished
2025-03-13 16:20:03,454 - INFO - Started
2025-03-13 16:20:03,454 - INFO - Data fetched successfully.
2025-03-13 16:20:04,055 - INFO - Total records fetched: 2123
2025-03-13 16:20:04,132 - INFO - Total tripStartDateMapping records: 342
2025-03-13 16:20:04,132 - INFO - Total Filtered records: 0
2025-03-13 16:20:04,725 - INFO - Filtered records to be inserted into database: 0
2025-03-13 16:20:04,725 - INFO - No new data to insert.
2025-03-13 16:20:04,741 - INFO - Finished
2025-03-13 16:30:04,748 - INFO - Started
2025-03-13 16:30:04,748 - INFO - Data fetched successfully.
2025-03-13 16:30:05,258 - INFO - Total records fetched: 2173
2025-03-13 16:30:05,266 - INFO - Total tripStartDateMapping records: 342
2025-03-13 16:30:05,266 - INFO - Total Filtered records: 0
2025-03-13 16:30:05,922 - INFO - Filtered records to be inserted into database: 0
2025-03-13 16:30:05,922 - INFO - No new data to insert.
2025-03-13 16:30:05,923 - INFO - Finished
2025-03-13 16:30:51,841 - INFO - Started
2025-03-13 16:30:51,841 - INFO - Data fetched successfully.
2025-03-13 16:30:52,311 - INFO - Total records fetched: 2171
2025-03-13 16:30:52,359 - INFO - Total tripStartDateMapping records: 342
2025-03-13 16:30:52,359 - INFO - Total Filtered records: 0
2025-03-13 16:30:52,866 - INFO - Filtered records to be inserted into database: 0
2025-03-13 16:30:52,866 - INFO - No new data to insert.
2025-03-13 16:30:52,878 - INFO - Finished
2025-03-13 16:52:05,235 - INFO - Started
2025-03-13 16:52:05,235 - INFO - Data fetched successfully.
2025-03-13 16:52:05,766 - INFO - Total records fetched: 2336
2025-03-13 16:52:06,282 - INFO - Total tripStartDateMapping records: 342
2025-03-13 16:52:06,282 - INFO - Total Filtered records: 0
2025-03-13 16:52:06,859 - INFO - Filtered records to be inserted into database: 0
2025-03-13 16:52:06,859 - INFO - No new data to insert.
2025-03-13 16:52:06,877 - INFO - Finished
2025-03-14 15:24:30,579 - INFO - Started
2025-03-14 15:24:30,579 - INFO - Data fetched successfully.
2025-03-14 15:24:32,490 - INFO - Total records fetched: 1104
2025-03-14 15:24:32,678 - INFO - Total tripStartDateMapping records: 342
2025-03-14 15:24:32,680 - INFO - Total Filtered records: 14
2025-03-14 15:24:33,408 - INFO - Filtered records to be inserted into database: 14
2025-03-14 15:24:33,491 - INFO - Finished
2025-03-14 15:30:51,244 - INFO - Started
2025-03-14 15:30:51,244 - INFO - Data fetched successfully.
2025-03-14 15:30:51,656 - INFO - Total records fetched: 1166
2025-03-14 15:30:51,988 - INFO - Total tripStartDateMapping records: 342
2025-03-14 15:30:51,988 - INFO - Total Filtered records: 1
2025-03-14 15:30:52,551 - INFO - Filtered records to be inserted into database: 1
2025-03-14 15:30:52,607 - INFO - Finished
2025-03-14 15:32:06,723 - INFO - Started
2025-03-14 15:32:06,724 - INFO - Data fetched successfully.
2025-03-14 15:32:07,140 - INFO - Total records fetched: 1131
2025-03-14 15:32:07,194 - INFO - Total tripStartDateMapping records: 342
2025-03-14 15:32:07,194 - INFO - Total Filtered records: 0
2025-03-14 15:32:08,556 - INFO - Filtered records to be inserted into database: 0
2025-03-14 15:32:08,577 - INFO - No new data to insert.
2025-03-14 15:32:08,608 - INFO - Finished
2025-03-14 15:40:06,375 - INFO - Started
2025-03-14 15:40:06,375 - INFO - Data fetched successfully.
2025-03-14 15:40:06,700 - INFO - Total records fetched: 940
2025-03-14 15:40:06,970 - INFO - Total tripStartDateMapping records: 342
2025-03-14 15:40:06,970 - INFO - Total Filtered records: 1
2025-03-14 15:40:07,634 - INFO - Filtered records to be inserted into database: 1
2025-03-14 15:40:07,777 - INFO - Finished
2025-03-14 15:50:04,536 - INFO - Started
2025-03-14 15:50:04,536 - INFO - Data fetched successfully.
2025-03-14 15:50:05,068 - INFO - Total records fetched: 1027
2025-03-14 15:50:05,164 - INFO - Total tripStartDateMapping records: 342
2025-03-14 15:50:05,164 - INFO - Total Filtered records: 2
2025-03-14 15:50:05,990 - INFO - Filtered records to be inserted into database: 2
2025-03-14 15:50:06,020 - INFO - Finished
2025-03-14 16:00:05,634 - INFO - Started
2025-03-14 16:00:05,635 - INFO - Data fetched successfully.
2025-03-14 16:00:06,116 - INFO - Total records fetched: 1350
2025-03-14 16:00:06,176 - INFO - Total tripStartDateMapping records: 342
2025-03-14 16:00:06,176 - INFO - Total Filtered records: 0
2025-03-14 16:00:07,136 - INFO - Filtered records to be inserted into database: 0
2025-03-14 16:00:07,146 - INFO - No new data to insert.
2025-03-14 16:00:07,195 - INFO - Finished
2025-03-14 16:10:05,648 - INFO - Started
2025-03-14 16:10:05,650 - INFO - Data fetched successfully.
2025-03-14 16:10:06,075 - INFO - Total records fetched: 1145
2025-03-14 16:10:06,128 - INFO - Total tripStartDateMapping records: 342
2025-03-14 16:10:06,128 - INFO - Total Filtered records: 0
2025-03-14 16:10:06,822 - INFO - Filtered records to be inserted into database: 0
2025-03-14 16:10:06,831 - INFO - No new data to insert.
2025-03-14 16:10:06,865 - INFO - Finished
2025-03-14 16:20:04,585 - INFO - Started
2025-03-14 16:20:04,585 - INFO - Data fetched successfully.
2025-03-14 16:20:05,025 - INFO - Total records fetched: 1447
2025-03-14 16:20:05,085 - INFO - Total tripStartDateMapping records: 342
2025-03-14 16:20:05,085 - INFO - Total Filtered records: 0
2025-03-14 16:20:06,212 - INFO - Filtered records to be inserted into database: 0
2025-03-14 16:20:06,222 - INFO - No new data to insert.
2025-03-14 16:20:06,273 - INFO - Finished
2025-03-14 16:20:51,636 - INFO - Started
2025-03-14 16:20:51,637 - INFO - Data fetched successfully.
2025-03-14 16:20:52,083 - INFO - Total records fetched: 1448
2025-03-14 16:20:52,139 - INFO - Total tripStartDateMapping records: 342
2025-03-14 16:20:52,139 - INFO - Total Filtered records: 0
2025-03-14 16:20:52,876 - INFO - Filtered records to be inserted into database: 0
2025-03-14 16:20:52,876 - INFO - No new data to insert.
2025-03-14 16:20:52,893 - INFO - Finished
2025-03-14 16:30:03,022 - INFO - Started
2025-03-14 16:30:03,022 - INFO - Data fetched successfully.
2025-03-14 16:30:03,427 - INFO - Total records fetched: 1252
2025-03-14 16:30:03,466 - INFO - Total tripStartDateMapping records: 342
2025-03-14 16:30:03,466 - INFO - Total Filtered records: 0
2025-03-14 16:30:03,979 - INFO - Filtered records to be inserted into database: 0
2025-03-14 16:30:03,979 - INFO - No new data to insert.
2025-03-14 16:30:03,987 - INFO - Finished
2025-03-14 21:20:10,592 - INFO - Started
2025-03-14 21:20:10,592 - INFO - Data fetched successfully.
2025-03-14 21:20:10,938 - INFO - Total records fetched: 955
2025-03-14 21:20:11,323 - INFO - Total tripStartDateMapping records: 342
2025-03-14 21:20:11,323 - INFO - Total Filtered records: 0
2025-03-14 21:20:11,818 - INFO - Filtered records to be inserted into database: 0
2025-03-14 21:20:11,818 - INFO - No new data to insert.
2025-03-14 21:20:11,858 - INFO - Finished
2025-03-14 21:30:06,269 - INFO - Started
2025-03-14 21:30:06,270 - INFO - Data fetched successfully.
2025-03-14 21:30:06,626 - INFO - Total records fetched: 1203
2025-03-14 21:30:06,674 - INFO - Total tripStartDateMapping records: 342
2025-03-14 21:30:06,674 - INFO - Total Filtered records: 5
2025-03-14 21:30:07,143 - INFO - Filtered records to be inserted into database: 5
2025-03-14 21:30:07,260 - INFO - Finished
2025-03-14 21:40:04,017 - INFO - Started
2025-03-14 21:40:04,017 - INFO - Data fetched successfully.
2025-03-14 21:40:04,327 - INFO - Total records fetched: 816
2025-03-14 21:40:04,371 - INFO - Total tripStartDateMapping records: 342
2025-03-14 21:40:04,371 - INFO - Total Filtered records: 0
2025-03-14 21:40:04,818 - INFO - Filtered records to be inserted into database: 0
2025-03-14 21:40:04,837 - INFO - No new data to insert.
2025-03-14 21:40:04,873 - INFO - Finished
2025-03-14 21:50:02,268 - INFO - Started
2025-03-14 21:50:02,268 - INFO - Data fetched successfully.
2025-03-14 21:50:02,542 - INFO - Total records fetched: 748
2025-03-14 21:50:02,562 - INFO - Total tripStartDateMapping records: 342
2025-03-14 21:50:02,562 - INFO - Total Filtered records: 0
2025-03-14 21:50:03,025 - INFO - Filtered records to be inserted into database: 0
2025-03-14 21:50:03,025 - INFO - No new data to insert.
2025-03-14 21:50:03,035 - INFO - Finished
2025-03-14 22:00:03,757 - INFO - Started
2025-03-14 22:00:03,757 - INFO - Data fetched successfully.
2025-03-14 22:00:04,026 - INFO - Total records fetched: 313
2025-03-14 22:00:04,090 - INFO - Total tripStartDateMapping records: 342
2025-03-14 22:00:04,090 - INFO - Total Filtered records: 11
2025-03-14 22:00:04,548 - INFO - Filtered records to be inserted into database: 11
2025-03-14 22:00:04,612 - INFO - Finished
2025-03-14 22:10:02,315 - INFO - Started
2025-03-14 22:10:02,315 - INFO - Data fetched successfully.
2025-03-14 22:10:02,592 - INFO - Total records fetched: 620
2025-03-14 22:10:02,624 - INFO - Total tripStartDateMapping records: 342
2025-03-14 22:10:02,624 - INFO - Total Filtered records: 0
2025-03-14 22:10:03,083 - INFO - Filtered records to be inserted into database: 0
2025-03-14 22:10:03,083 - INFO - No new data to insert.
2025-03-14 22:10:03,099 - INFO - Finished
2025-03-14 22:20:04,631 - INFO - Started
2025-03-14 22:20:04,631 - INFO - Data fetched successfully.
2025-03-14 22:20:05,030 - INFO - Total records fetched: 891
2025-03-14 22:20:05,098 - INFO - Total tripStartDateMapping records: 342
2025-03-14 22:20:05,098 - INFO - Total Filtered records: 16
2025-03-14 22:20:05,626 - INFO - Filtered records to be inserted into database: 16
2025-03-14 22:20:05,696 - INFO - Finished
2025-03-14 22:30:04,173 - INFO - Started
2025-03-14 22:30:04,188 - INFO - Data fetched successfully.
2025-03-14 22:30:04,527 - INFO - Total records fetched: 505
2025-03-14 22:30:04,605 - INFO - Total tripStartDateMapping records: 342
2025-03-14 22:30:04,605 - INFO - Total Filtered records: 3
2025-03-14 22:30:05,192 - INFO - Filtered records to be inserted into database: 3
2025-03-14 22:30:05,217 - INFO - Finished
2025-03-14 22:40:03,927 - INFO - Started
2025-03-14 22:40:03,927 - INFO - Data fetched successfully.
2025-03-14 22:40:04,263 - INFO - Total records fetched: 790
2025-03-14 22:40:04,315 - INFO - Total tripStartDateMapping records: 342
2025-03-14 22:40:04,315 - INFO - Total Filtered records: 0
2025-03-14 22:40:05,218 - INFO - Filtered records to be inserted into database: 0
2025-03-14 22:40:05,218 - INFO - No new data to insert.
2025-03-14 22:40:05,233 - INFO - Finished
2025-03-14 22:50:03,231 - INFO - Started
2025-03-14 22:50:03,231 - INFO - Data fetched successfully.
2025-03-14 22:50:03,493 - INFO - Total records fetched: 385
2025-03-14 22:50:03,533 - INFO - Total tripStartDateMapping records: 342
2025-03-14 22:50:03,533 - INFO - Total Filtered records: 0
2025-03-14 22:50:04,070 - INFO - Filtered records to be inserted into database: 0
2025-03-14 22:50:04,070 - INFO - No new data to insert.
2025-03-14 22:50:04,091 - INFO - Finished
2025-03-15 11:44:18,310 - INFO - Started
2025-03-15 11:44:18,312 - INFO - Data fetched successfully.
2025-03-15 11:44:18,571 - INFO - Total records fetched: 0
2025-03-15 11:44:19,211 - INFO - Total tripStartDateMapping records: 342
2025-03-15 11:44:19,213 - INFO - Total Filtered records: 0
2025-03-15 11:44:21,915 - INFO - Filtered records to be inserted into database: 0
2025-03-15 11:44:21,917 - INFO - No new data to insert.
2025-03-15 11:44:22,021 - INFO - Finished
2025-03-15 11:50:06,301 - INFO - Started
2025-03-15 11:50:06,301 - INFO - Data fetched successfully.
2025-03-15 11:50:06,876 - INFO - Total records fetched: 2259
2025-03-15 11:50:06,940 - INFO - Total tripStartDateMapping records: 342
2025-03-15 11:50:06,940 - INFO - Total Filtered records: 22
2025-03-15 11:50:08,064 - INFO - Filtered records to be inserted into database: 22
2025-03-15 11:50:08,245 - INFO - Finished
2025-03-15 12:00:07,241 - INFO - Started
2025-03-15 12:00:07,251 - INFO - Data fetched successfully.
2025-03-15 12:00:07,709 - INFO - Total records fetched: 2234
2025-03-15 12:00:07,764 - INFO - Total tripStartDateMapping records: 342
2025-03-15 12:00:07,764 - INFO - Total Filtered records: 8
2025-03-15 12:00:08,302 - INFO - Filtered records to be inserted into database: 8
2025-03-15 12:00:08,342 - INFO - Finished
2025-03-15 12:10:03,346 - INFO - Started
2025-03-15 12:10:03,346 - INFO - Data fetched successfully.
2025-03-15 12:10:03,761 - INFO - Total records fetched: 2204
2025-03-15 12:10:03,804 - INFO - Total tripStartDateMapping records: 342
2025-03-15 12:10:03,804 - INFO - Total Filtered records: 0
2025-03-15 12:10:04,336 - INFO - Filtered records to be inserted into database: 0
2025-03-15 12:10:04,336 - INFO - No new data to insert.
2025-03-15 12:10:04,345 - INFO - Finished
2025-03-15 12:20:03,010 - INFO - Started
2025-03-15 12:20:03,010 - INFO - Data fetched successfully.
2025-03-15 12:20:03,461 - INFO - Total records fetched: 2168
2025-03-15 12:20:03,509 - INFO - Total tripStartDateMapping records: 342
2025-03-15 12:20:03,509 - INFO - Total Filtered records: 2
2025-03-15 12:20:04,017 - INFO - Filtered records to be inserted into database: 2
2025-03-15 12:20:04,052 - INFO - Finished
2025-03-15 12:30:02,687 - INFO - Started
2025-03-15 12:30:02,689 - INFO - Data fetched successfully.
2025-03-15 12:30:03,083 - INFO - Total records fetched: 2099
2025-03-15 12:30:03,135 - INFO - Total tripStartDateMapping records: 342
2025-03-15 12:30:03,137 - INFO - Total Filtered records: 3
2025-03-15 12:30:03,747 - INFO - Filtered records to be inserted into database: 3
2025-03-15 12:30:03,763 - INFO - Finished
2025-03-15 12:40:02,984 - INFO - Started
2025-03-15 12:40:02,984 - INFO - Data fetched successfully.
2025-03-15 12:40:03,336 - INFO - Total records fetched: 2044
2025-03-15 12:40:03,370 - INFO - Total tripStartDateMapping records: 342
2025-03-15 12:40:03,370 - INFO - Total Filtered records: 6
2025-03-15 12:40:03,897 - INFO - Filtered records to be inserted into database: 6
2025-03-15 12:40:03,921 - INFO - Finished
2025-03-15 12:53:47,402 - INFO - Started
2025-03-15 12:53:47,406 - INFO - Data fetched successfully.
2025-03-15 12:53:48,280 - INFO - Total records fetched: 1961
2025-03-15 12:53:48,553 - INFO - Total tripStartDateMapping records: 342
2025-03-15 12:53:48,553 - INFO - Total Filtered records: 12
2025-03-15 12:53:49,278 - INFO - Filtered records to be inserted into database: 12
2025-03-15 12:53:49,357 - INFO - Finished
2025-03-15 13:00:03,504 - INFO - Started
2025-03-15 13:00:03,505 - INFO - Data fetched successfully.
2025-03-15 13:00:03,969 - INFO - Total records fetched: 1898
2025-03-15 13:00:04,017 - INFO - Total tripStartDateMapping records: 342
2025-03-15 13:00:04,017 - INFO - Total Filtered records: 4
2025-03-15 13:00:04,460 - INFO - Filtered records to be inserted into database: 4
2025-03-15 13:00:04,492 - INFO - Finished
2025-03-15 13:10:14,647 - INFO - Started
2025-03-15 13:10:14,665 - INFO - Data fetched successfully.
2025-03-15 13:10:15,152 - INFO - Total records fetched: 1853
2025-03-15 13:10:15,209 - INFO - Total tripStartDateMapping records: 342
2025-03-15 13:10:15,209 - INFO - Total Filtered records: 0
2025-03-15 13:10:16,007 - INFO - Filtered records to be inserted into database: 0
2025-03-15 13:10:16,011 - INFO - No new data to insert.
2025-03-15 13:10:16,059 - INFO - Finished
2025-03-15 13:20:03,933 - INFO - Started
2025-03-15 13:20:03,936 - INFO - Data fetched successfully.
2025-03-15 13:20:04,330 - INFO - Total records fetched: 1686
2025-03-15 13:20:04,376 - INFO - Total tripStartDateMapping records: 342
2025-03-15 13:20:04,376 - INFO - Total Filtered records: 17
2025-03-15 13:20:04,826 - INFO - Filtered records to be inserted into database: 17
2025-03-15 13:20:04,931 - INFO - Finished
2025-03-15 13:30:05,168 - INFO - Started
2025-03-15 13:30:05,168 - INFO - Data fetched successfully.
2025-03-15 13:30:05,652 - INFO - Total records fetched: 1799
2025-03-15 13:30:05,717 - INFO - Total tripStartDateMapping records: 342
2025-03-15 13:30:05,717 - INFO - Total Filtered records: 12
2025-03-15 13:30:06,412 - INFO - Filtered records to be inserted into database: 12
2025-03-15 13:30:06,492 - INFO - Finished
2025-03-15 13:40:04,013 - INFO - Started
2025-03-15 13:40:04,020 - INFO - Data fetched successfully.
2025-03-15 13:40:04,453 - INFO - Total records fetched: 1805
2025-03-15 13:40:04,517 - INFO - Total tripStartDateMapping records: 342
2025-03-15 13:40:04,517 - INFO - Total Filtered records: 4
2025-03-15 13:40:05,656 - INFO - Filtered records to be inserted into database: 4
2025-03-15 13:40:05,691 - INFO - Finished
2025-03-15 13:50:04,279 - INFO - Started
2025-03-15 13:50:04,279 - INFO - Data fetched successfully.
2025-03-15 13:50:04,736 - INFO - Total records fetched: 1791
2025-03-15 13:50:04,822 - INFO - Total tripStartDateMapping records: 342
2025-03-15 13:50:04,822 - INFO - Total Filtered records: 4
2025-03-15 13:50:05,384 - INFO - Filtered records to be inserted into database: 4
2025-03-15 13:50:05,416 - INFO - Finished
2025-03-15 14:00:04,243 - INFO - Started
2025-03-15 14:00:04,243 - INFO - Data fetched successfully.
2025-03-15 14:00:04,764 - INFO - Total records fetched: 1750
2025-03-15 14:00:04,833 - INFO - Total tripStartDateMapping records: 342
2025-03-15 14:00:04,833 - INFO - Total Filtered records: 0
2025-03-15 14:00:05,345 - INFO - Filtered records to be inserted into database: 0
2025-03-15 14:00:05,345 - INFO - No new data to insert.
2025-03-15 14:00:05,360 - INFO - Finished
2025-03-15 14:10:03,589 - INFO - Started
2025-03-15 14:10:03,589 - INFO - Data fetched successfully.
2025-03-15 14:10:04,021 - INFO - Total records fetched: 1745
2025-03-15 14:10:04,090 - INFO - Total tripStartDateMapping records: 342
2025-03-15 14:10:04,090 - INFO - Total Filtered records: 1
2025-03-15 14:10:05,167 - INFO - Filtered records to be inserted into database: 1
2025-03-15 14:10:05,201 - INFO - Finished
2025-03-15 14:20:03,818 - INFO - Started
2025-03-15 14:20:03,820 - INFO - Data fetched successfully.
2025-03-15 14:20:04,214 - INFO - Total records fetched: 1713
2025-03-15 14:20:04,278 - INFO - Total tripStartDateMapping records: 342
2025-03-15 14:20:04,278 - INFO - Total Filtered records: 0
2025-03-15 14:20:04,832 - INFO - Filtered records to be inserted into database: 0
2025-03-15 14:20:04,832 - INFO - No new data to insert.
2025-03-15 14:20:04,856 - INFO - Finished
2025-03-15 14:30:03,616 - INFO - Started
2025-03-15 14:30:03,616 - INFO - Data fetched successfully.
2025-03-15 14:30:04,028 - INFO - Total records fetched: 1698
2025-03-15 14:30:04,072 - INFO - Total tripStartDateMapping records: 342
2025-03-15 14:30:04,072 - INFO - Total Filtered records: 2
2025-03-15 14:30:04,961 - INFO - Filtered records to be inserted into database: 2
2025-03-15 14:30:05,031 - INFO - Finished
2025-03-15 14:40:03,837 - INFO - Started
2025-03-15 14:40:03,837 - INFO - Data fetched successfully.
2025-03-15 14:40:04,278 - INFO - Total records fetched: 1728
2025-03-15 14:40:04,301 - INFO - Total tripStartDateMapping records: 342
2025-03-15 14:40:04,301 - INFO - Total Filtered records: 0
2025-03-15 14:40:04,824 - INFO - Filtered records to be inserted into database: 0
2025-03-15 14:40:04,824 - INFO - No new data to insert.
2025-03-15 14:40:04,848 - INFO - Finished
2025-03-15 14:50:03,508 - INFO - Started
2025-03-15 14:50:03,508 - INFO - Data fetched successfully.
2025-03-15 14:50:03,899 - INFO - Total records fetched: 1758
2025-03-15 14:50:03,953 - INFO - Total tripStartDateMapping records: 342
2025-03-15 14:50:03,953 - INFO - Total Filtered records: 0
2025-03-15 14:50:04,630 - INFO - Filtered records to be inserted into database: 0
2025-03-15 14:50:04,630 - INFO - No new data to insert.
2025-03-15 14:50:04,643 - INFO - Finished
2025-03-15 15:00:03,776 - INFO - Started
2025-03-15 15:00:03,776 - INFO - Data fetched successfully.
2025-03-15 15:00:04,239 - INFO - Total records fetched: 1796
2025-03-15 15:00:04,303 - INFO - Total tripStartDateMapping records: 342
2025-03-15 15:00:04,303 - INFO - Total Filtered records: 1
2025-03-15 15:00:04,824 - INFO - Filtered records to be inserted into database: 1
2025-03-15 15:00:04,876 - INFO - Finished
2025-03-15 15:10:03,479 - INFO - Started
2025-03-15 15:10:03,479 - INFO - Data fetched successfully.
2025-03-15 15:10:03,654 - INFO - Total records fetched: 0
2025-03-15 15:10:03,733 - INFO - Total tripStartDateMapping records: 342
2025-03-15 15:10:03,733 - INFO - Total Filtered records: 0
2025-03-15 15:10:04,334 - INFO - Filtered records to be inserted into database: 0
2025-03-15 15:10:04,334 - INFO - No new data to insert.
2025-03-15 15:10:04,351 - INFO - Finished
2025-03-15 15:20:03,732 - INFO - Started
2025-03-15 15:20:03,732 - INFO - Data fetched successfully.
2025-03-15 15:20:04,232 - INFO - Total records fetched: 1878
2025-03-15 15:20:04,278 - INFO - Total tripStartDateMapping records: 342
2025-03-15 15:20:04,278 - INFO - Total Filtered records: 4
2025-03-15 15:20:04,817 - INFO - Filtered records to be inserted into database: 4
2025-03-15 15:20:04,869 - INFO - Finished
2025-03-15 15:30:04,517 - INFO - Started
2025-03-15 15:30:04,517 - INFO - Data fetched successfully.
2025-03-15 15:30:05,306 - INFO - Total records fetched: 1918
2025-03-15 15:30:05,370 - INFO - Total tripStartDateMapping records: 342
2025-03-15 15:30:05,370 - INFO - Total Filtered records: 0
2025-03-15 15:30:05,959 - INFO - Filtered records to be inserted into database: 0
2025-03-15 15:30:05,965 - INFO - No new data to insert.
2025-03-15 15:30:05,973 - INFO - Finished
2025-03-15 15:40:04,012 - INFO - Started
2025-03-15 15:40:04,012 - INFO - Data fetched successfully.
2025-03-15 15:40:04,453 - INFO - Total records fetched: 1988
2025-03-15 15:40:04,516 - INFO - Total tripStartDateMapping records: 342
2025-03-15 15:40:04,516 - INFO - Total Filtered records: 5
2025-03-15 15:40:05,080 - INFO - Filtered records to be inserted into database: 5
2025-03-15 15:40:05,119 - INFO - Finished
2025-03-15 15:50:04,457 - INFO - Started
2025-03-15 15:50:04,457 - INFO - Data fetched successfully.
2025-03-15 15:50:04,906 - INFO - Total records fetched: 2020
2025-03-15 15:50:04,970 - INFO - Total tripStartDateMapping records: 342
2025-03-15 15:50:04,970 - INFO - Total Filtered records: 2
2025-03-15 15:50:05,568 - INFO - Filtered records to be inserted into database: 2
2025-03-15 15:50:05,590 - INFO - Finished
2025-03-15 16:00:03,420 - INFO - Started
2025-03-15 16:00:03,420 - INFO - Data fetched successfully.
2025-03-15 16:00:03,878 - INFO - Total records fetched: 2048
2025-03-15 16:00:03,943 - INFO - Total tripStartDateMapping records: 342
2025-03-15 16:00:03,943 - INFO - Total Filtered records: 2
2025-03-15 16:00:04,494 - INFO - Filtered records to be inserted into database: 2
2025-03-15 16:00:04,525 - INFO - Finished
2025-03-15 16:10:04,664 - INFO - Started
2025-03-15 16:10:04,666 - INFO - Data fetched successfully.
2025-03-15 16:10:05,153 - INFO - Total records fetched: 2064
2025-03-15 16:10:05,224 - INFO - Total tripStartDateMapping records: 342
2025-03-15 16:10:05,224 - INFO - Total Filtered records: 0
2025-03-15 16:10:05,733 - INFO - Filtered records to be inserted into database: 0
2025-03-15 16:10:05,742 - INFO - No new data to insert.
2025-03-15 16:10:05,773 - INFO - Finished
2025-03-15 16:20:04,139 - INFO - Started
2025-03-15 16:20:04,139 - INFO - Data fetched successfully.
2025-03-15 16:20:04,355 - INFO - Total records fetched: 0
2025-03-15 16:20:04,418 - INFO - Total tripStartDateMapping records: 342
2025-03-15 16:20:04,418 - INFO - Total Filtered records: 0
2025-03-15 16:20:04,954 - INFO - Filtered records to be inserted into database: 0
2025-03-15 16:20:04,954 - INFO - No new data to insert.
2025-03-15 16:20:04,972 - INFO - Finished
2025-03-15 16:30:03,752 - INFO - Started
2025-03-15 16:30:03,752 - INFO - Data fetched successfully.
2025-03-15 16:30:04,240 - INFO - Total records fetched: 2145
2025-03-15 16:30:04,278 - INFO - Total tripStartDateMapping records: 342
2025-03-15 16:30:04,278 - INFO - Total Filtered records: 0
2025-03-15 16:30:04,802 - INFO - Filtered records to be inserted into database: 0
2025-03-15 16:30:04,802 - INFO - No new data to insert.
2025-03-15 16:30:04,820 - INFO - Finished
2025-03-15 16:40:04,335 - INFO - Started
2025-03-15 16:40:04,339 - INFO - Data fetched successfully.
2025-03-15 16:40:04,816 - INFO - Total records fetched: 2217
2025-03-15 16:40:04,864 - INFO - Total tripStartDateMapping records: 342
2025-03-15 16:40:04,864 - INFO - Total Filtered records: 0
2025-03-15 16:40:05,400 - INFO - Filtered records to be inserted into database: 0
2025-03-15 16:40:05,400 - INFO - No new data to insert.
2025-03-15 16:40:05,418 - INFO - Finished
2025-03-15 16:50:04,080 - INFO - Started
2025-03-15 16:50:04,080 - INFO - Data fetched successfully.
2025-03-15 16:50:04,656 - INFO - Total records fetched: 2268
2025-03-15 16:50:04,723 - INFO - Total tripStartDateMapping records: 342
2025-03-15 16:50:04,723 - INFO - Total Filtered records: 0
2025-03-15 16:50:05,811 - INFO - Filtered records to be inserted into database: 0
2025-03-15 16:50:05,811 - INFO - No new data to insert.
2025-03-15 16:50:05,832 - INFO - Finished
2025-03-15 17:00:03,877 - INFO - Started
2025-03-15 17:00:03,877 - INFO - Data fetched successfully.
2025-03-15 17:00:04,390 - INFO - Total records fetched: 2305
2025-03-15 17:00:04,435 - INFO - Total tripStartDateMapping records: 342
2025-03-15 17:00:04,435 - INFO - Total Filtered records: 0
2025-03-15 17:00:04,955 - INFO - Filtered records to be inserted into database: 0
2025-03-15 17:00:04,955 - INFO - No new data to insert.
2025-03-15 17:00:04,962 - INFO - Finished
2025-03-15 17:10:04,208 - INFO - Started
2025-03-15 17:10:04,208 - INFO - Data fetched successfully.
2025-03-15 17:10:04,575 - ERROR - An error occurred: ('Connection broken: IncompleteRead(229109 bytes read, 14289 more expected)', IncompleteRead(229109 bytes read, 14289 more expected))
Traceback (most recent call last):
  File "C:\programs\environments\py_312_tut\Lib\site-packages\urllib3\response.py", line 748, in _error_catcher
    yield
  File "C:\programs\environments\py_312_tut\Lib\site-packages\urllib3\response.py", line 894, in _raw_read
    raise IncompleteRead(self._fp_bytes_read, self.length_remaining)
urllib3.exceptions.IncompleteRead: IncompleteRead(229109 bytes read, 14289 more expected)

The above exception was the direct cause of the following exception:

Traceback (most recent call last):
  File "C:\programs\environments\py_312_tut\Lib\site-packages\requests\models.py", line 820, in generate
    yield from self.raw.stream(chunk_size, decode_content=True)
  File "C:\programs\environments\py_312_tut\Lib\site-packages\urllib3\response.py", line 1060, in stream
    data = self.read(amt=amt, decode_content=decode_content)
           ^^^^^^^^^^^^^^^^^^^^^^^^^^^^^^^^^^^^^^^^^^^^^^^^^
  File "C:\programs\environments\py_312_tut\Lib\site-packages\urllib3\response.py", line 977, in read
    data = self._raw_read(amt)
           ^^^^^^^^^^^^^^^^^^^
  File "C:\programs\environments\py_312_tut\Lib\site-packages\urllib3\response.py", line 872, in _raw_read
    with self._error_catcher():
  File "C:\Users\Asus\AppData\Local\Programs\Python\Python312\Lib\contextlib.py", line 158, in __exit__
    self.gen.throw(value)
  File "C:\programs\environments\py_312_tut\Lib\site-packages\urllib3\response.py", line 772, in _error_catcher
    raise ProtocolError(arg, e) from e
urllib3.exceptions.ProtocolError: ('Connection broken: IncompleteRead(229109 bytes read, 14289 more expected)', IncompleteRead(229109 bytes read, 14289 more expected))

During handling of the above exception, another exception occurred:

Traceback (most recent call last):
  File "C:\programs\project_1222086\DTC2025\rt_vehicle_location.py", line 46, in importRealTimeData
    response = requests.get("https://otd.delhi.gov.in/api/realtime/VehiclePositions.pb?key=Wnywij2jOl3N715nQzLAfOiBK4MdJwUe")
               ^^^^^^^^^^^^^^^^^^^^^^^^^^^^^^^^^^^^^^^^^^^^^^^^^^^^^^^^^^^^^^^^^^^^^^^^^^^^^^^^^^^^^^^^^^^^^^^^^^^^^^^^^^^^^^
  File "C:\programs\environments\py_312_tut\Lib\site-packages\requests\api.py", line 73, in get
    return request("get", url, params=params, **kwargs)
           ^^^^^^^^^^^^^^^^^^^^^^^^^^^^^^^^^^^^^^^^^^^^
  File "C:\programs\environments\py_312_tut\Lib\site-packages\requests\api.py", line 59, in request
    return session.request(method=method, url=url, **kwargs)
           ^^^^^^^^^^^^^^^^^^^^^^^^^^^^^^^^^^^^^^^^^^^^^^^^^
  File "C:\programs\environments\py_312_tut\Lib\site-packages\requests\sessions.py", line 589, in request
    resp = self.send(prep, **send_kwargs)
           ^^^^^^^^^^^^^^^^^^^^^^^^^^^^^^
  File "C:\programs\environments\py_312_tut\Lib\site-packages\requests\sessions.py", line 746, in send
    r.content
  File "C:\programs\environments\py_312_tut\Lib\site-packages\requests\models.py", line 902, in content
    self._content = b"".join(self.iter_content(CONTENT_CHUNK_SIZE)) or b""
                    ^^^^^^^^^^^^^^^^^^^^^^^^^^^^^^^^^^^^^^^^^^^^^^^
  File "C:\programs\environments\py_312_tut\Lib\site-packages\requests\models.py", line 822, in generate
    raise ChunkedEncodingError(e)
requests.exceptions.ChunkedEncodingError: ('Connection broken: IncompleteRead(229109 bytes read, 14289 more expected)', IncompleteRead(229109 bytes read, 14289 more expected))
2025-03-15 17:10:05,175 - INFO - Finished
2025-03-15 17:20:03,410 - INFO - Started
2025-03-15 17:20:03,410 - INFO - Data fetched successfully.
2025-03-15 17:20:03,940 - INFO - Total records fetched: 2386
2025-03-15 17:20:04,022 - INFO - Total tripStartDateMapping records: 342
2025-03-15 17:20:04,022 - INFO - Total Filtered records: 0
2025-03-15 17:20:04,636 - INFO - Filtered records to be inserted into database: 0
2025-03-15 17:20:04,636 - INFO - No new data to insert.
2025-03-15 17:20:04,667 - INFO - Finished
2025-03-15 17:30:03,417 - INFO - Started
2025-03-15 17:30:03,423 - INFO - Data fetched successfully.
2025-03-15 17:30:03,919 - INFO - Total records fetched: 2426
2025-03-15 17:30:03,968 - INFO - Total tripStartDateMapping records: 342
2025-03-15 17:30:03,968 - INFO - Total Filtered records: 0
2025-03-15 17:30:04,516 - INFO - Filtered records to be inserted into database: 0
2025-03-15 17:30:04,516 - INFO - No new data to insert.
2025-03-15 17:30:04,524 - INFO - Finished
2025-03-15 17:40:03,471 - INFO - Started
2025-03-15 17:40:03,476 - INFO - Data fetched successfully.
2025-03-15 17:40:03,981 - INFO - Total records fetched: 2448
2025-03-15 17:40:04,070 - INFO - Total tripStartDateMapping records: 342
2025-03-15 17:40:04,072 - INFO - Total Filtered records: 1
2025-03-15 17:40:05,122 - INFO - Filtered records to be inserted into database: 1
2025-03-15 17:40:05,156 - INFO - Finished
2025-03-15 17:50:03,677 - INFO - Started
2025-03-15 17:50:03,677 - INFO - Data fetched successfully.
2025-03-15 17:50:04,246 - INFO - Total records fetched: 2457
2025-03-15 17:50:04,289 - INFO - Total tripStartDateMapping records: 342
2025-03-15 17:50:04,291 - INFO - Total Filtered records: 1
2025-03-15 17:50:05,527 - INFO - Filtered records to be inserted into database: 1
2025-03-15 17:50:05,589 - INFO - Finished
2025-03-15 18:00:03,608 - INFO - Started
2025-03-15 18:00:03,608 - INFO - Data fetched successfully.
2025-03-15 18:00:04,315 - INFO - Total records fetched: 2470
2025-03-15 18:00:04,348 - INFO - Total tripStartDateMapping records: 342
2025-03-15 18:00:04,348 - INFO - Total Filtered records: 0
2025-03-15 18:00:04,888 - INFO - Filtered records to be inserted into database: 0
2025-03-15 18:00:04,888 - INFO - No new data to insert.
2025-03-15 18:00:04,902 - INFO - Finished
2025-03-15 18:10:04,358 - INFO - Started
2025-03-15 18:10:04,358 - INFO - Data fetched successfully.
2025-03-15 18:10:04,901 - INFO - Total records fetched: 2464
2025-03-15 18:10:04,960 - INFO - Total tripStartDateMapping records: 342
2025-03-15 18:10:04,962 - INFO - Total Filtered records: 0
2025-03-15 18:10:06,069 - INFO - Filtered records to be inserted into database: 0
2025-03-15 18:10:06,071 - INFO - No new data to insert.
2025-03-15 18:10:06,088 - INFO - Finished
2025-03-15 18:20:03,547 - INFO - Started
2025-03-15 18:20:03,547 - INFO - Data fetched successfully.
2025-03-15 18:20:04,044 - INFO - Total records fetched: 2461
2025-03-15 18:20:04,124 - INFO - Total tripStartDateMapping records: 342
2025-03-15 18:20:04,126 - INFO - Total Filtered records: 0
2025-03-15 18:20:04,721 - INFO - Filtered records to be inserted into database: 0
2025-03-15 18:20:04,723 - INFO - No new data to insert.
2025-03-15 18:20:04,739 - INFO - Finished
2025-03-15 18:30:04,994 - INFO - Started
2025-03-15 18:30:04,994 - INFO - Data fetched successfully.
2025-03-15 18:30:05,514 - INFO - Total records fetched: 2448
2025-03-15 18:30:05,562 - INFO - Total tripStartDateMapping records: 342
2025-03-15 18:30:05,562 - INFO - Total Filtered records: 0
2025-03-15 18:30:06,705 - INFO - Filtered records to be inserted into database: 0
2025-03-15 18:30:06,705 - INFO - No new data to insert.
2025-03-15 18:30:06,721 - INFO - Finished
2025-03-15 18:40:03,608 - INFO - Started
2025-03-15 18:40:03,608 - INFO - Data fetched successfully.
2025-03-15 18:40:04,148 - INFO - Total records fetched: 2451
2025-03-15 18:40:04,229 - INFO - Total tripStartDateMapping records: 342
2025-03-15 18:40:04,229 - INFO - Total Filtered records: 0
2025-03-15 18:40:04,843 - INFO - Filtered records to be inserted into database: 0
2025-03-15 18:40:04,844 - INFO - No new data to insert.
2025-03-15 18:40:04,847 - INFO - Finished
2025-03-15 18:50:03,915 - INFO - Started
2025-03-15 18:50:03,915 - INFO - Data fetched successfully.
2025-03-15 18:50:04,398 - INFO - Total records fetched: 2466
2025-03-15 18:50:04,444 - INFO - Total tripStartDateMapping records: 342
2025-03-15 18:50:04,444 - INFO - Total Filtered records: 0
2025-03-15 18:50:04,982 - INFO - Filtered records to be inserted into database: 0
2025-03-15 18:50:04,982 - INFO - No new data to insert.
2025-03-15 18:50:04,998 - INFO - Finished
2025-03-15 19:00:04,798 - INFO - Started
2025-03-15 19:00:04,798 - INFO - Data fetched successfully.
2025-03-15 19:00:06,436 - INFO - Total records fetched: 2457
2025-03-15 19:00:06,505 - INFO - Total tripStartDateMapping records: 342
2025-03-15 19:00:06,507 - INFO - Total Filtered records: 0
2025-03-15 19:00:07,596 - INFO - Filtered records to be inserted into database: 0
2025-03-15 19:00:07,605 - INFO - No new data to insert.
2025-03-15 19:00:07,653 - INFO - Finished
2025-03-16 10:36:24,519 - INFO - Started
2025-03-16 10:36:24,521 - INFO - Data fetched successfully.
2025-03-16 10:36:25,179 - INFO - Total records fetched: 2387
2025-03-16 10:36:25,835 - INFO - Total tripStartDateMapping records: 342
2025-03-16 10:36:25,835 - INFO - Total Filtered records: 6
2025-03-16 10:36:27,720 - INFO - Filtered records to be inserted into database: 6
2025-03-16 10:36:27,827 - INFO - Finished
2025-03-16 10:40:04,078 - INFO - Started
2025-03-16 10:40:04,078 - INFO - Data fetched successfully.
2025-03-16 10:40:04,588 - INFO - Total records fetched: 2385
2025-03-16 10:40:04,619 - INFO - Total tripStartDateMapping records: 342
2025-03-16 10:40:04,619 - INFO - Total Filtered records: 0
2025-03-16 10:40:05,097 - INFO - Filtered records to be inserted into database: 0
2025-03-16 10:40:05,097 - INFO - No new data to insert.
2025-03-16 10:40:05,137 - INFO - Finished
2025-03-16 10:50:03,973 - INFO - Started
2025-03-16 10:50:03,973 - INFO - Data fetched successfully.
2025-03-16 10:50:04,358 - INFO - Total records fetched: 2374
2025-03-16 10:50:04,516 - INFO - Total tripStartDateMapping records: 342
2025-03-16 10:50:04,516 - INFO - Total Filtered records: 3
2025-03-16 10:50:05,056 - INFO - Filtered records to be inserted into database: 3
2025-03-16 10:50:05,153 - INFO - Finished
2025-03-16 11:01:12,604 - INFO - Started
2025-03-16 11:01:12,620 - INFO - Data fetched successfully.
2025-03-16 11:01:16,539 - INFO - Total records fetched: 2365
2025-03-16 11:01:16,888 - INFO - Total tripStartDateMapping records: 342
2025-03-16 11:01:16,888 - INFO - Total Filtered records: 4
2025-03-16 11:01:17,408 - INFO - Filtered records to be inserted into database: 4
2025-03-16 11:01:17,629 - INFO - Finished
2025-03-16 11:11:06,102 - INFO - Started
2025-03-16 11:11:06,118 - INFO - Data fetched successfully.
2025-03-16 11:11:07,703 - INFO - Total records fetched: 2356
2025-03-16 11:11:08,693 - INFO - Total tripStartDateMapping records: 342
2025-03-16 11:11:08,693 - INFO - Total Filtered records: 0
2025-03-16 11:11:09,209 - INFO - Filtered records to be inserted into database: 0
2025-03-16 11:11:09,209 - INFO - No new data to insert.
2025-03-16 11:11:09,294 - INFO - Finished
2025-03-16 11:20:04,275 - INFO - Started
2025-03-16 11:20:04,277 - INFO - Data fetched successfully.
2025-03-16 11:20:04,775 - INFO - Total records fetched: 118
2025-03-16 11:20:04,802 - INFO - Total tripStartDateMapping records: 342
2025-03-16 11:20:04,802 - INFO - Total Filtered records: 0
2025-03-16 11:20:05,383 - INFO - Filtered records to be inserted into database: 0
2025-03-16 11:20:05,383 - INFO - No new data to insert.
2025-03-16 11:20:05,439 - INFO - Finished
2025-03-16 11:30:03,149 - INFO - Started
2025-03-16 11:30:03,149 - INFO - Data fetched successfully.
2025-03-16 11:30:03,572 - INFO - Total records fetched: 2313
2025-03-16 11:30:03,618 - INFO - Total tripStartDateMapping records: 342
2025-03-16 11:30:03,618 - INFO - Total Filtered records: 8
2025-03-16 11:30:04,062 - INFO - Filtered records to be inserted into database: 8
2025-03-16 11:30:04,094 - INFO - Finished
2025-03-16 11:40:04,522 - INFO - Started
2025-03-16 11:40:04,522 - INFO - Data fetched successfully.
2025-03-16 11:40:05,022 - INFO - Total records fetched: 2298
2025-03-16 11:40:05,089 - INFO - Total tripStartDateMapping records: 342
2025-03-16 11:40:05,091 - INFO - Total Filtered records: 4
2025-03-16 11:40:05,643 - INFO - Filtered records to be inserted into database: 4
2025-03-16 11:40:05,682 - INFO - Finished
2025-03-16 11:50:05,298 - INFO - Started
2025-03-16 11:50:05,298 - INFO - Data fetched successfully.
2025-03-16 11:50:05,817 - INFO - Total records fetched: 2283
2025-03-16 11:50:05,870 - INFO - Total tripStartDateMapping records: 342
2025-03-16 11:50:05,870 - INFO - Total Filtered records: 0
2025-03-16 11:50:06,456 - INFO - Filtered records to be inserted into database: 0
2025-03-16 11:50:06,473 - INFO - No new data to insert.
2025-03-16 11:50:06,506 - INFO - Finished
2025-03-16 12:00:03,461 - INFO - Started
2025-03-16 12:00:03,461 - INFO - Data fetched successfully.
2025-03-16 12:00:03,886 - INFO - Total records fetched: 2257
2025-03-16 12:00:03,939 - INFO - Total tripStartDateMapping records: 342
2025-03-16 12:00:03,939 - INFO - Total Filtered records: 1
2025-03-16 12:00:04,519 - INFO - Filtered records to be inserted into database: 1
2025-03-16 12:00:04,551 - INFO - Finished
2025-03-16 12:10:02,998 - INFO - Started
2025-03-16 12:10:03,000 - INFO - Data fetched successfully.
2025-03-16 12:10:03,437 - INFO - Total records fetched: 2208
2025-03-16 12:10:03,527 - INFO - Total tripStartDateMapping records: 342
2025-03-16 12:10:03,527 - INFO - Total Filtered records: 0
2025-03-16 12:10:04,118 - INFO - Filtered records to be inserted into database: 0
2025-03-16 12:10:04,118 - INFO - No new data to insert.
2025-03-16 12:10:04,137 - INFO - Finished
2025-03-16 12:20:02,867 - INFO - Started
2025-03-16 12:20:02,867 - INFO - Data fetched successfully.
2025-03-16 12:20:03,309 - INFO - Total records fetched: 2172
2025-03-16 12:20:03,325 - INFO - Total tripStartDateMapping records: 342
2025-03-16 12:20:03,325 - INFO - Total Filtered records: 3
2025-03-16 12:20:03,911 - INFO - Filtered records to be inserted into database: 3
2025-03-16 12:20:03,944 - INFO - Finished
2025-03-16 12:30:03,019 - INFO - Started
2025-03-16 12:30:03,019 - INFO - Data fetched successfully.
2025-03-16 12:30:03,453 - INFO - Total records fetched: 2133
2025-03-16 12:30:03,506 - INFO - Total tripStartDateMapping records: 342
2025-03-16 12:30:03,506 - INFO - Total Filtered records: 2
2025-03-16 12:30:04,028 - INFO - Filtered records to be inserted into database: 2
2025-03-16 12:30:04,054 - INFO - Finished
2025-03-16 12:40:05,136 - INFO - Started
2025-03-16 12:40:05,155 - INFO - Data fetched successfully.
2025-03-16 12:40:05,661 - INFO - Total records fetched: 2086
2025-03-16 12:40:05,718 - INFO - Total tripStartDateMapping records: 342
2025-03-16 12:40:05,718 - INFO - Total Filtered records: 19
2025-03-16 12:40:06,981 - INFO - Filtered records to be inserted into database: 19
2025-03-16 12:40:07,061 - INFO - Finished
2025-03-16 12:50:04,552 - INFO - Started
2025-03-16 12:50:04,552 - INFO - Data fetched successfully.
2025-03-16 12:50:04,968 - INFO - Total records fetched: 2005
2025-03-16 12:50:05,021 - INFO - Total tripStartDateMapping records: 342
2025-03-16 12:50:05,021 - INFO - Total Filtered records: 9
2025-03-16 12:50:05,525 - INFO - Filtered records to be inserted into database: 9
2025-03-16 12:50:05,558 - INFO - Finished
2025-03-16 13:00:03,204 - INFO - Started
2025-03-16 13:00:03,204 - INFO - Data fetched successfully.
2025-03-16 13:00:03,638 - INFO - Total records fetched: 1916
2025-03-16 13:00:03,710 - INFO - Total tripStartDateMapping records: 342
2025-03-16 13:00:03,712 - INFO - Total Filtered records: 5
2025-03-16 13:00:04,463 - INFO - Filtered records to be inserted into database: 5
2025-03-16 13:00:04,494 - INFO - Finished
2025-03-16 13:10:05,009 - INFO - Started
2025-03-16 13:10:05,009 - INFO - Data fetched successfully.
2025-03-16 13:10:05,447 - INFO - Total records fetched: 1871
2025-03-16 13:10:05,500 - INFO - Total tripStartDateMapping records: 342
2025-03-16 13:10:05,500 - INFO - Total Filtered records: 0
2025-03-16 13:10:06,155 - INFO - Filtered records to be inserted into database: 0
2025-03-16 13:10:06,155 - INFO - No new data to insert.
2025-03-16 13:10:06,163 - INFO - Finished
2025-03-16 13:20:04,470 - INFO - Started
2025-03-16 13:20:04,470 - INFO - Data fetched successfully.
2025-03-16 13:20:04,903 - INFO - Total records fetched: 1837
2025-03-16 13:20:04,955 - INFO - Total tripStartDateMapping records: 342
2025-03-16 13:20:04,957 - INFO - Total Filtered records: 9
2025-03-16 13:20:05,576 - INFO - Filtered records to be inserted into database: 9
2025-03-16 13:20:05,606 - INFO - Finished
2025-03-16 13:30:04,633 - INFO - Started
2025-03-16 13:30:04,633 - INFO - Data fetched successfully.
2025-03-16 13:30:05,081 - INFO - Total records fetched: 1816
2025-03-16 13:30:05,169 - INFO - Total tripStartDateMapping records: 342
2025-03-16 13:30:05,171 - INFO - Total Filtered records: 5
2025-03-16 13:30:05,923 - INFO - Filtered records to be inserted into database: 5
2025-03-16 13:30:05,942 - INFO - Finished
2025-03-16 13:40:03,477 - INFO - Started
2025-03-16 13:40:03,477 - INFO - Data fetched successfully.
2025-03-16 13:40:03,890 - INFO - Total records fetched: 1776
2025-03-16 13:40:03,912 - INFO - Total tripStartDateMapping records: 342
2025-03-16 13:40:03,912 - INFO - Total Filtered records: 24
2025-03-16 13:40:04,631 - INFO - Filtered records to be inserted into database: 24
2025-03-16 13:40:04,699 - INFO - Finished
2025-03-16 13:50:03,251 - INFO - Started
2025-03-16 13:50:03,251 - INFO - Data fetched successfully.
2025-03-16 13:50:03,781 - INFO - Total records fetched: 1744
2025-03-16 13:50:03,829 - INFO - Total tripStartDateMapping records: 342
2025-03-16 13:50:03,829 - INFO - Total Filtered records: 3
2025-03-16 13:50:04,444 - INFO - Filtered records to be inserted into database: 3
2025-03-16 13:50:04,464 - INFO - Finished
2025-03-16 14:00:03,230 - INFO - Started
2025-03-16 14:00:03,230 - INFO - Data fetched successfully.
2025-03-16 14:00:03,646 - INFO - Total records fetched: 1720
2025-03-16 14:00:03,694 - INFO - Total tripStartDateMapping records: 342
2025-03-16 14:00:03,694 - INFO - Total Filtered records: 8
2025-03-16 14:00:04,219 - INFO - Filtered records to be inserted into database: 8
2025-03-16 14:00:04,259 - INFO - Finished
2025-03-16 14:10:02,888 - INFO - Started
2025-03-16 14:10:02,888 - INFO - Data fetched successfully.
2025-03-16 14:10:03,303 - INFO - Total records fetched: 1698
2025-03-16 14:10:03,352 - INFO - Total tripStartDateMapping records: 342
2025-03-16 14:10:03,352 - INFO - Total Filtered records: 1
2025-03-16 14:10:03,893 - INFO - Filtered records to be inserted into database: 1
2025-03-16 14:10:03,911 - INFO - Finished
2025-03-16 14:20:03,353 - INFO - Started
2025-03-16 14:20:03,353 - INFO - Data fetched successfully.
2025-03-16 14:20:03,789 - INFO - Total records fetched: 1681
2025-03-16 14:20:03,822 - INFO - Total tripStartDateMapping records: 342
2025-03-16 14:20:03,822 - INFO - Total Filtered records: 0
2025-03-16 14:20:04,549 - INFO - Filtered records to be inserted into database: 0
2025-03-16 14:20:04,549 - INFO - No new data to insert.
2025-03-16 14:20:04,566 - INFO - Finished
2025-03-16 14:30:03,462 - INFO - Started
2025-03-16 14:30:03,462 - INFO - Data fetched successfully.
2025-03-16 14:30:03,878 - INFO - Total records fetched: 1645
2025-03-16 14:30:03,910 - INFO - Total tripStartDateMapping records: 342
2025-03-16 14:30:03,910 - INFO - Total Filtered records: 3
2025-03-16 14:30:04,641 - INFO - Filtered records to be inserted into database: 3
2025-03-16 14:30:04,669 - INFO - Finished
2025-03-16 14:40:02,860 - INFO - Started
2025-03-16 14:40:02,860 - INFO - Data fetched successfully.
2025-03-16 14:40:03,228 - INFO - Total records fetched: 1646
2025-03-16 14:40:03,260 - INFO - Total tripStartDateMapping records: 342
2025-03-16 14:40:03,260 - INFO - Total Filtered records: 5
2025-03-16 14:40:03,804 - INFO - Filtered records to be inserted into database: 5
2025-03-16 14:40:03,833 - INFO - Finished
2025-03-16 14:50:03,834 - INFO - Started
2025-03-16 14:50:03,834 - INFO - Data fetched successfully.
2025-03-16 14:50:04,248 - INFO - Total records fetched: 1649
2025-03-16 14:50:04,277 - INFO - Total tripStartDateMapping records: 342
2025-03-16 14:50:04,277 - INFO - Total Filtered records: 0
2025-03-16 14:50:04,815 - INFO - Filtered records to be inserted into database: 0
2025-03-16 14:50:04,815 - INFO - No new data to insert.
2025-03-16 14:50:04,831 - INFO - Finished
2025-03-16 15:00:03,701 - INFO - Started
2025-03-16 15:00:03,701 - INFO - Data fetched successfully.
2025-03-16 15:00:04,153 - INFO - Total records fetched: 1671
2025-03-16 15:00:04,213 - INFO - Total tripStartDateMapping records: 342
2025-03-16 15:00:04,213 - INFO - Total Filtered records: 0
2025-03-16 15:00:05,308 - INFO - Filtered records to be inserted into database: 0
2025-03-16 15:00:05,308 - INFO - No new data to insert.
2025-03-16 15:00:05,321 - INFO - Finished
2025-03-16 15:10:03,451 - INFO - Started
2025-03-16 15:10:03,451 - INFO - Data fetched successfully.
2025-03-16 15:10:03,836 - INFO - Total records fetched: 1683
2025-03-16 15:10:03,928 - INFO - Total tripStartDateMapping records: 342
2025-03-16 15:10:03,930 - INFO - Total Filtered records: 0
2025-03-16 15:10:04,450 - INFO - Filtered records to be inserted into database: 0
2025-03-16 15:10:04,450 - INFO - No new data to insert.
2025-03-16 15:10:04,473 - INFO - Finished
2025-03-16 15:20:02,929 - INFO - Started
2025-03-16 15:20:02,929 - INFO - Data fetched successfully.
2025-03-16 15:20:03,312 - INFO - Total records fetched: 1728
2025-03-16 15:20:03,376 - INFO - Total tripStartDateMapping records: 342
2025-03-16 15:20:03,376 - INFO - Total Filtered records: 12
2025-03-16 15:20:03,901 - INFO - Filtered records to be inserted into database: 12
2025-03-16 15:20:03,928 - INFO - Finished
2025-03-16 15:30:04,813 - INFO - Started
2025-03-16 15:30:04,813 - INFO - Data fetched successfully.
2025-03-16 15:30:05,251 - INFO - Total records fetched: 1762
2025-03-16 15:30:05,337 - INFO - Total tripStartDateMapping records: 342
2025-03-16 15:30:05,337 - INFO - Total Filtered records: 0
2025-03-16 15:30:05,955 - INFO - Filtered records to be inserted into database: 0
2025-03-16 15:30:05,955 - INFO - No new data to insert.
2025-03-16 15:30:05,971 - INFO - Finished
2025-03-16 15:40:03,841 - INFO - Started
2025-03-16 15:40:03,841 - INFO - Data fetched successfully.
2025-03-16 15:40:04,550 - INFO - Total records fetched: 1795
2025-03-16 15:40:04,612 - INFO - Total tripStartDateMapping records: 342
2025-03-16 15:40:04,612 - INFO - Total Filtered records: 0
2025-03-16 15:40:05,164 - INFO - Filtered records to be inserted into database: 0
2025-03-16 15:40:05,164 - INFO - No new data to insert.
2025-03-16 15:40:05,172 - INFO - Finished
2025-03-16 15:50:02,834 - INFO - Started
2025-03-16 15:50:02,836 - INFO - Data fetched successfully.
2025-03-16 15:50:03,218 - INFO - Total records fetched: 1834
2025-03-16 15:50:03,236 - INFO - Total tripStartDateMapping records: 342
2025-03-16 15:50:03,237 - INFO - Total Filtered records: 2
2025-03-16 15:50:03,775 - INFO - Filtered records to be inserted into database: 2
2025-03-16 15:50:03,791 - INFO - Finished
2025-03-16 16:00:03,501 - INFO - Started
2025-03-16 16:00:03,501 - INFO - Data fetched successfully.
2025-03-16 16:00:03,913 - INFO - Total records fetched: 1895
2025-03-16 16:00:03,977 - INFO - Total tripStartDateMapping records: 342
2025-03-16 16:00:03,977 - INFO - Total Filtered records: 0
2025-03-16 16:00:04,563 - INFO - Filtered records to be inserted into database: 0
2025-03-16 16:00:04,563 - INFO - No new data to insert.
2025-03-16 16:00:04,579 - INFO - Finished
2025-03-16 16:10:04,812 - INFO - Started
2025-03-16 16:10:04,812 - INFO - Data fetched successfully.
2025-03-16 16:10:05,303 - INFO - Total records fetched: 1949
2025-03-16 16:10:05,321 - INFO - Total tripStartDateMapping records: 342
2025-03-16 16:10:05,321 - INFO - Total Filtered records: 0
2025-03-16 16:10:05,890 - INFO - Filtered records to be inserted into database: 0
2025-03-16 16:10:05,892 - INFO - No new data to insert.
2025-03-16 16:10:05,902 - INFO - Finished
2025-03-16 16:20:03,667 - INFO - Started
2025-03-16 16:20:03,667 - INFO - Data fetched successfully.
2025-03-16 16:20:04,168 - INFO - Total records fetched: 2003
2025-03-16 16:20:04,216 - INFO - Total tripStartDateMapping records: 342
2025-03-16 16:20:04,216 - INFO - Total Filtered records: 0
2025-03-16 16:20:05,375 - INFO - Filtered records to be inserted into database: 0
2025-03-16 16:20:05,375 - INFO - No new data to insert.
2025-03-16 16:20:05,389 - INFO - Finished
2025-03-16 16:30:03,381 - INFO - Started
2025-03-16 16:30:03,381 - INFO - Data fetched successfully.
2025-03-16 16:30:03,794 - INFO - Total records fetched: 2063
2025-03-16 16:30:03,825 - INFO - Total tripStartDateMapping records: 342
2025-03-16 16:30:03,825 - INFO - Total Filtered records: 0
2025-03-16 16:30:04,474 - INFO - Filtered records to be inserted into database: 0
2025-03-16 16:30:04,474 - INFO - No new data to insert.
2025-03-16 16:30:04,490 - INFO - Finished
2025-03-16 16:40:03,093 - INFO - Started
2025-03-16 16:40:03,093 - INFO - Data fetched successfully.
2025-03-16 16:40:03,253 - INFO - Total records fetched: 0
2025-03-16 16:40:03,338 - INFO - Total tripStartDateMapping records: 342
2025-03-16 16:40:03,340 - INFO - Total Filtered records: 0
2025-03-16 16:40:03,883 - INFO - Filtered records to be inserted into database: 0
2025-03-16 16:40:03,883 - INFO - No new data to insert.
2025-03-16 16:40:03,895 - INFO - Finished
2025-03-16 16:50:03,133 - INFO - Started
2025-03-16 16:50:03,133 - INFO - Data fetched successfully.
2025-03-16 16:50:03,610 - INFO - Total records fetched: 2162
2025-03-16 16:50:03,657 - INFO - Total tripStartDateMapping records: 342
2025-03-16 16:50:03,657 - INFO - Total Filtered records: 0
2025-03-16 16:50:04,182 - INFO - Filtered records to be inserted into database: 0
2025-03-16 16:50:04,182 - INFO - No new data to insert.
2025-03-16 16:50:04,192 - INFO - Finished
2025-03-16 17:00:02,986 - INFO - Started
2025-03-16 17:00:02,986 - INFO - Data fetched successfully.
2025-03-16 17:00:04,373 - INFO - Total records fetched: 2195
2025-03-16 17:00:04,391 - INFO - Total tripStartDateMapping records: 342
2025-03-16 17:00:04,391 - INFO - Total Filtered records: 0
2025-03-16 17:00:04,986 - INFO - Filtered records to be inserted into database: 0
2025-03-16 17:00:04,986 - INFO - No new data to insert.
2025-03-16 17:00:04,996 - INFO - Finished
2025-03-16 17:10:03,673 - INFO - Started
2025-03-16 17:10:03,673 - INFO - Data fetched successfully.
2025-03-16 17:10:04,131 - INFO - Total records fetched: 2240
2025-03-16 17:10:04,224 - INFO - Total tripStartDateMapping records: 342
2025-03-16 17:10:04,226 - INFO - Total Filtered records: 0
2025-03-16 17:10:04,780 - INFO - Filtered records to be inserted into database: 0
2025-03-16 17:10:04,780 - INFO - No new data to insert.
2025-03-16 17:10:04,789 - INFO - Finished
2025-03-16 22:20:04,447 - INFO - Started
2025-03-16 22:20:04,447 - INFO - Data fetched successfully.
2025-03-16 22:20:05,742 - INFO - Total records fetched: 1335
2025-03-16 22:20:05,996 - INFO - Total tripStartDateMapping records: 342
2025-03-16 22:20:06,002 - INFO - Total Filtered records: 19
2025-03-16 22:20:06,551 - INFO - Filtered records to be inserted into database: 19
2025-03-16 22:20:06,630 - INFO - Finished
2025-03-16 22:30:08,131 - INFO - Started
2025-03-16 22:30:08,132 - INFO - Data fetched successfully.
2025-03-16 22:30:08,642 - INFO - Total records fetched: 1271
2025-03-16 22:30:09,024 - INFO - Total tripStartDateMapping records: 342
2025-03-16 22:30:09,026 - INFO - Total Filtered records: 5
2025-03-16 22:30:10,483 - INFO - Filtered records to be inserted into database: 5
2025-03-16 22:30:10,621 - INFO - Finished
2025-03-16 22:40:12,704 - INFO - Started
2025-03-16 22:40:12,705 - INFO - Data fetched successfully.
2025-03-16 22:40:13,212 - INFO - Total records fetched: 1195
2025-03-16 22:40:13,311 - INFO - Total tripStartDateMapping records: 342
2025-03-16 22:40:13,312 - INFO - Total Filtered records: 4
2025-03-16 22:40:14,974 - INFO - Filtered records to be inserted into database: 4
2025-03-16 22:40:15,033 - INFO - Finished
2025-03-16 22:50:05,103 - INFO - Started
2025-03-16 22:50:05,103 - INFO - Data fetched successfully.
2025-03-16 22:50:05,592 - INFO - Total records fetched: 1143
2025-03-16 22:50:05,694 - INFO - Total tripStartDateMapping records: 342
2025-03-16 22:50:05,696 - INFO - Total Filtered records: 1
2025-03-16 22:50:06,468 - INFO - Filtered records to be inserted into database: 1
2025-03-16 22:50:06,493 - INFO - Finished
2025-03-17 10:50:04,686 - INFO - Started
2025-03-17 10:50:04,687 - INFO - Data fetched successfully.
2025-03-17 10:50:06,303 - INFO - Total records fetched: 2640
2025-03-17 10:50:06,653 - INFO - Total tripStartDateMapping records: 342
2025-03-17 10:50:06,653 - INFO - Total Filtered records: 12
2025-03-17 10:50:07,328 - INFO - Filtered records to be inserted into database: 12
2025-03-17 10:50:07,463 - INFO - Finished
2025-03-17 11:00:03,783 - INFO - Started
2025-03-17 11:00:03,783 - INFO - Data fetched successfully.
2025-03-17 11:00:04,553 - INFO - Total records fetched: 2647
2025-03-17 11:00:04,583 - INFO - Total tripStartDateMapping records: 342
2025-03-17 11:00:04,583 - INFO - Total Filtered records: 8
2025-03-17 11:00:05,066 - INFO - Filtered records to be inserted into database: 8
2025-03-17 11:00:05,107 - INFO - Finished
2025-03-17 11:10:03,546 - INFO - Started
2025-03-17 11:10:03,550 - INFO - Data fetched successfully.
2025-03-17 11:10:04,331 - INFO - Total records fetched: 2589
2025-03-17 11:10:04,365 - INFO - Total tripStartDateMapping records: 342
2025-03-17 11:10:04,365 - INFO - Total Filtered records: 1
2025-03-17 11:10:04,822 - INFO - Filtered records to be inserted into database: 1
2025-03-17 11:10:04,870 - INFO - Finished
2025-03-17 11:20:03,761 - INFO - Started
2025-03-17 11:20:03,761 - INFO - Data fetched successfully.
2025-03-17 11:20:04,595 - INFO - Total records fetched: 2622
2025-03-17 11:20:04,732 - INFO - Total tripStartDateMapping records: 342
2025-03-17 11:20:04,732 - INFO - Total Filtered records: 0
2025-03-17 11:20:05,394 - INFO - Filtered records to be inserted into database: 0
2025-03-17 11:20:05,403 - INFO - No new data to insert.
2025-03-17 11:20:05,463 - INFO - Finished
2025-03-17 12:20:06,000 - INFO - Started
2025-03-17 12:20:06,023 - INFO - Data fetched successfully.
2025-03-17 12:20:07,084 - INFO - Total records fetched: 2475
2025-03-17 12:20:07,481 - INFO - Total tripStartDateMapping records: 342
2025-03-17 12:20:07,481 - INFO - Total Filtered records: 18
2025-03-17 12:20:08,009 - INFO - Filtered records to be inserted into database: 18
2025-03-17 12:20:08,100 - INFO - Finished
2025-03-17 12:30:06,154 - INFO - Started
2025-03-17 12:30:06,154 - INFO - Data fetched successfully.
2025-03-17 12:30:06,990 - INFO - Total records fetched: 2409
2025-03-17 12:30:07,086 - INFO - Total tripStartDateMapping records: 342
2025-03-17 12:30:07,086 - INFO - Total Filtered records: 2
2025-03-17 12:30:07,815 - INFO - Filtered records to be inserted into database: 2
2025-03-17 12:30:07,885 - INFO - Finished
2025-03-17 12:40:04,427 - INFO - Started
2025-03-17 12:40:04,429 - INFO - Data fetched successfully.
2025-03-17 12:40:05,327 - INFO - Total records fetched: 2368
2025-03-17 12:40:05,413 - INFO - Total tripStartDateMapping records: 342
2025-03-17 12:40:05,413 - INFO - Total Filtered records: 8
2025-03-17 12:40:06,007 - INFO - Filtered records to be inserted into database: 8
2025-03-17 12:40:06,043 - INFO - Finished
2025-03-17 12:50:05,732 - INFO - Started
2025-03-17 12:50:05,736 - INFO - Data fetched successfully.
2025-03-17 12:50:06,502 - INFO - Total records fetched: 2271
2025-03-17 12:50:06,582 - INFO - Total tripStartDateMapping records: 342
2025-03-17 12:50:06,584 - INFO - Total Filtered records: 13
2025-03-17 12:50:07,349 - INFO - Filtered records to be inserted into database: 13
2025-03-17 12:50:07,413 - INFO - Finished
2025-03-19 11:40:11,901 - INFO - Started
2025-03-19 11:40:11,901 - INFO - Data fetched successfully.
2025-03-19 11:40:16,011 - INFO - Total records fetched: 2477
2025-03-19 11:40:16,513 - INFO - Total tripStartDateMapping records: 342
2025-03-19 11:40:16,515 - INFO - Total Filtered records: 22
2025-03-19 11:40:17,903 - INFO - Filtered records to be inserted into database: 22
2025-03-19 11:40:18,116 - INFO - Finished
2025-03-19 11:50:07,528 - INFO - Started
2025-03-19 11:50:07,528 - INFO - Data fetched successfully.
2025-03-19 11:50:07,768 - INFO - Total records fetched: 0
2025-03-19 11:50:08,165 - INFO - Total tripStartDateMapping records: 342
2025-03-19 11:50:08,168 - INFO - Total Filtered records: 0
2025-03-19 11:50:09,449 - INFO - Filtered records to be inserted into database: 0
2025-03-19 11:50:09,449 - INFO - No new data to insert.
2025-03-19 11:50:09,512 - INFO - Finished
2025-03-19 12:00:06,507 - INFO - Started
2025-03-19 12:00:06,509 - INFO - Data fetched successfully.
2025-03-19 12:00:08,453 - INFO - Total records fetched: 2446
2025-03-19 12:00:08,668 - INFO - Total tripStartDateMapping records: 342
2025-03-19 12:00:08,668 - INFO - Total Filtered records: 6
2025-03-19 12:00:09,886 - INFO - Filtered records to be inserted into database: 6
2025-03-19 12:00:10,054 - INFO - Finished
2025-03-19 12:10:07,357 - INFO - Started
2025-03-19 12:10:07,357 - INFO - Data fetched successfully.
2025-03-19 12:10:07,525 - INFO - Total records fetched: 0
2025-03-19 12:10:07,651 - INFO - Total tripStartDateMapping records: 342
2025-03-19 12:10:07,651 - INFO - Total Filtered records: 0
2025-03-19 12:10:08,238 - INFO - Filtered records to be inserted into database: 0
2025-03-19 12:10:08,254 - INFO - No new data to insert.
2025-03-19 12:10:08,288 - INFO - Finished
2025-03-19 12:20:04,413 - INFO - Started
2025-03-19 12:20:04,413 - INFO - Data fetched successfully.
2025-03-19 12:20:05,235 - INFO - Total records fetched: 2402
2025-03-19 12:20:05,277 - INFO - Total tripStartDateMapping records: 342
2025-03-19 12:20:05,277 - INFO - Total Filtered records: 4
2025-03-19 12:20:05,926 - INFO - Filtered records to be inserted into database: 4
2025-03-19 12:20:06,030 - INFO - Finished
2025-03-19 12:30:02,696 - INFO - Started
2025-03-19 12:30:02,696 - INFO - Data fetched successfully.
2025-03-19 12:30:03,412 - INFO - Total records fetched: 2344
2025-03-19 12:30:03,459 - INFO - Total tripStartDateMapping records: 342
2025-03-19 12:30:03,461 - INFO - Total Filtered records: 6
2025-03-19 12:30:04,109 - INFO - Filtered records to be inserted into database: 6
2025-03-19 12:30:04,152 - INFO - Finished
2025-03-19 12:40:03,887 - INFO - Started
2025-03-19 12:40:03,889 - INFO - Data fetched successfully.
2025-03-19 12:40:04,550 - INFO - Total records fetched: 2270
2025-03-19 12:40:04,598 - INFO - Total tripStartDateMapping records: 342
2025-03-19 12:40:04,598 - INFO - Total Filtered records: 14
2025-03-19 12:40:05,099 - INFO - Filtered records to be inserted into database: 14
2025-03-19 12:40:05,166 - INFO - Finished
2025-03-19 12:50:03,771 - INFO - Started
2025-03-19 12:50:03,773 - INFO - Data fetched successfully.
2025-03-19 12:50:04,483 - INFO - Total records fetched: 2209
2025-03-19 12:50:04,520 - INFO - Total tripStartDateMapping records: 342
2025-03-19 12:50:04,520 - INFO - Total Filtered records: 11
2025-03-19 12:50:04,993 - INFO - Filtered records to be inserted into database: 11
2025-03-19 12:50:05,054 - INFO - Finished
2025-03-19 13:50:11,759 - INFO - Started
2025-03-19 13:50:11,787 - INFO - Data fetched successfully.
2025-03-19 13:50:12,519 - INFO - Total records fetched: 1947
2025-03-19 13:50:12,824 - INFO - Total tripStartDateMapping records: 342
2025-03-19 13:50:12,824 - INFO - Total Filtered records: 31
2025-03-19 13:50:13,440 - INFO - Filtered records to be inserted into database: 31
2025-03-19 13:50:13,634 - INFO - Finished
2025-03-19 14:00:06,280 - INFO - Started
2025-03-19 14:00:06,291 - INFO - Data fetched successfully.
2025-03-19 14:00:06,665 - INFO - Total records fetched: 437
2025-03-19 14:00:06,850 - INFO - Total tripStartDateMapping records: 342
2025-03-19 14:00:06,850 - INFO - Total Filtered records: 3
2025-03-19 14:00:07,689 - INFO - Filtered records to be inserted into database: 3
2025-03-19 14:00:07,789 - INFO - Finished
2025-03-19 14:10:09,899 - INFO - Started
2025-03-19 14:10:09,899 - INFO - Data fetched successfully.
2025-03-19 14:10:11,105 - INFO - Total records fetched: 1915
2025-03-19 14:10:11,145 - INFO - Total tripStartDateMapping records: 342
2025-03-19 14:10:11,145 - INFO - Total Filtered records: 4
2025-03-19 14:10:12,349 - INFO - Filtered records to be inserted into database: 4
2025-03-19 14:10:12,445 - INFO - Finished
2025-03-19 14:20:05,541 - INFO - Started
2025-03-19 14:20:05,541 - INFO - Data fetched successfully.
2025-03-19 14:20:07,079 - INFO - Total records fetched: 1893
2025-03-19 14:20:07,143 - INFO - Total tripStartDateMapping records: 342
2025-03-19 14:20:07,143 - INFO - Total Filtered records: 1
2025-03-19 14:20:08,380 - INFO - Filtered records to be inserted into database: 1
2025-03-19 14:20:08,417 - INFO - Finished
2025-03-19 14:30:04,140 - INFO - Started
2025-03-19 14:30:04,140 - INFO - Data fetched successfully.
2025-03-19 14:30:04,846 - INFO - Total records fetched: 1902
2025-03-19 14:30:04,880 - INFO - Total tripStartDateMapping records: 342
2025-03-19 14:30:04,880 - INFO - Total Filtered records: 1
2025-03-19 14:30:05,438 - INFO - Filtered records to be inserted into database: 1
2025-03-19 14:30:05,472 - INFO - Finished
2025-03-19 21:50:09,762 - INFO - Started
2025-03-19 21:50:09,763 - INFO - Data fetched successfully.
2025-03-19 21:50:11,039 - INFO - Total records fetched: 1829
2025-03-19 21:50:11,229 - INFO - Total tripStartDateMapping records: 342
2025-03-19 21:50:11,230 - INFO - Total Filtered records: 12
2025-03-19 21:50:12,386 - INFO - Filtered records to be inserted into database: 12
2025-03-19 21:50:12,487 - INFO - Finished
2025-03-19 22:00:04,994 - INFO - Started
2025-03-19 22:00:04,996 - INFO - Data fetched successfully.
2025-03-19 22:00:05,422 - INFO - Total records fetched: 1716
2025-03-19 22:00:05,467 - INFO - Total tripStartDateMapping records: 342
2025-03-19 22:00:05,467 - INFO - Total Filtered records: 1
2025-03-19 22:00:06,573 - INFO - Filtered records to be inserted into database: 1
2025-03-19 22:00:06,630 - INFO - Finished
2025-03-19 22:10:05,237 - INFO - Started
2025-03-19 22:10:05,238 - INFO - Data fetched successfully.
2025-03-19 22:10:05,662 - INFO - Total records fetched: 1623
2025-03-19 22:10:05,705 - INFO - Total tripStartDateMapping records: 342
2025-03-19 22:10:05,705 - INFO - Total Filtered records: 0
2025-03-19 22:10:06,447 - INFO - Filtered records to be inserted into database: 0
2025-03-19 22:10:06,454 - INFO - No new data to insert.
2025-03-19 22:10:06,483 - INFO - Finished
2025-03-19 22:20:04,102 - INFO - Started
2025-03-19 22:20:04,103 - INFO - Data fetched successfully.
2025-03-19 22:20:04,487 - INFO - Total records fetched: 1521
2025-03-19 22:20:04,542 - INFO - Total tripStartDateMapping records: 342
2025-03-19 22:20:04,542 - INFO - Total Filtered records: 14
2025-03-19 22:20:05,155 - INFO - Filtered records to be inserted into database: 14
2025-03-19 22:20:05,228 - INFO - Finished
2025-03-19 22:30:19,012 - INFO - Started
2025-03-19 22:30:19,015 - INFO - Data fetched successfully.
2025-03-19 22:30:19,454 - INFO - Total records fetched: 1424
2025-03-19 22:30:19,562 - INFO - Total tripStartDateMapping records: 342
2025-03-19 22:30:19,563 - INFO - Total Filtered records: 0
2025-03-19 22:30:20,672 - INFO - Filtered records to be inserted into database: 0
2025-03-19 22:30:20,684 - INFO - No new data to insert.
2025-03-19 22:30:20,699 - INFO - Finished
2025-03-19 22:40:05,830 - INFO - Started
2025-03-19 22:40:05,835 - INFO - Data fetched successfully.
2025-03-19 22:40:06,291 - INFO - Total records fetched: 1347
2025-03-19 22:40:06,326 - INFO - Total tripStartDateMapping records: 342
2025-03-19 22:40:06,326 - INFO - Total Filtered records: 0
2025-03-19 22:40:07,050 - INFO - Filtered records to be inserted into database: 0
2025-03-19 22:40:07,060 - INFO - No new data to insert.
2025-03-19 22:40:07,111 - INFO - Finished
2025-03-19 22:50:14,287 - INFO - Started
2025-03-19 22:50:14,289 - INFO - Data fetched successfully.
2025-03-19 22:50:14,750 - INFO - Total records fetched: 1255
2025-03-19 22:50:14,915 - INFO - Total tripStartDateMapping records: 342
2025-03-19 22:50:14,915 - INFO - Total Filtered records: 1
2025-03-19 22:50:15,731 - INFO - Filtered records to be inserted into database: 1
2025-03-19 22:50:15,796 - INFO - Finished
2025-03-20 12:20:15,456 - INFO - Started
2025-03-20 12:20:15,456 - INFO - Data fetched successfully.
2025-03-20 12:20:16,087 - INFO - Total records fetched: 2315
2025-03-20 12:20:16,373 - INFO - Total tripStartDateMapping records: 342
2025-03-20 12:20:16,373 - INFO - Total Filtered records: 41
2025-03-20 12:20:16,959 - INFO - Filtered records to be inserted into database: 41
2025-03-20 12:20:17,070 - INFO - Finished
2025-03-20 12:30:05,425 - INFO - Started
2025-03-20 12:30:05,431 - INFO - Data fetched successfully.
2025-03-20 12:30:06,274 - INFO - Total records fetched: 2296
2025-03-20 12:30:06,602 - INFO - Total tripStartDateMapping records: 342
2025-03-20 12:30:06,602 - INFO - Total Filtered records: 3
2025-03-20 12:30:08,113 - INFO - Filtered records to be inserted into database: 3
2025-03-20 12:30:08,315 - INFO - Finished
2025-03-20 12:40:06,768 - INFO - Started
2025-03-20 12:40:06,772 - INFO - Data fetched successfully.
2025-03-20 12:40:07,534 - INFO - Total records fetched: 2218
2025-03-20 12:40:07,789 - INFO - Total tripStartDateMapping records: 342
2025-03-20 12:40:07,789 - INFO - Total Filtered records: 17
2025-03-20 12:40:08,926 - INFO - Filtered records to be inserted into database: 17
2025-03-20 12:40:09,054 - INFO - Finished
2025-03-20 12:50:06,836 - INFO - Started
2025-03-20 12:50:06,851 - INFO - Data fetched successfully.
2025-03-20 12:50:07,523 - INFO - Total records fetched: 2154
2025-03-20 12:50:07,761 - INFO - Total tripStartDateMapping records: 342
2025-03-20 12:50:07,761 - INFO - Total Filtered records: 10
2025-03-20 12:50:08,266 - INFO - Filtered records to be inserted into database: 10
2025-03-20 12:50:08,404 - INFO - Finished
2025-03-20 13:00:03,728 - INFO - Started
2025-03-20 13:00:03,729 - INFO - Data fetched successfully.
2025-03-20 13:00:04,401 - INFO - Total records fetched: 2102
2025-03-20 13:00:04,433 - INFO - Total tripStartDateMapping records: 342
2025-03-20 13:00:04,433 - INFO - Total Filtered records: 9
2025-03-20 13:00:04,918 - INFO - Filtered records to be inserted into database: 9
2025-03-20 13:00:04,956 - INFO - Finished
2025-03-20 13:10:03,280 - INFO - Started
2025-03-20 13:10:03,280 - INFO - Data fetched successfully.
2025-03-20 13:10:04,045 - INFO - Total records fetched: 2072
2025-03-20 13:10:04,266 - INFO - Total tripStartDateMapping records: 342
2025-03-20 13:10:04,266 - INFO - Total Filtered records: 0
2025-03-20 13:10:04,835 - INFO - Filtered records to be inserted into database: 0
2025-03-20 13:10:04,852 - INFO - No new data to insert.
2025-03-20 13:10:04,877 - INFO - Finished
2025-03-20 13:20:07,537 - INFO - Started
2025-03-20 13:20:07,537 - INFO - Data fetched successfully.
2025-03-20 13:20:08,050 - INFO - Total records fetched: 627
2025-03-20 13:20:08,257 - INFO - Total tripStartDateMapping records: 342
2025-03-20 13:20:08,257 - INFO - Total Filtered records: 6
2025-03-20 13:20:08,747 - INFO - Filtered records to be inserted into database: 6
2025-03-20 13:20:08,813 - INFO - Finished
2025-03-20 13:30:06,139 - INFO - Started
2025-03-20 13:30:06,141 - INFO - Data fetched successfully.
2025-03-20 13:30:07,190 - INFO - Total records fetched: 1973
2025-03-20 13:30:07,520 - INFO - Total tripStartDateMapping records: 342
2025-03-20 13:30:07,528 - INFO - Total Filtered records: 2
2025-03-20 13:30:09,268 - INFO - Filtered records to be inserted into database: 2
2025-03-20 13:30:09,381 - INFO - Finished
2025-03-20 13:40:03,502 - INFO - Started
2025-03-20 13:40:03,502 - INFO - Data fetched successfully.
2025-03-20 13:40:04,346 - INFO - Total records fetched: 1965
2025-03-20 13:40:04,371 - INFO - Total tripStartDateMapping records: 342
2025-03-20 13:40:04,371 - INFO - Total Filtered records: 9
2025-03-20 13:40:04,946 - INFO - Filtered records to be inserted into database: 9
2025-03-20 13:40:05,081 - INFO - Finished
2025-03-20 13:50:05,174 - INFO - Started
2025-03-20 13:50:05,174 - INFO - Data fetched successfully.
2025-03-20 13:50:05,774 - INFO - Total records fetched: 1963
2025-03-20 13:50:05,812 - INFO - Total tripStartDateMapping records: 342
2025-03-20 13:50:05,812 - INFO - Total Filtered records: 0
2025-03-20 13:50:06,266 - INFO - Filtered records to be inserted into database: 0
2025-03-20 13:50:06,282 - INFO - No new data to insert.
2025-03-20 13:50:06,298 - INFO - Finished
2025-03-20 14:50:05,676 - INFO - Started
2025-03-20 14:50:05,680 - INFO - Data fetched successfully.
2025-03-20 14:50:07,394 - INFO - Total records fetched: 1926
2025-03-20 14:50:07,763 - INFO - Total tripStartDateMapping records: 342
2025-03-20 14:50:07,765 - INFO - Total Filtered records: 4
2025-03-20 14:50:08,448 - INFO - Filtered records to be inserted into database: 4
2025-03-20 14:50:08,569 - INFO - Finished
2025-03-20 15:05:12,112 - INFO - Started
2025-03-20 15:05:12,122 - INFO - Data fetched successfully.
2025-03-20 15:05:12,746 - INFO - Total records fetched: 1917
2025-03-20 15:05:12,814 - INFO - Total tripStartDateMapping records: 342
2025-03-20 15:05:12,814 - INFO - Total Filtered records: 0
2025-03-20 15:05:13,346 - INFO - Filtered records to be inserted into database: 0
2025-03-20 15:05:13,350 - INFO - No new data to insert.
2025-03-20 15:05:13,382 - INFO - Finished
2025-03-20 22:10:06,831 - INFO - Started
2025-03-20 22:10:06,838 - INFO - Data fetched successfully.
2025-03-20 22:10:07,638 - INFO - Total records fetched: 1640
2025-03-20 22:10:08,207 - INFO - Total tripStartDateMapping records: 342
2025-03-20 22:10:08,207 - INFO - Total Filtered records: 13
2025-03-20 22:10:09,702 - INFO - Filtered records to be inserted into database: 13
2025-03-20 22:10:09,831 - INFO - Finished
2025-03-20 22:20:07,667 - INFO - Started
2025-03-20 22:20:07,671 - INFO - Data fetched successfully.
2025-03-20 22:20:08,094 - INFO - Total records fetched: 1550
2025-03-20 22:20:08,154 - INFO - Total tripStartDateMapping records: 342
2025-03-20 22:20:08,154 - INFO - Total Filtered records: 1
2025-03-20 22:20:08,968 - INFO - Filtered records to be inserted into database: 1
2025-03-20 22:20:09,014 - INFO - Finished
2025-03-22 10:30:05,105 - INFO - Started
2025-03-22 10:30:05,105 - INFO - Data fetched successfully.
2025-03-22 10:30:05,954 - INFO - Total records fetched: 2610
2025-03-22 10:30:06,122 - INFO - Total tripStartDateMapping records: 342
2025-03-22 10:30:06,122 - INFO - Total Filtered records: 8
2025-03-22 10:30:06,681 - INFO - Filtered records to be inserted into database: 8
2025-03-22 10:30:06,812 - INFO - Finished
2025-03-22 10:40:05,703 - INFO - Started
2025-03-22 10:40:05,719 - INFO - Data fetched successfully.
2025-03-22 10:40:06,308 - INFO - Total records fetched: 2589
2025-03-22 10:40:06,371 - INFO - Total tripStartDateMapping records: 342
2025-03-22 10:40:06,373 - INFO - Total Filtered records: 2
2025-03-22 10:40:07,465 - INFO - Filtered records to be inserted into database: 2
2025-03-22 10:40:07,516 - INFO - Finished
2025-03-22 10:50:05,885 - INFO - Started
2025-03-22 10:50:05,885 - INFO - Data fetched successfully.
2025-03-22 10:50:06,500 - INFO - Total records fetched: 2575
2025-03-22 10:50:06,558 - INFO - Total tripStartDateMapping records: 342
2025-03-22 10:50:06,558 - INFO - Total Filtered records: 6
2025-03-22 10:50:07,750 - INFO - Filtered records to be inserted into database: 6
2025-03-22 10:50:07,810 - INFO - Finished
2025-03-22 11:00:06,551 - INFO - Started
2025-03-22 11:00:06,551 - INFO - Data fetched successfully.
2025-03-22 11:00:07,554 - INFO - Total records fetched: 2563
2025-03-22 11:00:07,620 - INFO - Total tripStartDateMapping records: 342
2025-03-22 11:00:07,620 - INFO - Total Filtered records: 3
2025-03-22 11:00:08,188 - INFO - Filtered records to be inserted into database: 3
2025-03-22 11:00:08,223 - INFO - Finished
2025-03-22 11:10:03,894 - INFO - Started
2025-03-22 11:10:03,894 - INFO - Data fetched successfully.
2025-03-22 11:10:04,845 - INFO - Total records fetched: 2555
2025-03-22 11:10:04,913 - INFO - Total tripStartDateMapping records: 342
2025-03-22 11:10:04,913 - INFO - Total Filtered records: 0
2025-03-22 11:10:05,617 - INFO - Filtered records to be inserted into database: 0
2025-03-22 11:10:05,617 - INFO - No new data to insert.
2025-03-22 11:10:05,625 - INFO - Finished
2025-03-22 11:20:03,961 - INFO - Started
2025-03-22 11:20:03,961 - INFO - Data fetched successfully.
2025-03-22 11:20:04,444 - INFO - Total records fetched: 2543
2025-03-22 11:20:04,496 - INFO - Total tripStartDateMapping records: 342
2025-03-22 11:20:04,496 - INFO - Total Filtered records: 3
2025-03-22 11:20:05,093 - INFO - Filtered records to be inserted into database: 3
2025-03-22 11:20:05,114 - INFO - Finished
2025-03-22 11:30:05,489 - INFO - Started
2025-03-22 11:30:05,489 - INFO - Data fetched successfully.
2025-03-22 11:30:06,153 - INFO - Total records fetched: 2518
2025-03-22 11:30:06,219 - INFO - Total tripStartDateMapping records: 342
2025-03-22 11:30:06,219 - INFO - Total Filtered records: 4
2025-03-22 11:30:06,829 - INFO - Filtered records to be inserted into database: 4
2025-03-22 11:30:06,872 - INFO - Finished
2025-03-22 11:50:06,089 - INFO - Started
2025-03-22 11:50:06,096 - INFO - Data fetched successfully.
2025-03-22 11:50:07,144 - INFO - Total records fetched: 2490
2025-03-22 11:50:07,441 - INFO - Total tripStartDateMapping records: 342
2025-03-22 11:50:07,443 - INFO - Total Filtered records: 5
2025-03-22 11:50:08,163 - INFO - Filtered records to be inserted into database: 5
2025-03-22 11:50:08,247 - INFO - Finished
2025-03-22 12:00:04,821 - INFO - Started
2025-03-22 12:00:04,821 - INFO - Data fetched successfully.
2025-03-22 12:00:05,748 - INFO - Total records fetched: 2469
2025-03-22 12:00:05,812 - INFO - Total tripStartDateMapping records: 342
2025-03-22 12:00:05,812 - INFO - Total Filtered records: 11
2025-03-22 12:00:06,397 - INFO - Filtered records to be inserted into database: 11
2025-03-22 12:00:06,447 - INFO - Finished
2025-03-22 12:10:08,313 - INFO - Started
2025-03-22 12:10:08,315 - INFO - Data fetched successfully.
2025-03-22 12:10:09,406 - INFO - Total records fetched: 2463
2025-03-22 12:10:09,821 - INFO - Total tripStartDateMapping records: 342
2025-03-22 12:10:09,823 - INFO - Total Filtered records: 0
2025-03-22 12:10:11,033 - INFO - Filtered records to be inserted into database: 0
2025-03-22 12:10:11,049 - INFO - No new data to insert.
2025-03-22 12:10:11,092 - INFO - Finished
2025-03-22 12:20:05,247 - INFO - Started
2025-03-22 12:20:05,252 - INFO - Data fetched successfully.
2025-03-22 12:20:06,200 - INFO - Total records fetched: 2426
2025-03-22 12:20:06,304 - INFO - Total tripStartDateMapping records: 342
2025-03-22 12:20:06,304 - INFO - Total Filtered records: 4
2025-03-22 12:20:07,047 - INFO - Filtered records to be inserted into database: 4
2025-03-22 12:20:07,180 - INFO - Finished
2025-03-22 12:30:05,321 - INFO - Started
2025-03-22 12:30:05,325 - INFO - Data fetched successfully.
2025-03-22 12:30:06,266 - INFO - Total records fetched: 2387
2025-03-22 12:30:06,370 - INFO - Total tripStartDateMapping records: 342
2025-03-22 12:30:06,370 - INFO - Total Filtered records: 2
2025-03-22 12:30:07,027 - INFO - Filtered records to be inserted into database: 2
2025-03-22 12:30:07,095 - INFO - Finished
2025-03-22 12:40:09,120 - INFO - Started
2025-03-22 12:40:09,121 - INFO - Data fetched successfully.
2025-03-22 12:40:10,207 - INFO - Total records fetched: 2318
2025-03-22 12:40:10,276 - INFO - Total tripStartDateMapping records: 342
2025-03-22 12:40:10,278 - INFO - Total Filtered records: 14
2025-03-22 12:40:11,826 - INFO - Filtered records to be inserted into database: 14
2025-03-22 12:40:11,923 - INFO - Finished
2025-03-22 12:50:06,069 - INFO - Started
2025-03-22 12:50:06,072 - INFO - Data fetched successfully.
2025-03-22 12:50:07,137 - INFO - Total records fetched: 2250
2025-03-22 12:50:07,273 - INFO - Total tripStartDateMapping records: 342
2025-03-22 12:50:07,273 - INFO - Total Filtered records: 12
2025-03-22 12:50:08,741 - INFO - Filtered records to be inserted into database: 12
2025-03-22 12:50:08,844 - INFO - Finished
2025-03-22 13:00:04,373 - INFO - Started
2025-03-22 13:00:04,374 - INFO - Data fetched successfully.
2025-03-22 13:00:05,072 - INFO - Total records fetched: 1727
2025-03-22 13:00:05,207 - INFO - Total tripStartDateMapping records: 342
2025-03-22 13:00:05,208 - INFO - Total Filtered records: 2
2025-03-22 13:00:05,702 - INFO - Filtered records to be inserted into database: 2
2025-03-22 13:00:05,789 - INFO - Finished
2025-03-22 13:10:04,877 - INFO - Started
2025-03-22 13:10:04,878 - INFO - Data fetched successfully.
2025-03-22 13:10:05,600 - INFO - Total records fetched: 2082
2025-03-22 13:10:05,836 - INFO - Total tripStartDateMapping records: 342
2025-03-22 13:10:05,837 - INFO - Total Filtered records: 0
2025-03-22 13:10:06,460 - INFO - Filtered records to be inserted into database: 0
2025-03-22 13:10:06,473 - INFO - No new data to insert.
2025-03-22 13:10:06,497 - INFO - Finished
2025-03-22 13:20:05,204 - INFO - Started
2025-03-22 13:20:05,204 - INFO - Data fetched successfully.
2025-03-22 13:20:05,925 - INFO - Total records fetched: 2034
2025-03-22 13:20:05,999 - INFO - Total tripStartDateMapping records: 342
2025-03-22 13:20:06,000 - INFO - Total Filtered records: 18
2025-03-22 13:20:06,541 - INFO - Filtered records to be inserted into database: 18
2025-03-22 13:20:06,687 - INFO - Finished
2025-03-22 13:30:04,373 - INFO - Started
2025-03-22 13:30:04,374 - INFO - Data fetched successfully.
2025-03-22 13:30:05,057 - INFO - Total records fetched: 2032
2025-03-22 13:30:05,120 - INFO - Total tripStartDateMapping records: 342
2025-03-22 13:30:05,120 - INFO - Total Filtered records: 3
2025-03-22 13:30:05,646 - INFO - Filtered records to be inserted into database: 3
2025-03-22 13:30:05,741 - INFO - Finished
2025-03-22 13:40:03,426 - INFO - Started
2025-03-22 13:40:03,427 - INFO - Data fetched successfully.
2025-03-22 13:40:04,197 - INFO - Total records fetched: 1996
2025-03-22 13:40:04,259 - INFO - Total tripStartDateMapping records: 342
2025-03-22 13:40:04,260 - INFO - Total Filtered records: 7
2025-03-22 13:40:04,905 - INFO - Filtered records to be inserted into database: 7
2025-03-22 13:40:05,031 - INFO - Finished
2025-03-22 13:50:04,325 - INFO - Started
2025-03-22 13:50:04,326 - INFO - Data fetched successfully.
2025-03-22 13:50:04,752 - INFO - Total records fetched: 1972
2025-03-22 13:50:04,824 - INFO - Total tripStartDateMapping records: 342
2025-03-22 13:50:04,825 - INFO - Total Filtered records: 6
2025-03-22 13:50:05,347 - INFO - Filtered records to be inserted into database: 6
2025-03-22 13:50:05,431 - INFO - Finished
2025-03-22 14:00:03,831 - INFO - Started
2025-03-22 14:00:03,831 - INFO - Data fetched successfully.
2025-03-22 14:00:10,231 - INFO - Total records fetched: 1954
2025-03-22 14:00:10,283 - INFO - Total tripStartDateMapping records: 342
2025-03-22 14:00:10,284 - INFO - Total Filtered records: 12
2025-03-22 14:00:10,869 - INFO - Filtered records to be inserted into database: 12
2025-03-22 14:00:10,942 - INFO - Finished
2025-03-22 14:10:04,086 - INFO - Started
2025-03-22 14:10:04,087 - INFO - Data fetched successfully.
2025-03-22 14:10:04,972 - INFO - Total records fetched: 1948
2025-03-22 14:10:05,033 - INFO - Total tripStartDateMapping records: 342
2025-03-22 14:10:05,033 - INFO - Total Filtered records: 1
2025-03-22 14:10:05,524 - INFO - Filtered records to be inserted into database: 1
2025-03-22 14:10:05,624 - INFO - Finished
2025-03-22 14:20:03,665 - INFO - Started
2025-03-22 14:20:03,665 - INFO - Data fetched successfully.
2025-03-22 14:20:04,482 - INFO - Total records fetched: 1951
2025-03-22 14:20:04,529 - INFO - Total tripStartDateMapping records: 342
2025-03-22 14:20:04,529 - INFO - Total Filtered records: 1
2025-03-22 14:20:05,002 - INFO - Filtered records to be inserted into database: 1
2025-03-22 14:20:05,031 - INFO - Finished
2025-03-22 14:30:06,775 - INFO - Started
2025-03-22 14:30:06,775 - INFO - Data fetched successfully.
2025-03-22 14:30:07,869 - INFO - Total records fetched: 1960
2025-03-22 14:30:08,007 - INFO - Total tripStartDateMapping records: 342
2025-03-22 14:30:08,009 - INFO - Total Filtered records: 3
2025-03-22 14:30:09,778 - INFO - Filtered records to be inserted into database: 3
2025-03-22 14:30:09,844 - INFO - Finished
2025-03-22 14:40:04,463 - INFO - Started
2025-03-22 14:40:04,463 - INFO - Data fetched successfully.
2025-03-22 14:40:04,937 - INFO - Total records fetched: 1966
2025-03-22 14:40:05,028 - INFO - Total tripStartDateMapping records: 342
2025-03-22 14:40:05,028 - INFO - Total Filtered records: 1
2025-03-22 14:40:06,315 - INFO - Filtered records to be inserted into database: 1
2025-03-22 14:40:06,347 - INFO - Finished
2025-03-22 14:50:05,808 - INFO - Started
2025-03-22 14:50:05,808 - INFO - Data fetched successfully.
2025-03-22 14:50:06,769 - INFO - Total records fetched: 1981
2025-03-22 14:50:06,900 - INFO - Total tripStartDateMapping records: 342
2025-03-22 14:50:06,901 - INFO - Total Filtered records: 2
2025-03-22 14:50:08,085 - INFO - Filtered records to be inserted into database: 2
2025-03-22 14:50:08,180 - INFO - Finished
2025-03-22 15:00:04,126 - INFO - Started
2025-03-22 15:00:04,126 - INFO - Data fetched successfully.
2025-03-22 15:00:04,931 - INFO - Total records fetched: 1994
2025-03-22 15:00:05,043 - INFO - Total tripStartDateMapping records: 342
2025-03-22 15:00:05,046 - INFO - Total Filtered records: 0
2025-03-22 15:00:05,743 - INFO - Filtered records to be inserted into database: 0
2025-03-22 15:00:05,743 - INFO - No new data to insert.
2025-03-22 15:00:05,757 - INFO - Finished
2025-03-22 15:10:08,412 - INFO - Started
2025-03-22 15:10:08,414 - INFO - Data fetched successfully.
2025-03-22 15:10:09,270 - INFO - Total records fetched: 2011
2025-03-22 15:10:09,673 - INFO - Total tripStartDateMapping records: 342
2025-03-22 15:10:09,673 - INFO - Total Filtered records: 0
2025-03-22 15:10:11,068 - INFO - Filtered records to be inserted into database: 0
2025-03-22 15:10:11,080 - INFO - No new data to insert.
2025-03-22 15:10:11,109 - INFO - Finished
2025-03-22 15:20:10,116 - INFO - Started
2025-03-22 15:20:10,116 - INFO - Data fetched successfully.
2025-03-22 15:20:10,652 - INFO - Total records fetched: 1996
2025-03-22 15:20:10,913 - INFO - Total tripStartDateMapping records: 342
2025-03-22 15:20:10,913 - INFO - Total Filtered records: 1
2025-03-22 15:20:12,243 - INFO - Filtered records to be inserted into database: 1
2025-03-22 15:20:12,409 - INFO - Finished
2025-03-22 15:30:14,499 - INFO - Started
2025-03-22 15:30:14,499 - INFO - Data fetched successfully.
2025-03-22 15:30:15,315 - INFO - Total records fetched: 2019
2025-03-22 15:30:15,479 - INFO - Total tripStartDateMapping records: 342
2025-03-22 15:30:15,481 - INFO - Total Filtered records: 0
2025-03-22 15:30:17,175 - INFO - Filtered records to be inserted into database: 0
2025-03-22 15:30:17,192 - INFO - No new data to insert.
2025-03-22 15:30:17,211 - INFO - Finished
2025-03-22 15:40:11,375 - INFO - Started
2025-03-22 15:40:11,380 - INFO - Data fetched successfully.
2025-03-22 15:40:12,333 - INFO - Total records fetched: 2040
2025-03-22 15:40:12,501 - INFO - Total tripStartDateMapping records: 342
2025-03-22 15:40:12,501 - INFO - Total Filtered records: 6
2025-03-22 15:40:13,806 - INFO - Filtered records to be inserted into database: 6
2025-03-22 15:40:13,902 - INFO - Finished
2025-03-23 22:00:20,583 - INFO - Started
2025-03-23 22:00:20,585 - INFO - Data fetched successfully.
2025-03-23 22:00:21,933 - INFO - Total records fetched: 1405
2025-03-23 22:00:23,051 - INFO - Total tripStartDateMapping records: 342
2025-03-23 22:00:23,053 - INFO - Total Filtered records: 0
2025-03-23 22:00:23,811 - INFO - Filtered records to be inserted into database: 0
2025-03-23 22:00:23,822 - INFO - No new data to insert.
2025-03-23 22:00:23,901 - INFO - Finished
2025-03-23 22:10:06,566 - INFO - Started
2025-03-23 22:10:06,566 - INFO - Data fetched successfully.
2025-03-23 22:10:08,303 - INFO - Total records fetched: 1440
2025-03-23 22:10:08,532 - INFO - Total tripStartDateMapping records: 342
2025-03-23 22:10:08,532 - INFO - Total Filtered records: 11
2025-03-23 22:10:09,620 - INFO - Filtered records to be inserted into database: 11
2025-03-23 22:10:09,804 - INFO - Finished
2025-03-23 22:20:06,108 - INFO - Started
2025-03-23 22:20:06,109 - INFO - Data fetched successfully.
2025-03-23 22:20:06,606 - INFO - Total records fetched: 1334
2025-03-23 22:20:06,655 - INFO - Total tripStartDateMapping records: 342
2025-03-23 22:20:06,655 - INFO - Total Filtered records: 0
2025-03-23 22:20:07,544 - INFO - Filtered records to be inserted into database: 0
2025-03-23 22:20:07,544 - INFO - No new data to insert.
2025-03-23 22:20:07,576 - INFO - Finished
2025-03-25 18:00:24,163 - INFO - Started
2025-03-25 18:00:24,240 - INFO - Data fetched successfully.
2025-03-25 18:00:26,496 - INFO - Total records fetched: 2510
2025-03-25 18:00:27,487 - INFO - Total tripStartDateMapping records: 342
2025-03-25 18:00:27,487 - INFO - Total Filtered records: 4
2025-03-25 18:00:29,288 - INFO - Filtered records to be inserted into database: 4
2025-03-25 18:00:30,020 - INFO - Finished
2025-03-25 18:10:09,656 - INFO - Started
2025-03-25 18:10:09,659 - INFO - Data fetched successfully.
2025-03-25 18:10:10,331 - INFO - Total records fetched: 2538
2025-03-25 18:10:10,437 - INFO - Total tripStartDateMapping records: 342
2025-03-25 18:10:10,438 - INFO - Total Filtered records: 0
2025-03-25 18:10:11,721 - INFO - Filtered records to be inserted into database: 0
2025-03-25 18:10:11,732 - INFO - No new data to insert.
2025-03-25 18:10:11,768 - INFO - Finished
2025-03-25 18:20:04,538 - INFO - Started
2025-03-25 18:20:04,540 - INFO - Data fetched successfully.
2025-03-25 18:20:05,267 - INFO - Total records fetched: 2540
2025-03-25 18:20:05,378 - INFO - Total tripStartDateMapping records: 342
2025-03-25 18:20:05,378 - INFO - Total Filtered records: 0
2025-03-25 18:20:05,970 - INFO - Filtered records to be inserted into database: 0
2025-03-25 18:20:05,970 - INFO - No new data to insert.
2025-03-25 18:20:05,997 - INFO - Finished
2025-03-25 18:30:05,417 - INFO - Started
2025-03-25 18:30:05,417 - INFO - Data fetched successfully.
2025-03-25 18:30:06,038 - INFO - Total records fetched: 2544
2025-03-25 18:30:06,097 - INFO - Total tripStartDateMapping records: 342
2025-03-25 18:30:06,101 - INFO - Total Filtered records: 0
2025-03-25 18:30:06,779 - INFO - Filtered records to be inserted into database: 0
2025-03-25 18:30:06,779 - INFO - No new data to insert.
2025-03-25 18:30:06,807 - INFO - Finished
2025-03-25 18:40:04,091 - INFO - Started
2025-03-25 18:40:04,091 - INFO - Data fetched successfully.
2025-03-25 18:40:04,667 - INFO - Total records fetched: 2543
2025-03-25 18:40:04,737 - INFO - Total tripStartDateMapping records: 342
2025-03-25 18:40:04,740 - INFO - Total Filtered records: 0
2025-03-25 18:40:05,570 - INFO - Filtered records to be inserted into database: 0
2025-03-25 18:40:05,570 - INFO - No new data to insert.
2025-03-25 18:40:05,582 - INFO - Finished
2025-03-25 18:50:04,952 - INFO - Started
2025-03-25 18:50:04,952 - INFO - Data fetched successfully.
2025-03-25 18:50:05,577 - INFO - Total records fetched: 2529
2025-03-25 18:50:05,657 - INFO - Total tripStartDateMapping records: 342
2025-03-25 18:50:05,658 - INFO - Total Filtered records: 0
2025-03-25 18:50:06,407 - INFO - Filtered records to be inserted into database: 0
2025-03-25 18:50:06,407 - INFO - No new data to insert.
2025-03-25 18:50:06,420 - INFO - Finished
2025-03-25 19:00:07,367 - INFO - Started
2025-03-25 19:00:07,369 - INFO - Data fetched successfully.
2025-03-25 19:00:08,124 - INFO - Total records fetched: 2543
2025-03-25 19:00:08,250 - INFO - Total tripStartDateMapping records: 342
2025-03-25 19:00:08,251 - INFO - Total Filtered records: 0
2025-03-25 19:00:09,481 - INFO - Filtered records to be inserted into database: 0
2025-03-25 19:00:09,489 - INFO - No new data to insert.
2025-03-25 19:00:09,525 - INFO - Finished
2025-03-25 19:10:06,047 - INFO - Started
2025-03-25 19:10:06,049 - INFO - Data fetched successfully.
2025-03-25 19:10:06,669 - INFO - Total records fetched: 2540
2025-03-25 19:10:06,740 - INFO - Total tripStartDateMapping records: 342
2025-03-25 19:10:06,740 - INFO - Total Filtered records: 0
2025-03-25 19:10:07,747 - INFO - Filtered records to be inserted into database: 0
2025-03-25 19:10:07,760 - INFO - No new data to insert.
2025-03-25 19:10:07,781 - INFO - Finished
2025-03-25 19:20:04,810 - INFO - Started
2025-03-25 19:20:04,810 - INFO - Data fetched successfully.
2025-03-25 19:20:05,369 - INFO - Total records fetched: 2538
2025-03-25 19:20:05,438 - INFO - Total tripStartDateMapping records: 342
2025-03-25 19:20:05,438 - INFO - Total Filtered records: 1
2025-03-25 19:20:06,020 - INFO - Filtered records to be inserted into database: 1
2025-03-25 19:20:06,107 - INFO - Finished
2025-03-25 19:30:03,130 - INFO - Started
2025-03-25 19:30:03,130 - INFO - Data fetched successfully.
2025-03-25 19:30:03,807 - INFO - Total records fetched: 2533
2025-03-25 19:30:03,851 - INFO - Total tripStartDateMapping records: 342
2025-03-25 19:30:03,851 - INFO - Total Filtered records: 0
2025-03-25 19:30:04,504 - INFO - Filtered records to be inserted into database: 0
2025-03-25 19:30:04,504 - INFO - No new data to insert.
2025-03-25 19:30:04,515 - INFO - Finished
2025-03-25 19:40:02,849 - INFO - Started
2025-03-25 19:40:02,849 - INFO - Data fetched successfully.
2025-03-25 19:40:03,530 - INFO - Total records fetched: 2502
2025-03-25 19:40:03,618 - INFO - Total tripStartDateMapping records: 342
2025-03-25 19:40:03,618 - INFO - Total Filtered records: 0
2025-03-25 19:40:04,309 - INFO - Filtered records to be inserted into database: 0
2025-03-25 19:40:04,309 - INFO - No new data to insert.
2025-03-25 19:40:04,322 - INFO - Finished
2025-03-25 19:50:05,037 - INFO - Started
2025-03-25 19:50:05,037 - INFO - Data fetched successfully.
2025-03-25 19:50:05,932 - INFO - Total records fetched: 2482
2025-03-25 19:50:05,967 - INFO - Total tripStartDateMapping records: 342
2025-03-25 19:50:05,969 - INFO - Total Filtered records: 0
2025-03-25 19:50:06,686 - INFO - Filtered records to be inserted into database: 0
2025-03-25 19:50:06,686 - INFO - No new data to insert.
2025-03-25 19:50:06,692 - INFO - Finished
2025-03-25 22:00:06,672 - INFO - Started
2025-03-25 22:00:06,672 - INFO - Data fetched successfully.
2025-03-25 22:00:07,181 - INFO - Total records fetched: 1768
2025-03-25 22:00:07,261 - INFO - Total tripStartDateMapping records: 342
2025-03-25 22:00:07,261 - INFO - Total Filtered records: 0
2025-03-25 22:00:07,823 - INFO - Filtered records to be inserted into database: 0
2025-03-25 22:00:07,836 - INFO - No new data to insert.
2025-03-25 22:00:07,876 - INFO - Finished
2025-03-25 22:10:06,266 - INFO - Started
2025-03-25 22:10:06,268 - INFO - Data fetched successfully.
2025-03-25 22:10:06,847 - INFO - Total records fetched: 1663
2025-03-25 22:10:06,932 - INFO - Total tripStartDateMapping records: 342
2025-03-25 22:10:06,933 - INFO - Total Filtered records: 0
2025-03-25 22:10:08,162 - INFO - Filtered records to be inserted into database: 0
2025-03-25 22:10:08,174 - INFO - No new data to insert.
2025-03-25 22:10:08,211 - INFO - Finished
2025-03-25 22:20:04,956 - INFO - Started
2025-03-25 22:20:04,956 - INFO - Data fetched successfully.
2025-03-25 22:20:05,448 - INFO - Total records fetched: 1546
2025-03-25 22:20:05,514 - INFO - Total tripStartDateMapping records: 342
2025-03-25 22:20:05,514 - INFO - Total Filtered records: 0
2025-03-25 22:20:06,337 - INFO - Filtered records to be inserted into database: 0
2025-03-25 22:20:06,359 - INFO - No new data to insert.
2025-03-25 22:20:06,386 - INFO - Finished
2025-03-26 10:40:05,971 - INFO - Started
2025-03-26 10:40:05,987 - INFO - Data fetched successfully.
2025-03-26 10:40:07,714 - INFO - Total records fetched: 2638
2025-03-26 10:40:08,019 - INFO - Total tripStartDateMapping records: 342
2025-03-26 10:40:08,031 - INFO - Total Filtered records: 3
2025-03-26 10:40:09,390 - INFO - Filtered records to be inserted into database: 3
2025-03-26 10:40:09,597 - INFO - Finished
2025-03-26 10:50:05,701 - INFO - Started
2025-03-26 10:50:05,703 - INFO - Data fetched successfully.
2025-03-26 10:50:06,346 - INFO - Total records fetched: 2612
2025-03-26 10:50:06,582 - INFO - Total tripStartDateMapping records: 342
2025-03-26 10:50:06,582 - INFO - Total Filtered records: 3
2025-03-26 10:50:07,870 - INFO - Filtered records to be inserted into database: 3
2025-03-26 10:50:08,015 - INFO - Finished
2025-03-26 11:00:05,921 - INFO - Started
2025-03-26 11:00:05,922 - INFO - Data fetched successfully.
2025-03-26 11:00:06,138 - INFO - Total records fetched: 0
2025-03-26 11:00:06,255 - INFO - Total tripStartDateMapping records: 342
2025-03-26 11:00:06,255 - INFO - Total Filtered records: 0
2025-03-26 11:00:06,824 - INFO - Filtered records to be inserted into database: 0
2025-03-26 11:00:06,824 - INFO - No new data to insert.
2025-03-26 11:00:06,869 - INFO - Finished
2025-03-26 11:10:03,636 - INFO - Started
2025-03-26 11:10:03,636 - INFO - Data fetched successfully.
2025-03-26 11:10:04,184 - INFO - Total records fetched: 2603
2025-03-26 11:10:04,248 - INFO - Total tripStartDateMapping records: 342
2025-03-26 11:10:04,250 - INFO - Total Filtered records: 3
2025-03-26 11:10:04,898 - INFO - Filtered records to be inserted into database: 3
2025-03-26 11:10:04,932 - INFO - Finished
2025-03-26 11:20:04,831 - INFO - Started
2025-03-26 11:20:04,834 - INFO - Data fetched successfully.
2025-03-26 11:20:05,443 - INFO - Total records fetched: 2587
2025-03-26 11:20:05,750 - INFO - Total tripStartDateMapping records: 342
2025-03-26 11:20:05,750 - INFO - Total Filtered records: 0
2025-03-26 11:20:06,813 - INFO - Filtered records to be inserted into database: 0
2025-03-26 11:20:06,827 - INFO - No new data to insert.
2025-03-26 11:20:06,863 - INFO - Finished
2025-03-26 11:30:02,948 - INFO - Started
2025-03-26 11:30:02,948 - INFO - Data fetched successfully.
2025-03-26 11:30:03,481 - INFO - Total records fetched: 2566
2025-03-26 11:30:03,524 - INFO - Total tripStartDateMapping records: 342
2025-03-26 11:30:03,524 - INFO - Total Filtered records: 0
2025-03-26 11:30:04,180 - INFO - Filtered records to be inserted into database: 0
2025-03-26 11:30:04,182 - INFO - No new data to insert.
2025-03-26 11:30:04,192 - INFO - Finished
2025-03-26 11:40:04,543 - INFO - Started
2025-03-26 11:40:04,545 - INFO - Data fetched successfully.
2025-03-26 11:40:05,086 - INFO - Total records fetched: 2536
2025-03-26 11:40:05,150 - INFO - Total tripStartDateMapping records: 342
2025-03-26 11:40:05,150 - INFO - Total Filtered records: 0
2025-03-26 11:40:06,269 - INFO - Filtered records to be inserted into database: 0
2025-03-26 11:40:06,269 - INFO - No new data to insert.
2025-03-26 11:40:06,295 - INFO - Finished
2025-03-26 11:50:03,533 - INFO - Started
2025-03-26 11:50:03,533 - INFO - Data fetched successfully.
2025-03-26 11:50:04,057 - INFO - Total records fetched: 2501
2025-03-26 11:50:04,113 - INFO - Total tripStartDateMapping records: 342
2025-03-26 11:50:04,113 - INFO - Total Filtered records: 2
2025-03-26 11:50:04,994 - INFO - Filtered records to be inserted into database: 2
2025-03-26 11:50:05,126 - INFO - Finished
2025-03-26 12:00:04,216 - INFO - Started
2025-03-26 12:00:04,216 - INFO - Data fetched successfully.
2025-03-26 12:00:04,684 - INFO - Total records fetched: 2488
2025-03-26 12:00:04,732 - INFO - Total tripStartDateMapping records: 342
2025-03-26 12:00:04,732 - INFO - Total Filtered records: 7
2025-03-26 12:00:05,871 - INFO - Filtered records to be inserted into database: 7
2025-03-26 12:00:05,935 - INFO - Finished
2025-03-26 12:10:03,687 - INFO - Started
2025-03-26 12:10:03,687 - INFO - Data fetched successfully.
2025-03-26 12:10:04,181 - INFO - Total records fetched: 2452
2025-03-26 12:10:04,251 - INFO - Total tripStartDateMapping records: 342
2025-03-26 12:10:04,251 - INFO - Total Filtered records: 0
2025-03-26 12:10:05,319 - INFO - Filtered records to be inserted into database: 0
2025-03-26 12:10:05,323 - INFO - No new data to insert.
2025-03-26 12:10:05,336 - INFO - Finished
2025-03-26 12:20:04,239 - INFO - Started
2025-03-26 12:20:04,239 - INFO - Data fetched successfully.
2025-03-26 12:20:04,768 - INFO - Total records fetched: 2400
2025-03-26 12:20:04,847 - INFO - Total tripStartDateMapping records: 342
2025-03-26 12:20:04,847 - INFO - Total Filtered records: 0
2025-03-26 12:20:06,011 - INFO - Filtered records to be inserted into database: 0
2025-03-26 12:20:06,011 - INFO - No new data to insert.
2025-03-26 12:20:06,023 - INFO - Finished
2025-03-26 12:30:02,836 - INFO - Started
2025-03-26 12:30:02,838 - INFO - Data fetched successfully.
2025-03-26 12:30:03,864 - INFO - Total records fetched: 2352
2025-03-26 12:30:03,917 - INFO - Total tripStartDateMapping records: 342
2025-03-26 12:30:03,917 - INFO - Total Filtered records: 0
2025-03-26 12:30:04,432 - INFO - Filtered records to be inserted into database: 0
2025-03-26 12:30:04,432 - INFO - No new data to insert.
2025-03-26 12:30:04,442 - INFO - Finished
2025-03-26 12:40:03,869 - INFO - Started
2025-03-26 12:40:03,876 - INFO - Data fetched successfully.
2025-03-26 12:40:04,391 - INFO - Total records fetched: 2332
2025-03-26 12:40:04,497 - INFO - Total tripStartDateMapping records: 342
2025-03-26 12:40:04,499 - INFO - Total Filtered records: 0
2025-03-26 12:40:05,118 - INFO - Filtered records to be inserted into database: 0
2025-03-26 12:40:05,123 - INFO - No new data to insert.
2025-03-26 12:40:05,133 - INFO - Finished
2025-03-26 12:50:04,130 - INFO - Started
2025-03-26 12:50:04,132 - INFO - Data fetched successfully.
2025-03-26 12:50:04,844 - INFO - Total records fetched: 2265
2025-03-26 12:50:04,968 - INFO - Total tripStartDateMapping records: 342
2025-03-26 12:50:04,970 - INFO - Total Filtered records: 2
2025-03-26 12:50:05,636 - INFO - Filtered records to be inserted into database: 2
2025-03-26 12:50:05,664 - INFO - Finished
2025-03-26 13:00:03,490 - INFO - Started
2025-03-26 13:00:03,490 - INFO - Data fetched successfully.
2025-03-26 13:00:03,970 - INFO - Total records fetched: 2188
2025-03-26 13:00:04,005 - INFO - Total tripStartDateMapping records: 342
2025-03-26 13:00:04,005 - INFO - Total Filtered records: 4
2025-03-26 13:00:04,525 - INFO - Filtered records to be inserted into database: 4
2025-03-26 13:00:04,548 - INFO - Finished
2025-03-26 13:10:03,958 - INFO - Started
2025-03-26 13:10:03,958 - INFO - Data fetched successfully.
2025-03-26 13:10:04,606 - INFO - Total records fetched: 2117
2025-03-26 13:10:04,658 - INFO - Total tripStartDateMapping records: 342
2025-03-26 13:10:04,658 - INFO - Total Filtered records: 0
2025-03-26 13:20:03,077 - INFO - Started
2025-03-26 13:20:03,077 - INFO - Data fetched successfully.
2025-03-26 13:20:03,549 - INFO - Total records fetched: 2083
2025-03-26 13:20:03,581 - INFO - Total tripStartDateMapping records: 342
2025-03-26 13:20:03,581 - INFO - Total Filtered records: 3
2025-03-26 13:20:04,208 - INFO - Filtered records to be inserted into database: 3
2025-03-26 13:20:04,235 - INFO - Finished
2025-03-26 13:30:04,492 - INFO - Started
2025-03-26 13:30:04,493 - INFO - Data fetched successfully.
2025-03-26 13:30:04,974 - INFO - Total records fetched: 2047
2025-03-26 13:30:05,053 - INFO - Total tripStartDateMapping records: 342
2025-03-26 13:30:05,053 - INFO - Total Filtered records: 0
2025-03-26 13:30:05,624 - INFO - Filtered records to be inserted into database: 0
2025-03-26 13:30:05,624 - INFO - No new data to insert.
2025-03-26 13:30:05,649 - INFO - Finished
2025-03-26 13:40:03,092 - INFO - Started
2025-03-26 13:40:03,092 - INFO - Data fetched successfully.
2025-03-26 13:40:03,516 - INFO - Total records fetched: 2031
2025-03-26 13:40:03,562 - INFO - Total tripStartDateMapping records: 342
2025-03-26 13:40:03,562 - INFO - Total Filtered records: 0
2025-03-26 13:40:04,301 - INFO - Filtered records to be inserted into database: 0
2025-03-26 13:40:04,301 - INFO - No new data to insert.
2025-03-26 13:40:04,307 - INFO - Finished
2025-03-26 13:50:04,616 - INFO - Started
2025-03-26 13:50:04,616 - INFO - Data fetched successfully.
2025-03-26 13:50:05,094 - INFO - Total records fetched: 1992
2025-03-26 13:50:05,190 - INFO - Total tripStartDateMapping records: 342
2025-03-26 13:50:05,190 - INFO - Total Filtered records: 0
2025-03-26 13:50:05,816 - INFO - Filtered records to be inserted into database: 0
2025-03-26 13:50:05,817 - INFO - No new data to insert.
2025-03-26 13:50:05,838 - INFO - Finished
2025-03-26 14:00:03,043 - INFO - Started
2025-03-26 14:00:03,045 - INFO - Data fetched successfully.
2025-03-26 14:00:03,545 - INFO - Total records fetched: 1973
2025-03-26 14:00:03,625 - INFO - Total tripStartDateMapping records: 342
2025-03-26 14:00:03,625 - INFO - Total Filtered records: 0
2025-03-26 14:00:04,336 - INFO - Filtered records to be inserted into database: 0
2025-03-26 14:00:04,336 - INFO - No new data to insert.
2025-03-26 14:00:04,354 - INFO - Finished
2025-03-26 14:10:04,841 - INFO - Started
2025-03-26 14:10:04,841 - INFO - Data fetched successfully.
2025-03-26 14:10:05,393 - INFO - Total records fetched: 1951
2025-03-26 14:10:05,442 - INFO - Total tripStartDateMapping records: 342
2025-03-26 14:10:05,442 - INFO - Total Filtered records: 1
2025-03-26 14:10:06,628 - INFO - Filtered records to be inserted into database: 1
2025-03-26 14:10:06,666 - INFO - Finished
2025-03-26 16:10:08,108 - INFO - Started
2025-03-26 16:10:08,110 - INFO - Data fetched successfully.
2025-03-26 16:10:08,643 - INFO - Total records fetched: 2077
2025-03-26 16:10:08,866 - INFO - Total tripStartDateMapping records: 342
2025-03-26 16:10:08,872 - INFO - Total Filtered records: 1
2025-03-26 16:10:10,116 - INFO - Filtered records to be inserted into database: 1
2025-03-26 16:10:10,231 - INFO - Finished
2025-03-26 16:20:05,504 - INFO - Started
2025-03-26 16:20:05,504 - INFO - Data fetched successfully.
2025-03-26 16:20:05,970 - INFO - Total records fetched: 2159
2025-03-26 16:20:06,018 - INFO - Total tripStartDateMapping records: 342
2025-03-26 16:20:06,018 - INFO - Total Filtered records: 0
2025-03-26 16:20:06,602 - INFO - Filtered records to be inserted into database: 0
2025-03-26 16:20:06,602 - INFO - No new data to insert.
2025-03-26 16:20:06,634 - INFO - Finished
2025-03-26 16:30:05,327 - INFO - Started
2025-03-26 16:30:05,327 - INFO - Data fetched successfully.
2025-03-26 16:30:05,523 - INFO - Total records fetched: 0
2025-03-26 16:30:05,578 - INFO - Total tripStartDateMapping records: 342
2025-03-26 16:30:05,578 - INFO - Total Filtered records: 0
2025-03-26 16:30:06,698 - INFO - Filtered records to be inserted into database: 0
2025-03-26 16:30:06,698 - INFO - No new data to insert.
2025-03-26 16:30:06,713 - INFO - Finished
2025-03-26 16:40:06,264 - INFO - Started
2025-03-26 16:40:06,264 - INFO - Data fetched successfully.
2025-03-26 16:40:06,774 - INFO - Total records fetched: 2179
2025-03-26 16:40:06,922 - INFO - Total tripStartDateMapping records: 342
2025-03-26 16:40:06,922 - INFO - Total Filtered records: 0
2025-03-26 16:40:08,075 - INFO - Filtered records to be inserted into database: 0
2025-03-26 16:40:08,075 - INFO - No new data to insert.
2025-03-26 16:40:08,161 - INFO - Finished
2025-03-26 16:50:06,006 - INFO - Started
2025-03-26 16:50:06,006 - INFO - Data fetched successfully.
2025-03-26 16:50:06,481 - INFO - Total records fetched: 2243
2025-03-26 16:50:06,529 - INFO - Total tripStartDateMapping records: 342
2025-03-26 16:50:06,529 - INFO - Total Filtered records: 0
2025-03-26 16:50:07,609 - INFO - Filtered records to be inserted into database: 0
2025-03-26 16:50:07,609 - INFO - No new data to insert.
2025-03-26 16:50:07,656 - INFO - Finished
2025-03-26 17:00:04,248 - INFO - Started
2025-03-26 17:00:04,248 - INFO - Data fetched successfully.
2025-03-26 17:00:04,704 - INFO - Total records fetched: 2274
2025-03-26 17:00:04,797 - INFO - Total tripStartDateMapping records: 342
2025-03-26 17:00:04,797 - INFO - Total Filtered records: 0
2025-03-26 17:00:05,356 - INFO - Filtered records to be inserted into database: 0
2025-03-26 17:00:05,356 - INFO - No new data to insert.
2025-03-26 17:00:05,383 - INFO - Finished
2025-03-26 17:10:04,392 - INFO - Started
2025-03-26 17:10:04,392 - INFO - Data fetched successfully.
2025-03-26 17:10:05,010 - INFO - Total records fetched: 2344
2025-03-26 17:10:05,074 - INFO - Total tripStartDateMapping records: 342
2025-03-26 17:10:05,091 - INFO - Total Filtered records: 0
2025-03-26 17:10:05,704 - INFO - Filtered records to be inserted into database: 0
2025-03-26 17:10:05,704 - INFO - No new data to insert.
2025-03-26 17:10:05,758 - INFO - Finished
2025-03-26 17:20:06,018 - INFO - Started
2025-03-26 17:20:06,019 - INFO - Data fetched successfully.
2025-03-26 17:20:06,842 - INFO - Total records fetched: 2353
2025-03-26 17:20:07,223 - INFO - Total tripStartDateMapping records: 342
2025-03-26 17:20:07,223 - INFO - Total Filtered records: 1
2025-03-26 17:20:08,391 - INFO - Filtered records to be inserted into database: 1
2025-03-26 17:20:08,504 - INFO - Finished
2025-03-26 17:30:04,948 - INFO - Started
2025-03-26 17:30:04,948 - INFO - Data fetched successfully.
2025-03-26 17:30:05,649 - INFO - Total records fetched: 2380
2025-03-26 17:30:05,702 - INFO - Total tripStartDateMapping records: 342
2025-03-26 17:30:05,702 - INFO - Total Filtered records: 0
2025-03-26 17:30:06,237 - INFO - Filtered records to be inserted into database: 0
2025-03-26 17:30:06,249 - INFO - No new data to insert.
2025-03-26 17:30:06,307 - INFO - Finished
2025-03-26 17:40:05,999 - INFO - Started
2025-03-26 17:40:05,999 - INFO - Data fetched successfully.
2025-03-26 17:40:06,582 - INFO - Total records fetched: 2419
2025-03-26 17:40:06,632 - INFO - Total tripStartDateMapping records: 342
2025-03-26 17:40:06,632 - INFO - Total Filtered records: 1
2025-03-26 17:40:07,913 - INFO - Filtered records to be inserted into database: 1
2025-03-26 17:40:07,974 - INFO - Finished
2025-03-26 17:50:05,753 - INFO - Started
2025-03-26 17:50:05,754 - INFO - Data fetched successfully.
2025-03-26 17:50:05,994 - INFO - Total records fetched: 0
2025-03-26 17:50:06,122 - INFO - Total tripStartDateMapping records: 342
2025-03-26 17:50:06,122 - INFO - Total Filtered records: 0
2025-03-26 17:50:07,283 - INFO - Filtered records to be inserted into database: 0
2025-03-26 17:50:07,292 - INFO - No new data to insert.
2025-03-26 17:50:07,308 - INFO - Finished
2025-03-26 18:00:06,163 - INFO - Started
2025-03-26 18:00:06,164 - INFO - Data fetched successfully.
2025-03-26 18:00:06,947 - INFO - Total records fetched: 2458
2025-03-26 18:00:07,158 - INFO - Total tripStartDateMapping records: 342
2025-03-26 18:00:07,158 - INFO - Total Filtered records: 0
2025-03-26 18:00:08,264 - INFO - Filtered records to be inserted into database: 0
2025-03-26 18:00:08,271 - INFO - No new data to insert.
2025-03-26 18:00:08,314 - INFO - Finished
2025-03-26 18:10:07,757 - INFO - Started
2025-03-26 18:10:07,761 - INFO - Data fetched successfully.
2025-03-26 18:10:08,628 - INFO - Total records fetched: 2470
2025-03-26 18:10:08,776 - INFO - Total tripStartDateMapping records: 342
2025-03-26 18:10:08,776 - INFO - Total Filtered records: 0
2025-03-26 18:10:10,087 - INFO - Filtered records to be inserted into database: 0
2025-03-26 18:10:10,095 - INFO - No new data to insert.
2025-03-26 18:10:10,122 - INFO - Finished
2025-03-26 18:20:04,046 - INFO - Started
2025-03-26 18:20:04,046 - INFO - Data fetched successfully.
2025-03-26 18:20:04,693 - INFO - Total records fetched: 2485
2025-03-26 18:20:04,770 - INFO - Total tripStartDateMapping records: 342
2025-03-26 18:20:04,770 - INFO - Total Filtered records: 0
2025-03-26 18:20:05,376 - INFO - Filtered records to be inserted into database: 0
2025-03-26 18:20:05,376 - INFO - No new data to insert.
2025-03-26 18:20:05,394 - INFO - Finished
2025-03-26 18:30:05,408 - INFO - Started
2025-03-26 18:30:05,408 - INFO - Data fetched successfully.
2025-03-26 18:30:05,973 - INFO - Total records fetched: 2064
2025-03-26 18:30:06,050 - INFO - Total tripStartDateMapping records: 342
2025-03-26 18:30:06,050 - INFO - Total Filtered records: 0
2025-03-26 18:30:07,263 - INFO - Filtered records to be inserted into database: 0
2025-03-26 18:30:07,271 - INFO - No new data to insert.
2025-03-26 18:30:07,302 - INFO - Finished
2025-03-26 18:40:08,929 - INFO - Started
2025-03-26 18:40:08,929 - INFO - Data fetched successfully.
2025-03-26 18:40:09,283 - INFO - Total records fetched: 432
2025-03-26 18:40:09,438 - INFO - Total tripStartDateMapping records: 342
2025-03-26 18:40:09,438 - INFO - Total Filtered records: 0
2025-03-26 18:40:10,626 - INFO - Filtered records to be inserted into database: 0
2025-03-26 18:40:10,628 - INFO - No new data to insert.
2025-03-26 18:40:10,670 - INFO - Finished
2025-03-26 20:50:06,029 - INFO - Started
2025-03-26 20:50:06,030 - INFO - Data fetched successfully.
2025-03-26 20:50:06,718 - INFO - Total records fetched: 2279
2025-03-26 20:50:07,369 - INFO - Total tripStartDateMapping records: 342
2025-03-26 20:50:07,371 - INFO - Total Filtered records: 0
2025-03-26 20:50:08,576 - INFO - Filtered records to be inserted into database: 0
2025-03-26 20:50:08,578 - INFO - No new data to insert.
2025-03-26 20:50:08,622 - INFO - Finished
2025-03-26 21:00:07,359 - INFO - Started
2025-03-26 21:00:07,361 - INFO - Data fetched successfully.
2025-03-26 21:00:07,921 - INFO - Total records fetched: 2223
2025-03-26 21:00:07,963 - INFO - Total tripStartDateMapping records: 342
2025-03-26 21:00:07,963 - INFO - Total Filtered records: 0
2025-03-26 21:00:09,152 - INFO - Filtered records to be inserted into database: 0
2025-03-26 21:00:09,152 - INFO - No new data to insert.
2025-03-26 21:00:09,169 - INFO - Finished
2025-03-26 21:10:03,453 - INFO - Started
2025-03-26 21:10:03,453 - INFO - Data fetched successfully.
2025-03-26 21:10:03,866 - INFO - Total records fetched: 2190
2025-03-26 21:10:03,968 - INFO - Total tripStartDateMapping records: 342
2025-03-26 21:10:03,968 - INFO - Total Filtered records: 0
2025-03-26 21:10:04,436 - INFO - Filtered records to be inserted into database: 0
2025-03-26 21:10:04,436 - INFO - No new data to insert.
2025-03-26 21:10:04,452 - INFO - Finished
2025-03-26 21:20:03,761 - INFO - Started
2025-03-26 21:20:03,761 - INFO - Data fetched successfully.
2025-03-26 21:20:04,210 - INFO - Total records fetched: 2115
2025-03-26 21:20:04,464 - INFO - Total tripStartDateMapping records: 342
2025-03-26 21:20:04,464 - INFO - Total Filtered records: 0
2025-03-26 21:20:05,000 - INFO - Filtered records to be inserted into database: 0
2025-03-26 21:20:05,000 - INFO - No new data to insert.
2025-03-26 21:20:05,033 - INFO - Finished
2025-03-26 21:30:03,751 - INFO - Started
2025-03-26 21:30:03,751 - INFO - Data fetched successfully.
2025-03-26 21:30:04,169 - INFO - Total records fetched: 2009
2025-03-26 21:30:04,197 - INFO - Total tripStartDateMapping records: 342
2025-03-26 21:30:04,213 - INFO - Total Filtered records: 0
2025-03-26 21:30:04,673 - INFO - Filtered records to be inserted into database: 0
2025-03-26 21:30:04,673 - INFO - No new data to insert.
2025-03-26 21:30:04,715 - INFO - Finished
2025-03-26 21:40:04,576 - INFO - Started
2025-03-26 21:40:04,576 - INFO - Data fetched successfully.
2025-03-26 21:40:05,054 - INFO - Total records fetched: 1921
2025-03-26 21:40:05,139 - INFO - Total tripStartDateMapping records: 342
2025-03-26 21:40:05,139 - INFO - Total Filtered records: 0
2025-03-26 21:40:05,948 - INFO - Filtered records to be inserted into database: 0
2025-03-26 21:40:05,948 - INFO - No new data to insert.
2025-03-26 21:40:05,968 - INFO - Finished
2025-03-26 21:50:04,704 - INFO - Started
2025-03-26 21:50:04,704 - INFO - Data fetched successfully.
2025-03-26 21:50:05,143 - INFO - Total records fetched: 1839
2025-03-26 21:50:05,182 - INFO - Total tripStartDateMapping records: 342
2025-03-26 21:50:05,182 - INFO - Total Filtered records: 0
2025-03-26 21:50:05,791 - INFO - Filtered records to be inserted into database: 0
2025-03-26 21:50:05,791 - INFO - No new data to insert.
2025-03-26 21:50:05,807 - INFO - Finished
2025-03-27 19:20:06,846 - INFO - Started
2025-03-27 19:20:06,846 - INFO - Data fetched successfully.
2025-03-27 19:20:07,740 - INFO - Total records fetched: 2522
2025-03-27 19:20:08,415 - INFO - Total tripStartDateMapping records: 342
2025-03-27 19:20:08,417 - INFO - Total Filtered records: 3
2025-03-27 19:20:09,808 - INFO - Filtered records to be inserted into database: 3
2025-03-27 19:20:09,972 - INFO - Finished
2025-03-27 19:40:05,238 - INFO - Started
2025-03-27 19:40:05,240 - INFO - Data fetched successfully.
2025-03-27 19:40:05,688 - ERROR - An error occurred: ('Connection broken: IncompleteRead(163573 bytes read, 96149 more expected)', IncompleteRead(163573 bytes read, 96149 more expected))
Traceback (most recent call last):
  File "C:\programs\environments\py_312_tut\Lib\site-packages\urllib3\response.py", line 748, in _error_catcher
    yield
  File "C:\programs\environments\py_312_tut\Lib\site-packages\urllib3\response.py", line 894, in _raw_read
    raise IncompleteRead(self._fp_bytes_read, self.length_remaining)
urllib3.exceptions.IncompleteRead: IncompleteRead(163573 bytes read, 96149 more expected)

The above exception was the direct cause of the following exception:

Traceback (most recent call last):
  File "C:\programs\environments\py_312_tut\Lib\site-packages\requests\models.py", line 820, in generate
    yield from self.raw.stream(chunk_size, decode_content=True)
  File "C:\programs\environments\py_312_tut\Lib\site-packages\urllib3\response.py", line 1060, in stream
    data = self.read(amt=amt, decode_content=decode_content)
           ^^^^^^^^^^^^^^^^^^^^^^^^^^^^^^^^^^^^^^^^^^^^^^^^^
  File "C:\programs\environments\py_312_tut\Lib\site-packages\urllib3\response.py", line 977, in read
    data = self._raw_read(amt)
           ^^^^^^^^^^^^^^^^^^^
  File "C:\programs\environments\py_312_tut\Lib\site-packages\urllib3\response.py", line 872, in _raw_read
    with self._error_catcher():
  File "C:\Users\Asus\AppData\Local\Programs\Python\Python312\Lib\contextlib.py", line 158, in __exit__
    self.gen.throw(value)
  File "C:\programs\environments\py_312_tut\Lib\site-packages\urllib3\response.py", line 772, in _error_catcher
    raise ProtocolError(arg, e) from e
urllib3.exceptions.ProtocolError: ('Connection broken: IncompleteRead(163573 bytes read, 96149 more expected)', IncompleteRead(163573 bytes read, 96149 more expected))

During handling of the above exception, another exception occurred:

Traceback (most recent call last):
  File "C:\programs\project_1222086\DTC2025\rt_vehicle_location.py", line 46, in importRealTimeData
    response = requests.get("https://otd.delhi.gov.in/api/realtime/VehiclePositions.pb?key=Wnywij2jOl3N715nQzLAfOiBK4MdJwUe")
               ^^^^^^^^^^^^^^^^^^^^^^^^^^^^^^^^^^^^^^^^^^^^^^^^^^^^^^^^^^^^^^^^^^^^^^^^^^^^^^^^^^^^^^^^^^^^^^^^^^^^^^^^^^^^^^
  File "C:\programs\environments\py_312_tut\Lib\site-packages\requests\api.py", line 73, in get
    return request("get", url, params=params, **kwargs)
           ^^^^^^^^^^^^^^^^^^^^^^^^^^^^^^^^^^^^^^^^^^^^
  File "C:\programs\environments\py_312_tut\Lib\site-packages\requests\api.py", line 59, in request
    return session.request(method=method, url=url, **kwargs)
           ^^^^^^^^^^^^^^^^^^^^^^^^^^^^^^^^^^^^^^^^^^^^^^^^^
  File "C:\programs\environments\py_312_tut\Lib\site-packages\requests\sessions.py", line 589, in request
    resp = self.send(prep, **send_kwargs)
           ^^^^^^^^^^^^^^^^^^^^^^^^^^^^^^
  File "C:\programs\environments\py_312_tut\Lib\site-packages\requests\sessions.py", line 746, in send
    r.content
  File "C:\programs\environments\py_312_tut\Lib\site-packages\requests\models.py", line 902, in content
    self._content = b"".join(self.iter_content(CONTENT_CHUNK_SIZE)) or b""
                    ^^^^^^^^^^^^^^^^^^^^^^^^^^^^^^^^^^^^^^^^^^^^^^^
  File "C:\programs\environments\py_312_tut\Lib\site-packages\requests\models.py", line 822, in generate
    raise ChunkedEncodingError(e)
requests.exceptions.ChunkedEncodingError: ('Connection broken: IncompleteRead(163573 bytes read, 96149 more expected)', IncompleteRead(163573 bytes read, 96149 more expected))
2025-03-27 19:40:06,012 - INFO - Finished
2025-03-27 19:50:05,231 - INFO - Started
2025-03-27 19:50:05,231 - INFO - Data fetched successfully.
2025-03-27 19:50:06,197 - INFO - Total records fetched: 2491
2025-03-27 19:50:06,524 - INFO - Total tripStartDateMapping records: 342
2025-03-27 19:50:06,524 - INFO - Total Filtered records: 0
2025-03-27 19:50:07,671 - INFO - Filtered records to be inserted into database: 0
2025-03-27 19:50:07,671 - INFO - No new data to insert.
2025-03-27 19:50:07,720 - INFO - Finished
2025-03-27 20:00:04,705 - INFO - Started
2025-03-27 20:00:04,705 - INFO - Data fetched successfully.
2025-03-27 20:00:05,401 - INFO - Total records fetched: 2499
2025-03-27 20:00:05,473 - INFO - Total tripStartDateMapping records: 342
2025-03-27 20:00:05,479 - INFO - Total Filtered records: 0
2025-03-27 20:00:06,653 - INFO - Filtered records to be inserted into database: 0
2025-03-27 20:00:06,674 - INFO - No new data to insert.
2025-03-27 20:00:06,736 - INFO - Finished
2025-03-27 20:10:05,140 - INFO - Started
2025-03-27 20:10:05,143 - INFO - Data fetched successfully.
2025-03-27 20:10:05,770 - INFO - Total records fetched: 2021
2025-03-27 20:10:05,840 - INFO - Total tripStartDateMapping records: 342
2025-03-27 20:10:05,840 - INFO - Total Filtered records: 0
2025-03-27 20:10:07,314 - INFO - Filtered records to be inserted into database: 0
2025-03-27 20:10:07,314 - INFO - No new data to insert.
2025-03-27 20:10:07,353 - INFO - Finished
2025-03-27 20:20:07,171 - INFO - Started
2025-03-27 20:20:07,178 - INFO - Data fetched successfully.
2025-03-27 20:20:08,109 - INFO - Total records fetched: 2431
2025-03-27 20:20:08,171 - INFO - Total tripStartDateMapping records: 342
2025-03-27 20:20:08,171 - INFO - Total Filtered records: 0
2025-03-27 20:20:09,373 - INFO - Filtered records to be inserted into database: 0
2025-03-27 20:20:09,375 - INFO - No new data to insert.
2025-03-27 20:20:09,435 - INFO - Finished
2025-03-27 20:30:06,141 - INFO - Started
2025-03-27 20:30:06,141 - INFO - Data fetched successfully.
2025-03-27 20:30:06,654 - INFO - Total records fetched: 2398
2025-03-27 20:30:06,723 - INFO - Total tripStartDateMapping records: 342
2025-03-27 20:30:06,725 - INFO - Total Filtered records: 1
2025-03-27 20:30:08,090 - INFO - Filtered records to be inserted into database: 1
2025-03-27 20:30:08,279 - INFO - Finished
2025-03-27 20:40:05,315 - INFO - Started
2025-03-27 20:40:05,325 - INFO - Data fetched successfully.
2025-03-27 20:40:09,187 - INFO - Total records fetched: 2382
2025-03-27 20:40:09,253 - INFO - Total tripStartDateMapping records: 342
2025-03-27 20:40:09,253 - INFO - Total Filtered records: 0
2025-03-27 20:40:10,421 - INFO - Filtered records to be inserted into database: 0
2025-03-27 20:40:10,421 - INFO - No new data to insert.
2025-03-27 20:40:10,433 - INFO - Finished
2025-03-27 20:50:06,954 - INFO - Started
2025-03-27 20:50:06,962 - INFO - Data fetched successfully.
2025-03-27 20:50:07,516 - INFO - Total records fetched: 2303
2025-03-27 20:50:07,572 - INFO - Total tripStartDateMapping records: 342
2025-03-27 20:50:07,572 - INFO - Total Filtered records: 0
2025-03-27 20:50:08,702 - INFO - Filtered records to be inserted into database: 0
2025-03-27 20:50:08,712 - INFO - No new data to insert.
2025-03-27 20:50:08,739 - INFO - Finished
2025-03-27 21:00:03,558 - INFO - Started
2025-03-27 21:00:03,558 - INFO - Data fetched successfully.
2025-03-27 21:00:04,135 - INFO - Total records fetched: 2250
2025-03-27 21:00:04,184 - INFO - Total tripStartDateMapping records: 342
2025-03-27 21:00:04,184 - INFO - Total Filtered records: 0
2025-03-27 21:00:04,674 - INFO - Filtered records to be inserted into database: 0
2025-03-27 21:00:04,674 - INFO - No new data to insert.
2025-03-27 21:00:04,690 - INFO - Finished
2025-03-27 21:10:03,924 - INFO - Started
2025-03-27 21:10:03,924 - INFO - Data fetched successfully.
2025-03-27 21:10:04,355 - INFO - Total records fetched: 2197
2025-03-27 21:10:04,419 - INFO - Total tripStartDateMapping records: 342
2025-03-27 21:10:04,419 - INFO - Total Filtered records: 0
2025-03-27 21:10:04,909 - INFO - Filtered records to be inserted into database: 0
2025-03-27 21:10:04,909 - INFO - No new data to insert.
2025-03-27 21:10:04,937 - INFO - Finished
2025-03-27 21:20:06,600 - INFO - Started
2025-03-27 21:20:06,607 - INFO - Data fetched successfully.
2025-03-27 21:20:07,156 - INFO - Total records fetched: 2162
2025-03-27 21:20:07,236 - INFO - Total tripStartDateMapping records: 342
2025-03-27 21:20:07,236 - INFO - Total Filtered records: 0
2025-03-27 21:20:08,550 - INFO - Filtered records to be inserted into database: 0
2025-03-27 21:20:08,551 - INFO - No new data to insert.
2025-03-27 21:20:08,605 - INFO - Finished
2025-03-27 21:30:04,511 - INFO - Started
2025-03-27 21:30:04,511 - INFO - Data fetched successfully.
2025-03-27 21:30:05,035 - INFO - Total records fetched: 2063
2025-03-27 21:30:05,093 - INFO - Total tripStartDateMapping records: 342
2025-03-27 21:30:05,093 - INFO - Total Filtered records: 0
2025-03-27 21:30:05,628 - INFO - Filtered records to be inserted into database: 0
2025-03-27 21:30:05,628 - INFO - No new data to insert.
2025-03-27 21:30:05,659 - INFO - Finished
2025-03-27 21:40:06,266 - INFO - Started
2025-03-27 21:40:06,268 - INFO - Data fetched successfully.
2025-03-27 21:40:06,732 - INFO - Total records fetched: 1952
2025-03-27 21:40:07,061 - INFO - Total tripStartDateMapping records: 342
2025-03-27 21:40:07,061 - INFO - Total Filtered records: 0
2025-03-27 21:40:08,174 - INFO - Filtered records to be inserted into database: 0
2025-03-27 21:40:08,174 - INFO - No new data to insert.
2025-03-27 21:40:08,216 - INFO - Finished
2025-03-27 21:50:08,241 - INFO - Started
2025-03-27 21:50:08,244 - INFO - Data fetched successfully.
2025-03-27 21:50:09,492 - INFO - Total records fetched: 1855
2025-03-27 21:50:09,573 - INFO - Total tripStartDateMapping records: 342
2025-03-27 21:50:09,573 - INFO - Total Filtered records: 0
2025-03-27 21:50:10,882 - INFO - Filtered records to be inserted into database: 0
2025-03-27 21:50:10,899 - INFO - No new data to insert.
2025-03-27 21:50:10,913 - INFO - Finished
2025-03-27 22:10:05,481 - INFO - Started
2025-03-27 22:10:05,481 - INFO - Data fetched successfully.
2025-03-27 22:10:05,898 - INFO - Total records fetched: 1652
2025-03-27 22:10:06,033 - INFO - Total tripStartDateMapping records: 342
2025-03-27 22:10:06,033 - INFO - Total Filtered records: 0
2025-03-27 22:10:06,679 - INFO - Filtered records to be inserted into database: 0
2025-03-27 22:10:06,679 - INFO - No new data to insert.
2025-03-27 22:10:06,743 - INFO - Finished
2025-03-27 22:20:05,466 - INFO - Started
2025-03-27 22:20:05,467 - INFO - Data fetched successfully.
2025-03-27 22:20:06,047 - INFO - Total records fetched: 1219
2025-03-27 22:20:06,105 - INFO - Total tripStartDateMapping records: 342
2025-03-27 22:20:06,105 - INFO - Total Filtered records: 0
2025-03-27 22:20:07,405 - INFO - Filtered records to be inserted into database: 0
2025-03-27 22:20:07,405 - INFO - No new data to insert.
2025-03-27 22:20:07,430 - INFO - Finished
2025-03-27 22:30:06,444 - INFO - Started
2025-03-27 22:30:06,445 - INFO - Data fetched successfully.
2025-03-27 22:30:06,923 - INFO - Total records fetched: 1430
2025-03-27 22:30:07,038 - INFO - Total tripStartDateMapping records: 342
2025-03-27 22:30:07,038 - INFO - Total Filtered records: 0
2025-03-27 22:30:08,267 - INFO - Filtered records to be inserted into database: 0
2025-03-27 22:30:08,270 - INFO - No new data to insert.
2025-03-27 22:30:08,313 - INFO - Finished
2025-03-27 22:40:12,167 - INFO - Started
2025-03-27 22:40:12,167 - INFO - Data fetched successfully.
2025-03-27 22:40:12,596 - INFO - Total records fetched: 1366
2025-03-27 22:40:12,673 - INFO - Total tripStartDateMapping records: 342
2025-03-27 22:40:12,673 - INFO - Total Filtered records: 1
2025-03-27 22:40:14,122 - INFO - Filtered records to be inserted into database: 1
2025-03-27 22:40:14,282 - INFO - Finished
2025-03-27 22:50:06,712 - INFO - Started
2025-03-27 22:50:06,712 - INFO - Data fetched successfully.
2025-03-27 22:50:07,227 - INFO - Total records fetched: 1265
2025-03-27 22:50:07,302 - INFO - Total tripStartDateMapping records: 342
2025-03-27 22:50:07,302 - INFO - Total Filtered records: 3
2025-03-27 22:50:08,529 - INFO - Filtered records to be inserted into database: 3
2025-03-27 22:50:08,618 - INFO - Finished
2025-03-27 23:00:04,961 - INFO - Started
2025-03-27 23:00:04,962 - INFO - Data fetched successfully.
2025-03-27 23:00:05,397 - INFO - Total records fetched: 1144
2025-03-27 23:00:05,449 - INFO - Total tripStartDateMapping records: 342
2025-03-27 23:00:05,449 - INFO - Total Filtered records: 10
2025-03-27 23:00:06,062 - INFO - Filtered records to be inserted into database: 10
2025-03-27 23:00:06,128 - INFO - Finished
2025-03-27 23:10:06,615 - INFO - Started
2025-03-27 23:10:06,615 - INFO - Data fetched successfully.
2025-03-27 23:10:06,855 - INFO - Total records fetched: 0
2025-03-27 23:10:07,192 - INFO - Total tripStartDateMapping records: 342
2025-03-27 23:10:07,192 - INFO - Total Filtered records: 0
2025-03-27 23:10:08,452 - INFO - Filtered records to be inserted into database: 0
2025-03-27 23:10:08,452 - INFO - No new data to insert.
2025-03-27 23:10:08,495 - INFO - Finished
2025-03-28 12:10:05,613 - INFO - Started
2025-03-28 12:10:05,613 - INFO - Data fetched successfully.
2025-03-28 12:10:09,311 - INFO - Total records fetched: 2417
2025-03-28 12:10:10,015 - INFO - Total tripStartDateMapping records: 342
2025-03-28 12:10:10,017 - INFO - Total Filtered records: 15
2025-03-28 12:10:11,461 - INFO - Filtered records to be inserted into database: 15
2025-03-28 12:10:11,645 - INFO - Finished
2025-03-28 12:20:05,839 - INFO - Started
2025-03-28 12:20:05,839 - INFO - Data fetched successfully.
2025-03-28 12:20:06,580 - INFO - Total records fetched: 0
2025-03-28 12:20:06,705 - INFO - Total tripStartDateMapping records: 342
2025-03-28 12:20:06,705 - INFO - Total Filtered records: 0
2025-03-28 12:20:07,863 - INFO - Filtered records to be inserted into database: 0
2025-03-28 12:20:07,868 - INFO - No new data to insert.
2025-03-28 12:20:07,883 - INFO - Finished
2025-03-28 12:30:07,845 - INFO - Started
2025-03-28 12:30:07,845 - INFO - Data fetched successfully.
2025-03-28 12:30:08,879 - INFO - Total records fetched: 2348
2025-03-28 12:30:08,962 - INFO - Total tripStartDateMapping records: 342
2025-03-28 12:30:08,962 - INFO - Total Filtered records: 0
2025-03-28 12:30:10,133 - INFO - Filtered records to be inserted into database: 0
2025-03-28 12:30:10,133 - INFO - No new data to insert.
2025-03-28 12:30:10,161 - INFO - Finished
2025-03-28 12:40:05,848 - INFO - Started
2025-03-28 12:40:05,848 - INFO - Data fetched successfully.
2025-03-28 12:40:06,837 - INFO - Total records fetched: 2305
2025-03-28 12:40:07,026 - INFO - Total tripStartDateMapping records: 342
2025-03-28 12:40:07,028 - INFO - Total Filtered records: 1
2025-03-28 12:40:08,430 - INFO - Filtered records to be inserted into database: 1
2025-03-28 12:40:08,599 - INFO - Finished
2025-03-28 12:50:05,225 - INFO - Started
2025-03-28 12:50:05,225 - INFO - Data fetched successfully.
2025-03-28 12:50:06,154 - INFO - Total records fetched: 2256
2025-03-28 12:50:06,303 - INFO - Total tripStartDateMapping records: 342
2025-03-28 12:50:06,305 - INFO - Total Filtered records: 0
2025-03-28 12:50:07,786 - INFO - Filtered records to be inserted into database: 0
2025-03-28 12:50:07,788 - INFO - No new data to insert.
2025-03-28 12:50:07,839 - INFO - Finished
2025-03-28 13:00:04,419 - INFO - Started
2025-03-28 13:00:04,419 - INFO - Data fetched successfully.
2025-03-28 13:00:05,254 - INFO - Total records fetched: 2168
2025-03-28 13:00:05,342 - INFO - Total tripStartDateMapping records: 342
2025-03-28 13:00:05,342 - INFO - Total Filtered records: 4
2025-03-28 13:00:06,720 - INFO - Filtered records to be inserted into database: 4
2025-03-28 13:00:06,878 - INFO - Finished
2025-03-28 13:10:12,954 - INFO - Started
2025-03-28 13:10:12,954 - INFO - Data fetched successfully.
2025-03-28 13:10:13,841 - INFO - Total records fetched: 2109
2025-03-28 13:10:14,064 - INFO - Total tripStartDateMapping records: 342
2025-03-28 13:10:14,064 - INFO - Total Filtered records: 0
2025-03-28 13:10:15,442 - INFO - Filtered records to be inserted into database: 0
2025-03-28 13:10:15,450 - INFO - No new data to insert.
2025-03-28 13:10:15,501 - INFO - Finished
2025-03-28 13:30:15,801 - INFO - Started
2025-03-28 13:30:15,803 - INFO - Data fetched successfully.
2025-03-28 13:30:16,544 - INFO - Total records fetched: 2030
2025-03-28 13:30:16,834 - INFO - Total tripStartDateMapping records: 342
2025-03-28 13:30:16,836 - INFO - Total Filtered records: 6
2025-03-28 13:30:18,418 - INFO - Filtered records to be inserted into database: 6
2025-03-28 13:30:18,554 - INFO - Finished
2025-03-28 13:40:15,386 - INFO - Started
2025-03-28 13:40:15,386 - INFO - Data fetched successfully.
2025-03-28 13:40:16,321 - INFO - Total records fetched: 1973
2025-03-28 13:40:16,392 - INFO - Total tripStartDateMapping records: 342
2025-03-28 13:40:16,392 - INFO - Total Filtered records: 0
2025-03-28 13:40:17,857 - INFO - Filtered records to be inserted into database: 0
2025-03-28 13:40:17,863 - INFO - No new data to insert.
2025-03-28 13:40:17,916 - INFO - Finished
2025-03-28 13:50:04,783 - INFO - Started
2025-03-28 13:50:04,783 - INFO - Data fetched successfully.
2025-03-28 13:50:05,519 - INFO - Total records fetched: 1928
2025-03-28 13:50:05,583 - INFO - Total tripStartDateMapping records: 342
2025-03-28 13:50:05,583 - INFO - Total Filtered records: 1
2025-03-28 13:50:07,918 - INFO - Filtered records to be inserted into database: 1
2025-03-28 13:50:08,042 - INFO - Finished
2025-03-28 14:00:10,282 - INFO - Started
2025-03-28 14:00:10,282 - INFO - Data fetched successfully.
2025-03-28 14:00:10,791 - INFO - Total records fetched: 1930
2025-03-28 14:00:10,902 - INFO - Total tripStartDateMapping records: 342
2025-03-28 14:00:10,902 - INFO - Total Filtered records: 0
2025-03-28 14:00:12,038 - INFO - Filtered records to be inserted into database: 0
2025-03-28 14:00:12,041 - INFO - No new data to insert.
2025-03-28 14:00:12,058 - INFO - Finished
2025-03-28 14:10:05,558 - INFO - Started
2025-03-28 14:10:05,558 - INFO - Data fetched successfully.
2025-03-28 14:10:06,377 - INFO - Total records fetched: 1896
2025-03-28 14:10:06,495 - INFO - Total tripStartDateMapping records: 342
2025-03-28 14:10:06,495 - INFO - Total Filtered records: 1
2025-03-28 14:10:07,724 - INFO - Filtered records to be inserted into database: 1
2025-03-28 14:10:07,898 - INFO - Finished
2025-03-28 14:20:07,047 - INFO - Started
2025-03-28 14:20:07,047 - INFO - Data fetched successfully.
2025-03-28 14:20:07,649 - INFO - Total records fetched: 1882
2025-03-28 14:20:07,992 - INFO - Total tripStartDateMapping records: 342
2025-03-28 14:20:08,008 - INFO - Total Filtered records: 0
2025-03-28 14:20:09,123 - INFO - Filtered records to be inserted into database: 0
2025-03-28 14:20:09,123 - INFO - No new data to insert.
2025-03-28 14:20:09,161 - INFO - Finished
2025-03-28 14:30:06,072 - INFO - Started
2025-03-28 14:30:06,072 - INFO - Data fetched successfully.
2025-03-28 14:30:06,552 - INFO - Total records fetched: 1856
2025-03-28 14:30:06,806 - INFO - Total tripStartDateMapping records: 342
2025-03-28 14:30:06,806 - INFO - Total Filtered records: 0
2025-03-28 14:30:08,119 - INFO - Filtered records to be inserted into database: 0
2025-03-28 14:30:08,119 - INFO - No new data to insert.
2025-03-28 14:30:08,151 - INFO - Finished
2025-03-28 14:40:06,036 - INFO - Started
2025-03-28 14:40:06,039 - INFO - Data fetched successfully.
2025-03-28 14:40:06,805 - INFO - Total records fetched: 1871
2025-03-28 14:40:07,132 - INFO - Total tripStartDateMapping records: 342
2025-03-28 14:40:07,132 - INFO - Total Filtered records: 0
2025-03-28 14:40:08,707 - INFO - Filtered records to be inserted into database: 0
2025-03-28 14:40:08,707 - INFO - No new data to insert.
2025-03-28 14:40:08,753 - INFO - Finished
2025-03-28 14:50:08,013 - INFO - Started
2025-03-28 14:50:08,013 - INFO - Data fetched successfully.
2025-03-28 14:50:08,447 - INFO - Total records fetched: 1900
2025-03-28 14:50:08,682 - INFO - Total tripStartDateMapping records: 342
2025-03-28 14:50:08,682 - INFO - Total Filtered records: 0
2025-03-28 14:50:09,247 - INFO - Filtered records to be inserted into database: 0
2025-03-28 14:50:09,247 - INFO - No new data to insert.
2025-03-28 14:50:09,295 - INFO - Finished
2025-03-28 15:00:03,996 - INFO - Started
2025-03-28 15:00:03,998 - INFO - Data fetched successfully.
2025-03-28 15:00:04,643 - INFO - Total records fetched: 1900
2025-03-28 15:00:04,895 - INFO - Total tripStartDateMapping records: 342
2025-03-28 15:00:04,897 - INFO - Total Filtered records: 0
2025-03-28 15:00:05,383 - INFO - Filtered records to be inserted into database: 0
2025-03-28 15:00:05,384 - INFO - No new data to insert.
2025-03-28 15:00:05,396 - INFO - Finished
2025-03-28 15:10:09,056 - INFO - Started
2025-03-28 15:10:09,056 - INFO - Data fetched successfully.
2025-03-28 15:10:09,810 - INFO - Total records fetched: 1899
2025-03-28 15:10:09,875 - INFO - Total tripStartDateMapping records: 342
2025-03-28 15:10:09,875 - INFO - Total Filtered records: 0
2025-03-28 15:10:10,351 - INFO - Filtered records to be inserted into database: 0
2025-03-28 15:10:10,367 - INFO - No new data to insert.
2025-03-28 15:10:10,411 - INFO - Finished
2025-03-28 15:20:04,397 - INFO - Started
2025-03-28 15:20:04,400 - INFO - Data fetched successfully.
2025-03-28 15:20:05,018 - INFO - Total records fetched: 1936
2025-03-28 15:20:05,192 - INFO - Total tripStartDateMapping records: 342
2025-03-28 15:20:05,193 - INFO - Total Filtered records: 1
2025-03-28 15:20:06,101 - INFO - Filtered records to be inserted into database: 1
2025-03-28 15:20:06,263 - INFO - Finished
2025-03-28 15:30:10,335 - INFO - Started
2025-03-28 15:30:10,336 - INFO - Data fetched successfully.
2025-03-28 15:30:10,720 - INFO - Total records fetched: 1942
2025-03-28 15:30:10,780 - INFO - Total tripStartDateMapping records: 342
2025-03-28 15:30:10,781 - INFO - Total Filtered records: 2
2025-03-28 15:30:11,356 - INFO - Filtered records to be inserted into database: 2
2025-03-28 15:30:11,403 - INFO - Finished
2025-03-28 15:40:05,791 - INFO - Started
2025-03-28 15:40:05,796 - INFO - Data fetched successfully.
2025-03-28 15:40:06,657 - INFO - Total records fetched: 1986
2025-03-28 15:40:06,737 - INFO - Total tripStartDateMapping records: 342
2025-03-28 15:40:06,737 - INFO - Total Filtered records: 7
2025-03-28 15:40:07,926 - INFO - Filtered records to be inserted into database: 7
2025-03-28 15:40:08,057 - INFO - Finished
2025-03-28 15:50:07,755 - INFO - Started
2025-03-28 15:50:07,761 - INFO - Data fetched successfully.
2025-03-28 15:50:08,331 - INFO - Total records fetched: 2041
2025-03-28 15:50:08,659 - INFO - Total tripStartDateMapping records: 342
2025-03-28 15:50:08,659 - INFO - Total Filtered records: 3
2025-03-28 15:50:09,893 - INFO - Filtered records to be inserted into database: 3
2025-03-28 15:50:10,000 - INFO - Finished
2025-03-28 16:00:14,311 - INFO - Started
2025-03-28 16:00:14,331 - INFO - Data fetched successfully.
2025-03-28 16:00:14,873 - INFO - Total records fetched: 520
2025-03-28 16:00:15,115 - INFO - Total tripStartDateMapping records: 342
2025-03-28 16:00:15,115 - INFO - Total Filtered records: 0
2025-03-28 16:00:16,258 - INFO - Filtered records to be inserted into database: 0
2025-03-28 16:00:16,276 - INFO - No new data to insert.
2025-03-28 16:00:16,339 - INFO - Finished
2025-03-28 16:10:04,904 - INFO - Started
2025-03-28 16:10:04,904 - INFO - Data fetched successfully.
2025-03-28 16:10:05,916 - INFO - Total records fetched: 2114
2025-03-28 16:10:05,981 - INFO - Total tripStartDateMapping records: 342
2025-03-28 16:10:05,981 - INFO - Total Filtered records: 0
2025-03-28 16:10:06,891 - INFO - Filtered records to be inserted into database: 0
2025-03-28 16:10:06,891 - INFO - No new data to insert.
2025-03-28 16:10:06,914 - INFO - Finished
2025-03-28 16:20:05,721 - INFO - Started
2025-03-28 16:20:05,723 - INFO - Data fetched successfully.
2025-03-28 16:20:06,477 - INFO - Total records fetched: 2171
2025-03-28 16:20:06,542 - INFO - Total tripStartDateMapping records: 342
2025-03-28 16:20:06,542 - INFO - Total Filtered records: 0
2025-03-28 16:20:07,681 - INFO - Filtered records to be inserted into database: 0
2025-03-28 16:20:07,685 - INFO - No new data to insert.
2025-03-28 16:20:07,732 - INFO - Finished
2025-03-28 23:00:06,533 - INFO - Started
2025-03-28 23:00:06,533 - INFO - Data fetched successfully.
2025-03-28 23:00:07,688 - INFO - Total records fetched: 1170
2025-03-28 23:00:08,313 - INFO - Total tripStartDateMapping records: 342
2025-03-28 23:00:08,313 - INFO - Total Filtered records: 5
2025-03-28 23:00:09,434 - INFO - Filtered records to be inserted into database: 5
2025-03-28 23:00:09,555 - INFO - Finished
2025-03-29 11:10:06,006 - INFO - Started
2025-03-29 11:10:06,006 - INFO - Data fetched successfully.
2025-03-29 11:10:07,713 - INFO - Total records fetched: 2567
2025-03-29 11:10:08,267 - INFO - Total tripStartDateMapping records: 342
2025-03-29 11:10:08,267 - INFO - Total Filtered records: 11
2025-03-29 11:10:09,404 - INFO - Filtered records to be inserted into database: 11
2025-03-29 11:10:09,487 - INFO - Finished
2025-03-29 11:20:04,508 - INFO - Started
2025-03-29 11:20:04,537 - INFO - Data fetched successfully.
2025-03-29 11:20:05,178 - INFO - Total records fetched: 2536
2025-03-29 11:20:05,225 - INFO - Total tripStartDateMapping records: 342
2025-03-29 11:20:05,225 - INFO - Total Filtered records: 0
2025-03-29 11:20:06,643 - INFO - Filtered records to be inserted into database: 0
2025-03-29 11:20:06,643 - INFO - No new data to insert.
2025-03-29 11:20:06,758 - INFO - Finished
2025-03-29 11:30:05,514 - INFO - Started
2025-03-29 11:30:05,517 - INFO - Data fetched successfully.
2025-03-29 11:30:05,997 - INFO - Total records fetched: 2497
2025-03-29 11:30:06,043 - INFO - Total tripStartDateMapping records: 342
2025-03-29 11:30:06,043 - INFO - Total Filtered records: 0
2025-03-29 11:30:06,624 - INFO - Filtered records to be inserted into database: 0
2025-03-29 11:30:06,624 - INFO - No new data to insert.
2025-03-29 11:30:06,672 - INFO - Finished
2025-03-29 11:40:04,537 - INFO - Started
2025-03-29 11:40:04,537 - INFO - Data fetched successfully.
2025-03-29 11:40:06,251 - INFO - Total records fetched: 2473
2025-03-29 11:40:06,309 - INFO - Total tripStartDateMapping records: 342
2025-03-29 11:40:06,309 - INFO - Total Filtered records: 0
2025-03-29 11:40:07,788 - INFO - Filtered records to be inserted into database: 0
2025-03-29 11:40:07,788 - INFO - No new data to insert.
2025-03-29 11:40:07,807 - INFO - Finished
2025-03-29 12:10:05,372 - INFO - Started
2025-03-29 12:10:05,373 - INFO - Data fetched successfully.
2025-03-29 12:10:06,219 - INFO - Total records fetched: 2408
2025-03-29 12:10:06,711 - INFO - Total tripStartDateMapping records: 342
2025-03-29 12:10:06,711 - INFO - Total Filtered records: 4
2025-03-29 12:10:07,818 - INFO - Filtered records to be inserted into database: 4
2025-03-29 12:10:07,932 - INFO - Finished
2025-03-29 12:20:14,352 - INFO - Started
2025-03-29 12:20:14,352 - INFO - Data fetched successfully.
2025-03-29 12:20:15,146 - INFO - Total records fetched: 2359
2025-03-29 12:20:15,573 - INFO - Total tripStartDateMapping records: 342
2025-03-29 12:20:15,573 - INFO - Total Filtered records: 2
2025-03-29 12:20:16,881 - INFO - Filtered records to be inserted into database: 2
2025-03-29 12:20:17,141 - INFO - Finished
2025-03-29 12:30:06,552 - INFO - Started
2025-03-29 12:30:06,552 - INFO - Data fetched successfully.
2025-03-29 12:30:07,348 - INFO - Total records fetched: 2321
2025-03-29 12:30:07,420 - INFO - Total tripStartDateMapping records: 342
2025-03-29 12:30:07,425 - INFO - Total Filtered records: 0
2025-03-29 12:30:08,708 - INFO - Filtered records to be inserted into database: 0
2025-03-29 12:30:08,708 - INFO - No new data to insert.
2025-03-29 12:30:08,758 - INFO - Finished
2025-03-29 12:40:08,947 - INFO - Started
2025-03-29 12:40:08,953 - INFO - Data fetched successfully.
2025-03-29 12:40:09,782 - INFO - Total records fetched: 2302
2025-03-29 12:40:09,846 - INFO - Total tripStartDateMapping records: 342
2025-03-29 12:40:09,846 - INFO - Total Filtered records: 0
2025-03-29 12:40:10,912 - INFO - Filtered records to be inserted into database: 0
2025-03-29 12:40:10,931 - INFO - No new data to insert.
2025-03-29 12:40:10,977 - INFO - Finished
2025-03-29 12:50:04,674 - INFO - Started
2025-03-29 12:50:04,675 - INFO - Data fetched successfully.
2025-03-29 12:50:05,060 - INFO - Total records fetched: 2228
2025-03-29 12:50:05,278 - INFO - Total tripStartDateMapping records: 342
2025-03-29 12:50:05,278 - INFO - Total Filtered records: 0
2025-03-29 12:50:05,956 - INFO - Filtered records to be inserted into database: 0
2025-03-29 12:50:05,956 - INFO - No new data to insert.
2025-03-29 12:50:05,987 - INFO - Finished
2025-03-29 13:00:03,934 - INFO - Started
2025-03-29 13:00:03,935 - INFO - Data fetched successfully.
2025-03-29 13:00:04,571 - INFO - Total records fetched: 2145
2025-03-29 13:00:04,813 - INFO - Total tripStartDateMapping records: 342
2025-03-29 13:00:04,813 - INFO - Total Filtered records: 3
2025-03-29 13:00:05,371 - INFO - Filtered records to be inserted into database: 3
2025-03-29 13:00:05,436 - INFO - Finished
2025-03-29 13:10:04,580 - INFO - Started
2025-03-29 13:10:04,581 - INFO - Data fetched successfully.
2025-03-29 13:10:05,198 - INFO - Total records fetched: 2125
2025-03-29 13:10:05,458 - INFO - Total tripStartDateMapping records: 342
2025-03-29 13:10:05,458 - INFO - Total Filtered records: 0
2025-03-29 13:10:05,989 - INFO - Filtered records to be inserted into database: 0
2025-03-29 13:10:05,998 - INFO - No new data to insert.
2025-03-29 13:10:06,034 - INFO - Finished
2025-03-29 13:20:09,337 - INFO - Started
2025-03-29 13:20:09,343 - INFO - Data fetched successfully.
2025-03-29 13:20:10,025 - INFO - Total records fetched: 2083
2025-03-29 13:20:10,082 - INFO - Total tripStartDateMapping records: 342
2025-03-29 13:20:10,082 - INFO - Total Filtered records: 7
2025-03-29 13:20:10,738 - INFO - Filtered records to be inserted into database: 7
2025-03-29 13:20:10,867 - INFO - Finished
2025-03-29 13:30:03,597 - INFO - Started
2025-03-29 13:30:03,597 - INFO - Data fetched successfully.
2025-03-29 13:30:03,758 - INFO - Total records fetched: 0
2025-03-29 13:30:03,803 - INFO - Total tripStartDateMapping records: 342
2025-03-29 13:30:03,803 - INFO - Total Filtered records: 0
2025-03-29 13:30:04,294 - INFO - Filtered records to be inserted into database: 0
2025-03-29 13:30:04,294 - INFO - No new data to insert.
2025-03-29 13:30:04,328 - INFO - Finished
2025-03-29 13:40:10,633 - INFO - Started
2025-03-29 13:40:10,633 - INFO - Data fetched successfully.
2025-03-29 13:40:11,476 - INFO - Total records fetched: 1979
2025-03-29 13:40:11,665 - INFO - Total tripStartDateMapping records: 342
2025-03-29 13:40:11,665 - INFO - Total Filtered records: 1
2025-03-29 13:40:12,281 - INFO - Filtered records to be inserted into database: 1
2025-03-29 13:40:12,328 - INFO - Finished
2025-03-29 13:50:05,598 - INFO - Started
2025-03-29 13:50:05,598 - INFO - Data fetched successfully.
2025-03-29 13:50:06,408 - INFO - Total records fetched: 1968
2025-03-29 13:50:06,623 - INFO - Total tripStartDateMapping records: 342
2025-03-29 13:50:06,623 - INFO - Total Filtered records: 0
2025-03-29 13:50:08,202 - INFO - Filtered records to be inserted into database: 0
2025-03-29 13:50:08,202 - INFO - No new data to insert.
2025-03-29 13:50:08,240 - INFO - Finished
2025-03-29 14:00:07,258 - INFO - Started
2025-03-29 14:00:07,260 - INFO - Data fetched successfully.
2025-03-29 14:00:08,269 - INFO - Total records fetched: 1961
2025-03-29 14:00:08,604 - INFO - Total tripStartDateMapping records: 342
2025-03-29 14:00:08,604 - INFO - Total Filtered records: 0
2025-03-29 14:00:09,942 - INFO - Filtered records to be inserted into database: 0
2025-03-29 14:00:09,942 - INFO - No new data to insert.
2025-03-29 14:00:09,959 - INFO - Finished
2025-03-29 14:10:06,785 - INFO - Started
2025-03-29 14:10:06,792 - INFO - Data fetched successfully.
2025-03-29 14:10:07,440 - INFO - Total records fetched: 1943
2025-03-29 14:10:07,732 - INFO - Total tripStartDateMapping records: 342
2025-03-29 14:10:07,734 - INFO - Total Filtered records: 1
2025-03-29 14:10:09,086 - INFO - Filtered records to be inserted into database: 1
2025-03-29 14:10:09,192 - INFO - Finished
2025-03-29 14:20:06,834 - INFO - Started
2025-03-29 14:20:06,834 - INFO - Data fetched successfully.
2025-03-29 14:20:07,583 - INFO - Total records fetched: 1934
2025-03-29 14:20:07,809 - INFO - Total tripStartDateMapping records: 342
2025-03-29 14:20:07,809 - INFO - Total Filtered records: 0
2025-03-29 14:20:09,344 - INFO - Filtered records to be inserted into database: 0
2025-03-29 14:20:09,344 - INFO - No new data to insert.
2025-03-29 14:20:09,386 - INFO - Finished
2025-03-29 14:30:05,555 - INFO - Started
2025-03-29 14:30:05,555 - INFO - Data fetched successfully.
2025-03-29 14:30:06,282 - INFO - Total records fetched: 1941
2025-03-29 14:30:06,516 - INFO - Total tripStartDateMapping records: 342
2025-03-29 14:30:06,516 - INFO - Total Filtered records: 0
2025-03-29 14:30:07,259 - INFO - Filtered records to be inserted into database: 0
2025-03-29 14:30:07,259 - INFO - No new data to insert.
2025-03-29 14:30:07,276 - INFO - Finished
2025-03-29 14:40:08,428 - INFO - Started
2025-03-29 14:40:08,428 - INFO - Data fetched successfully.
2025-03-29 14:40:09,120 - INFO - Total records fetched: 1946
2025-03-29 14:40:09,256 - INFO - Total tripStartDateMapping records: 342
2025-03-29 14:40:09,256 - INFO - Total Filtered records: 0
2025-03-29 14:40:10,848 - INFO - Filtered records to be inserted into database: 0
2025-03-29 14:40:10,848 - INFO - No new data to insert.
2025-03-29 14:40:10,893 - INFO - Finished
2025-03-29 14:50:04,690 - INFO - Started
2025-03-29 14:50:04,690 - INFO - Data fetched successfully.
2025-03-29 14:50:05,107 - INFO - Total records fetched: 1952
2025-03-29 14:50:05,170 - INFO - Total tripStartDateMapping records: 342
2025-03-29 14:50:05,170 - INFO - Total Filtered records: 0
2025-03-29 14:50:06,335 - INFO - Filtered records to be inserted into database: 0
2025-03-29 14:50:06,335 - INFO - No new data to insert.
2025-03-29 14:50:06,353 - INFO - Finished
2025-03-29 15:00:07,594 - INFO - Started
2025-03-29 15:00:07,594 - INFO - Data fetched successfully.
2025-03-29 15:00:08,652 - INFO - Total records fetched: 1973
2025-03-29 15:00:08,740 - INFO - Total tripStartDateMapping records: 342
2025-03-29 15:00:08,740 - INFO - Total Filtered records: 0
2025-03-29 15:00:09,952 - INFO - Filtered records to be inserted into database: 0
2025-03-29 15:00:09,952 - INFO - No new data to insert.
2025-03-29 15:00:10,024 - INFO - Finished
2025-03-29 15:10:07,209 - INFO - Started
2025-03-29 15:10:07,213 - INFO - Data fetched successfully.
2025-03-29 15:10:07,431 - INFO - Total records fetched: 0
2025-03-29 15:10:07,645 - INFO - Total tripStartDateMapping records: 342
2025-03-29 15:10:07,645 - INFO - Total Filtered records: 0
2025-03-29 15:10:08,950 - INFO - Filtered records to be inserted into database: 0
2025-03-29 15:10:08,950 - INFO - No new data to insert.
2025-03-29 15:10:08,974 - INFO - Finished
2025-03-29 15:20:04,718 - INFO - Started
2025-03-29 15:20:04,719 - INFO - Data fetched successfully.
2025-03-29 15:20:05,338 - INFO - Total records fetched: 1975
2025-03-29 15:20:05,385 - INFO - Total tripStartDateMapping records: 342
2025-03-29 15:20:05,385 - INFO - Total Filtered records: 1
2025-03-29 15:20:05,993 - INFO - Filtered records to be inserted into database: 1
2025-03-29 15:20:06,145 - INFO - Finished
2025-03-29 15:30:04,167 - INFO - Started
2025-03-29 15:30:04,170 - INFO - Data fetched successfully.
2025-03-29 15:30:05,071 - INFO - Total records fetched: 2029
2025-03-29 15:30:05,136 - INFO - Total tripStartDateMapping records: 342
2025-03-29 15:30:05,136 - INFO - Total Filtered records: 0
2025-03-29 15:30:06,359 - INFO - Filtered records to be inserted into database: 0
2025-03-29 15:30:06,359 - INFO - No new data to insert.
2025-03-29 15:30:06,407 - INFO - Finished
2025-03-29 15:40:04,245 - INFO - Started
2025-03-29 15:40:04,245 - INFO - Data fetched successfully.
2025-03-29 15:40:05,050 - INFO - Total records fetched: 2081
2025-03-29 15:40:05,105 - INFO - Total tripStartDateMapping records: 342
2025-03-29 15:40:05,105 - INFO - Total Filtered records: 3
2025-03-29 15:40:06,177 - INFO - Filtered records to be inserted into database: 3
2025-03-29 15:40:06,232 - INFO - Finished
2025-03-29 15:50:04,332 - INFO - Started
2025-03-29 15:50:04,336 - INFO - Data fetched successfully.
2025-03-29 15:50:04,796 - INFO - Total records fetched: 2131
2025-03-29 15:50:04,908 - INFO - Total tripStartDateMapping records: 342
2025-03-29 15:50:04,908 - INFO - Total Filtered records: 1
2025-03-29 15:50:06,017 - INFO - Filtered records to be inserted into database: 1
2025-03-29 15:50:06,063 - INFO - Finished
2025-03-29 16:00:06,963 - INFO - Started
2025-03-29 16:00:06,968 - INFO - Data fetched successfully.
2025-03-29 16:00:07,988 - INFO - Total records fetched: 2149
2025-03-29 16:00:08,297 - INFO - Total tripStartDateMapping records: 342
2025-03-29 16:00:08,299 - INFO - Total Filtered records: 0
2025-03-29 16:00:09,792 - INFO - Filtered records to be inserted into database: 0
2025-03-29 16:00:09,797 - INFO - No new data to insert.
2025-03-29 16:00:09,837 - INFO - Finished
2025-03-29 16:10:06,097 - INFO - Started
2025-03-29 16:10:06,099 - INFO - Data fetched successfully.
2025-03-29 16:10:06,888 - INFO - Total records fetched: 2202
2025-03-29 16:10:07,262 - INFO - Total tripStartDateMapping records: 342
2025-03-29 16:10:07,262 - INFO - Total Filtered records: 0
2025-03-29 16:10:08,463 - INFO - Filtered records to be inserted into database: 0
2025-03-29 16:10:08,463 - INFO - No new data to insert.
2025-03-29 16:10:08,484 - INFO - Finished
2025-03-30 17:00:03,534 - INFO - Started
2025-03-30 17:00:03,534 - INFO - Data fetched successfully.
2025-03-30 17:00:04,435 - INFO - Total records fetched: 2189
2025-03-30 17:00:04,802 - INFO - Total tripStartDateMapping records: 342
2025-03-30 17:00:04,802 - INFO - Total Filtered records: 2
2025-03-30 17:00:05,357 - INFO - Filtered records to be inserted into database: 2
2025-03-30 17:00:05,449 - INFO - Finished
2025-03-30 17:10:05,845 - INFO - Started
2025-03-30 17:10:05,868 - INFO - Data fetched successfully.
2025-03-30 17:10:06,614 - INFO - Total records fetched: 2207
2025-03-30 17:10:06,645 - INFO - Total tripStartDateMapping records: 342
2025-03-30 17:10:06,645 - INFO - Total Filtered records: 0
2025-03-30 17:10:07,396 - INFO - Filtered records to be inserted into database: 0
2025-03-30 17:10:07,398 - INFO - No new data to insert.
2025-03-30 17:10:07,433 - INFO - Finished
2025-03-30 17:20:03,560 - INFO - Started
2025-03-30 17:20:03,561 - INFO - Data fetched successfully.
2025-03-30 17:20:04,228 - INFO - Total records fetched: 2240
2025-03-30 17:20:04,250 - INFO - Total tripStartDateMapping records: 342
2025-03-30 17:20:04,250 - INFO - Total Filtered records: 0
2025-03-30 17:20:04,714 - INFO - Filtered records to be inserted into database: 0
2025-03-30 17:20:04,714 - INFO - No new data to insert.
2025-03-30 17:20:04,742 - INFO - Finished
2025-03-30 18:20:10,340 - INFO - Started
2025-03-30 18:20:10,340 - INFO - Data fetched successfully.
2025-03-30 18:20:11,037 - INFO - Total records fetched: 2351
2025-03-30 18:20:11,446 - INFO - Total tripStartDateMapping records: 342
2025-03-30 18:20:11,446 - INFO - Total Filtered records: 1
2025-03-30 18:20:12,033 - INFO - Filtered records to be inserted into database: 1
2025-03-30 18:20:12,098 - INFO - Finished
2025-03-30 18:30:04,885 - INFO - Started
2025-03-30 18:30:04,885 - INFO - Data fetched successfully.
2025-03-30 18:30:05,477 - INFO - Total records fetched: 2370
2025-03-30 18:30:05,638 - INFO - Total tripStartDateMapping records: 342
2025-03-30 18:30:05,638 - INFO - Total Filtered records: 1
2025-03-30 18:30:06,725 - INFO - Filtered records to be inserted into database: 1
2025-03-30 18:30:06,789 - INFO - Finished
2025-03-30 20:20:07,664 - INFO - Started
2025-03-30 20:20:07,665 - INFO - Data fetched successfully.
2025-03-30 20:20:09,133 - INFO - Total records fetched: 2227
2025-03-30 20:20:09,802 - INFO - Total tripStartDateMapping records: 342
2025-03-30 20:20:09,808 - INFO - Total Filtered records: 1
2025-03-30 20:20:10,697 - INFO - Filtered records to be inserted into database: 1
2025-03-30 20:20:10,800 - INFO - Finished
2025-03-30 20:30:06,020 - INFO - Started
2025-03-30 20:30:06,020 - INFO - Data fetched successfully.
2025-03-30 20:30:06,722 - INFO - Total records fetched: 2191
2025-03-30 20:30:06,814 - INFO - Total tripStartDateMapping records: 342
2025-03-30 20:30:06,814 - INFO - Total Filtered records: 0
2025-03-30 20:30:08,334 - INFO - Filtered records to be inserted into database: 0
2025-03-30 20:30:08,340 - INFO - No new data to insert.
2025-03-30 20:30:08,377 - INFO - Finished
2025-03-30 20:40:05,339 - INFO - Started
2025-03-30 20:40:05,340 - INFO - Data fetched successfully.
2025-03-30 20:40:05,909 - INFO - Total records fetched: 2167
2025-03-30 20:40:05,981 - INFO - Total tripStartDateMapping records: 342
2025-03-30 20:40:05,981 - INFO - Total Filtered records: 0
2025-03-30 20:40:07,179 - INFO - Filtered records to be inserted into database: 0
2025-03-30 20:40:07,179 - INFO - No new data to insert.
2025-03-30 20:40:07,216 - INFO - Finished
2025-03-30 20:50:05,682 - INFO - Started
2025-03-30 20:50:05,682 - INFO - Data fetched successfully.
2025-03-30 20:50:07,397 - INFO - Total records fetched: 2124
2025-03-30 20:50:07,789 - INFO - Total tripStartDateMapping records: 342
2025-03-30 20:50:07,815 - INFO - Total Filtered records: 0
2025-03-30 20:50:09,135 - INFO - Filtered records to be inserted into database: 0
2025-03-30 20:50:09,135 - INFO - No new data to insert.
2025-03-30 20:50:09,186 - INFO - Finished
2025-03-30 21:00:04,113 - INFO - Started
2025-03-30 21:00:04,113 - INFO - Data fetched successfully.
2025-03-30 21:00:04,691 - INFO - Total records fetched: 2030
2025-03-30 21:00:04,767 - INFO - Total tripStartDateMapping records: 342
2025-03-30 21:00:04,768 - INFO - Total Filtered records: 0
2025-03-30 21:00:05,877 - INFO - Filtered records to be inserted into database: 0
2025-03-30 21:00:05,877 - INFO - No new data to insert.
2025-03-30 21:00:05,900 - INFO - Finished
2025-03-30 21:10:04,501 - INFO - Started
2025-03-30 21:10:04,501 - INFO - Data fetched successfully.
2025-03-30 21:10:04,939 - INFO - Total records fetched: 1972
2025-03-30 21:10:05,053 - INFO - Total tripStartDateMapping records: 342
2025-03-30 21:10:05,053 - INFO - Total Filtered records: 0
2025-03-30 21:10:05,976 - INFO - Filtered records to be inserted into database: 0
2025-03-30 21:10:05,976 - INFO - No new data to insert.
2025-03-30 21:10:05,991 - INFO - Finished
2025-03-30 21:20:04,125 - INFO - Started
2025-03-30 21:20:04,125 - INFO - Data fetched successfully.
2025-03-30 21:20:04,537 - INFO - Total records fetched: 1909
2025-03-30 21:20:04,594 - INFO - Total tripStartDateMapping records: 342
2025-03-30 21:20:04,594 - INFO - Total Filtered records: 0
2025-03-30 21:20:05,703 - INFO - Filtered records to be inserted into database: 0
2025-03-30 21:20:05,703 - INFO - No new data to insert.
2025-03-30 21:20:05,719 - INFO - Finished
2025-03-30 21:30:02,821 - INFO - Started
2025-03-30 21:30:02,821 - INFO - Data fetched successfully.
2025-03-30 21:30:03,220 - INFO - Total records fetched: 1825
2025-03-30 21:30:03,287 - INFO - Total tripStartDateMapping records: 342
2025-03-30 21:30:03,287 - INFO - Total Filtered records: 1
2025-03-30 21:30:03,825 - INFO - Filtered records to be inserted into database: 1
2025-03-30 21:30:03,930 - INFO - Finished
2025-03-30 21:40:05,524 - INFO - Started
2025-03-30 21:40:05,531 - INFO - Data fetched successfully.
2025-03-30 21:40:06,162 - INFO - Total records fetched: 1721
2025-03-30 21:40:06,288 - INFO - Total tripStartDateMapping records: 342
2025-03-30 21:40:06,290 - INFO - Total Filtered records: 2
2025-03-30 21:40:07,202 - INFO - Filtered records to be inserted into database: 2
2025-03-30 21:40:07,278 - INFO - Finished
2025-03-30 21:50:05,627 - INFO - Started
2025-03-30 21:50:05,629 - INFO - Data fetched successfully.
2025-03-30 21:50:06,161 - INFO - Total records fetched: 1650
2025-03-30 21:50:06,234 - INFO - Total tripStartDateMapping records: 342
2025-03-30 21:50:06,234 - INFO - Total Filtered records: 0
2025-03-30 21:50:07,410 - INFO - Filtered records to be inserted into database: 0
2025-03-30 21:50:07,411 - INFO - No new data to insert.
2025-03-30 21:50:07,432 - INFO - Finished
2025-03-30 22:00:04,166 - INFO - Started
2025-03-30 22:00:04,166 - INFO - Data fetched successfully.
2025-03-30 22:00:04,750 - INFO - Total records fetched: 1572
2025-03-30 22:00:04,854 - INFO - Total tripStartDateMapping records: 342
2025-03-30 22:00:04,854 - INFO - Total Filtered records: 0
2025-03-30 22:00:05,996 - INFO - Filtered records to be inserted into database: 0
2025-03-30 22:00:05,996 - INFO - No new data to insert.
2025-03-30 22:00:06,013 - INFO - Finished
2025-03-30 22:10:05,501 - INFO - Started
2025-03-30 22:10:05,501 - INFO - Data fetched successfully.
2025-03-30 22:10:05,954 - INFO - Total records fetched: 1474
2025-03-30 22:10:06,034 - INFO - Total tripStartDateMapping records: 342
2025-03-30 22:10:06,034 - INFO - Total Filtered records: 0
2025-03-30 22:10:07,393 - INFO - Filtered records to be inserted into database: 0
2025-03-30 22:10:07,393 - INFO - No new data to insert.
2025-03-30 22:10:07,409 - INFO - Finished
2025-03-30 22:20:03,398 - INFO - Started
2025-03-30 22:20:03,398 - INFO - Data fetched successfully.
2025-03-30 22:20:03,902 - INFO - Total records fetched: 1371
2025-03-30 22:20:03,961 - INFO - Total tripStartDateMapping records: 342
2025-03-30 22:20:03,961 - INFO - Total Filtered records: 0
2025-03-30 22:20:05,013 - INFO - Filtered records to be inserted into database: 0
2025-03-30 22:20:05,013 - INFO - No new data to insert.
2025-03-30 22:20:05,028 - INFO - Finished
2025-03-30 22:30:03,693 - INFO - Started
2025-03-30 22:30:03,693 - INFO - Data fetched successfully.
2025-03-30 22:30:04,130 - INFO - Total records fetched: 1298
2025-03-30 22:30:04,187 - INFO - Total tripStartDateMapping records: 342
2025-03-30 22:30:04,187 - INFO - Total Filtered records: 0
2025-03-30 22:30:05,102 - INFO - Filtered records to be inserted into database: 0
2025-03-30 22:30:05,102 - INFO - No new data to insert.
2025-03-30 22:30:05,115 - INFO - Finished
2025-03-30 22:40:05,535 - INFO - Started
2025-03-30 22:40:05,538 - INFO - Data fetched successfully.
2025-03-30 22:40:06,085 - INFO - Total records fetched: 1237
2025-03-30 22:40:06,138 - INFO - Total tripStartDateMapping records: 342
2025-03-30 22:40:06,138 - INFO - Total Filtered records: 0
2025-03-30 22:40:07,121 - INFO - Filtered records to be inserted into database: 0
2025-03-30 22:40:07,121 - INFO - No new data to insert.
2025-03-30 22:40:07,137 - INFO - Finished
2025-03-30 22:50:04,911 - INFO - Started
2025-03-30 22:50:04,913 - INFO - Data fetched successfully.
2025-03-30 22:50:05,459 - INFO - Total records fetched: 1158
2025-03-30 22:50:05,546 - INFO - Total tripStartDateMapping records: 342
2025-03-30 22:50:05,546 - INFO - Total Filtered records: 0
2025-03-30 22:50:06,554 - INFO - Filtered records to be inserted into database: 0
2025-03-30 22:50:06,554 - INFO - No new data to insert.
2025-03-30 22:50:06,572 - INFO - Finished
2025-03-30 23:00:04,009 - INFO - Started
2025-03-30 23:00:04,009 - INFO - Data fetched successfully.
2025-03-30 23:00:04,541 - INFO - Total records fetched: 1041
2025-03-30 23:00:04,643 - INFO - Total tripStartDateMapping records: 342
2025-03-30 23:00:04,643 - INFO - Total Filtered records: 7
2025-03-30 23:00:05,777 - INFO - Filtered records to be inserted into database: 7
2025-03-30 23:00:05,808 - INFO - Finished
2025-03-31 11:50:04,888 - INFO - Started
2025-03-31 11:50:04,894 - INFO - Data fetched successfully.
2025-03-31 11:50:05,778 - INFO - Total records fetched: 2278
2025-03-31 11:50:06,184 - INFO - Total tripStartDateMapping records: 342
2025-03-31 11:50:06,184 - INFO - Total Filtered records: 7
2025-03-31 11:50:06,867 - INFO - Filtered records to be inserted into database: 7
2025-03-31 11:50:06,963 - INFO - Finished
2025-03-31 12:00:04,279 - INFO - Started
2025-03-31 12:00:04,280 - INFO - Data fetched successfully.
2025-03-31 12:00:04,652 - INFO - Total records fetched: 2260
2025-03-31 12:00:04,686 - INFO - Total tripStartDateMapping records: 342
2025-03-31 12:00:04,687 - INFO - Total Filtered records: 5
2025-03-31 12:00:05,511 - INFO - Filtered records to be inserted into database: 5
2025-03-31 12:00:05,573 - INFO - Finished
2025-03-31 12:20:06,088 - INFO - Started
2025-03-31 12:20:06,090 - INFO - Data fetched successfully.
2025-03-31 12:20:06,588 - INFO - Total records fetched: 2128
2025-03-31 12:20:07,071 - INFO - Total tripStartDateMapping records: 342
2025-03-31 12:20:07,071 - INFO - Total Filtered records: 0
2025-03-31 12:20:08,390 - INFO - Filtered records to be inserted into database: 0
2025-03-31 12:20:08,390 - INFO - No new data to insert.
2025-03-31 12:20:08,422 - INFO - Finished
2025-03-31 12:30:10,724 - INFO - Started
2025-03-31 12:30:10,726 - INFO - Data fetched successfully.
2025-03-31 12:30:11,489 - INFO - Total records fetched: 2105
2025-03-31 12:30:11,836 - INFO - Total tripStartDateMapping records: 342
2025-03-31 12:30:11,836 - INFO - Total Filtered records: 0
2025-03-31 12:30:13,106 - INFO - Filtered records to be inserted into database: 0
2025-03-31 12:30:13,106 - INFO - No new data to insert.
2025-03-31 12:30:13,131 - INFO - Finished
2025-03-31 12:40:08,504 - INFO - Started
2025-03-31 12:40:08,508 - INFO - Data fetched successfully.
2025-03-31 12:40:10,175 - INFO - Total records fetched: 2076
2025-03-31 12:40:10,238 - INFO - Total tripStartDateMapping records: 342
2025-03-31 12:40:10,238 - INFO - Total Filtered records: 1
2025-03-31 12:40:11,369 - INFO - Filtered records to be inserted into database: 1
2025-03-31 12:40:11,663 - INFO - Finished
2025-03-31 12:50:08,498 - INFO - Started
2025-03-31 12:50:08,513 - INFO - Data fetched successfully.
2025-03-31 12:50:08,996 - INFO - Total records fetched: 2029
2025-03-31 12:50:09,329 - INFO - Total tripStartDateMapping records: 342
2025-03-31 12:50:09,329 - INFO - Total Filtered records: 0
2025-03-31 12:50:10,818 - INFO - Filtered records to be inserted into database: 0
2025-03-31 12:50:10,818 - INFO - No new data to insert.
2025-03-31 12:50:10,847 - INFO - Finished
2025-03-31 13:00:05,992 - INFO - Started
2025-03-31 13:00:06,006 - INFO - Data fetched successfully.
2025-03-31 13:00:06,726 - INFO - Total records fetched: 1964
2025-03-31 13:00:06,823 - INFO - Total tripStartDateMapping records: 342
2025-03-31 13:00:06,823 - INFO - Total Filtered records: 1
2025-03-31 13:00:08,245 - INFO - Filtered records to be inserted into database: 1
2025-03-31 13:00:08,735 - INFO - Finished
2025-03-31 13:10:04,479 - INFO - Started
2025-03-31 13:10:04,502 - INFO - Data fetched successfully.
2025-03-31 13:10:05,091 - INFO - Total records fetched: 1921
2025-03-31 13:10:05,234 - INFO - Total tripStartDateMapping records: 342
2025-03-31 13:10:05,234 - INFO - Total Filtered records: 0
2025-03-31 13:10:05,715 - INFO - Filtered records to be inserted into database: 0
2025-03-31 13:10:05,715 - INFO - No new data to insert.
2025-03-31 13:10:05,759 - INFO - Finished
2025-03-31 13:20:05,231 - INFO - Started
2025-03-31 13:20:05,231 - INFO - Data fetched successfully.
2025-03-31 13:20:06,059 - INFO - Total records fetched: 1870
2025-03-31 13:20:06,120 - INFO - Total tripStartDateMapping records: 342
2025-03-31 13:20:06,120 - INFO - Total Filtered records: 3
2025-03-31 13:20:06,846 - INFO - Filtered records to be inserted into database: 3
2025-03-31 13:20:06,939 - INFO - Finished
2025-03-31 13:30:04,159 - INFO - Started
2025-03-31 13:30:04,159 - INFO - Data fetched successfully.
2025-03-31 13:30:04,846 - INFO - Total records fetched: 1812
2025-03-31 13:30:05,036 - INFO - Total tripStartDateMapping records: 342
2025-03-31 13:30:05,036 - INFO - Total Filtered records: 0
2025-03-31 13:30:05,541 - INFO - Filtered records to be inserted into database: 0
2025-03-31 13:30:05,541 - INFO - No new data to insert.
2025-03-31 13:30:05,557 - INFO - Finished
2025-03-31 13:40:03,346 - INFO - Started
2025-03-31 13:40:03,346 - INFO - Data fetched successfully.
2025-03-31 13:40:04,125 - ERROR - An error occurred: ('Connection broken: IncompleteRead(163573 bytes read, 14728 more expected)', IncompleteRead(163573 bytes read, 14728 more expected))
Traceback (most recent call last):
  File "C:\programs\environments\py_312_tut\Lib\site-packages\urllib3\response.py", line 748, in _error_catcher
    yield
  File "C:\programs\environments\py_312_tut\Lib\site-packages\urllib3\response.py", line 894, in _raw_read
    raise IncompleteRead(self._fp_bytes_read, self.length_remaining)
urllib3.exceptions.IncompleteRead: IncompleteRead(163573 bytes read, 14728 more expected)

The above exception was the direct cause of the following exception:

Traceback (most recent call last):
  File "C:\programs\environments\py_312_tut\Lib\site-packages\requests\models.py", line 820, in generate
    yield from self.raw.stream(chunk_size, decode_content=True)
  File "C:\programs\environments\py_312_tut\Lib\site-packages\urllib3\response.py", line 1060, in stream
    data = self.read(amt=amt, decode_content=decode_content)
           ^^^^^^^^^^^^^^^^^^^^^^^^^^^^^^^^^^^^^^^^^^^^^^^^^
  File "C:\programs\environments\py_312_tut\Lib\site-packages\urllib3\response.py", line 977, in read
    data = self._raw_read(amt)
           ^^^^^^^^^^^^^^^^^^^
  File "C:\programs\environments\py_312_tut\Lib\site-packages\urllib3\response.py", line 872, in _raw_read
    with self._error_catcher():
  File "C:\Users\Asus\AppData\Local\Programs\Python\Python312\Lib\contextlib.py", line 158, in __exit__
    self.gen.throw(value)
  File "C:\programs\environments\py_312_tut\Lib\site-packages\urllib3\response.py", line 772, in _error_catcher
    raise ProtocolError(arg, e) from e
urllib3.exceptions.ProtocolError: ('Connection broken: IncompleteRead(163573 bytes read, 14728 more expected)', IncompleteRead(163573 bytes read, 14728 more expected))

During handling of the above exception, another exception occurred:

Traceback (most recent call last):
  File "C:\programs\project_1222086\DTC2025\rt_vehicle_location.py", line 46, in importRealTimeData
    response = requests.get("https://otd.delhi.gov.in/api/realtime/VehiclePositions.pb?key=Wnywij2jOl3N715nQzLAfOiBK4MdJwUe")
               ^^^^^^^^^^^^^^^^^^^^^^^^^^^^^^^^^^^^^^^^^^^^^^^^^^^^^^^^^^^^^^^^^^^^^^^^^^^^^^^^^^^^^^^^^^^^^^^^^^^^^^^^^^^^^^
  File "C:\programs\environments\py_312_tut\Lib\site-packages\requests\api.py", line 73, in get
    return request("get", url, params=params, **kwargs)
           ^^^^^^^^^^^^^^^^^^^^^^^^^^^^^^^^^^^^^^^^^^^^
  File "C:\programs\environments\py_312_tut\Lib\site-packages\requests\api.py", line 59, in request
    return session.request(method=method, url=url, **kwargs)
           ^^^^^^^^^^^^^^^^^^^^^^^^^^^^^^^^^^^^^^^^^^^^^^^^^
  File "C:\programs\environments\py_312_tut\Lib\site-packages\requests\sessions.py", line 589, in request
    resp = self.send(prep, **send_kwargs)
           ^^^^^^^^^^^^^^^^^^^^^^^^^^^^^^
  File "C:\programs\environments\py_312_tut\Lib\site-packages\requests\sessions.py", line 746, in send
    r.content
  File "C:\programs\environments\py_312_tut\Lib\site-packages\requests\models.py", line 902, in content
    self._content = b"".join(self.iter_content(CONTENT_CHUNK_SIZE)) or b""
                    ^^^^^^^^^^^^^^^^^^^^^^^^^^^^^^^^^^^^^^^^^^^^^^^
  File "C:\programs\environments\py_312_tut\Lib\site-packages\requests\models.py", line 822, in generate
    raise ChunkedEncodingError(e)
requests.exceptions.ChunkedEncodingError: ('Connection broken: IncompleteRead(163573 bytes read, 14728 more expected)', IncompleteRead(163573 bytes read, 14728 more expected))
2025-03-31 13:40:04,319 - INFO - Finished
2025-03-31 13:50:03,254 - INFO - Started
2025-03-31 13:50:03,254 - INFO - Data fetched successfully.
2025-03-31 13:50:03,788 - INFO - Total records fetched: 1669
2025-03-31 13:50:03,830 - INFO - Total tripStartDateMapping records: 342
2025-03-31 13:50:03,831 - INFO - Total Filtered records: 0
2025-03-31 13:50:04,408 - INFO - Filtered records to be inserted into database: 0
2025-03-31 13:50:04,408 - INFO - No new data to insert.
2025-03-31 13:50:04,415 - INFO - Finished
2025-03-31 14:00:08,063 - INFO - Started
2025-03-31 14:00:08,093 - INFO - Data fetched successfully.
2025-03-31 14:00:08,460 - INFO - Total records fetched: 1641
2025-03-31 14:00:08,603 - INFO - Total tripStartDateMapping records: 342
2025-03-31 14:00:08,603 - INFO - Total Filtered records: 0
2025-03-31 14:00:09,136 - INFO - Filtered records to be inserted into database: 0
2025-03-31 14:00:09,140 - INFO - No new data to insert.
2025-03-31 14:00:09,142 - INFO - Finished
2025-03-31 14:10:06,235 - INFO - Started
2025-03-31 14:10:06,235 - INFO - Data fetched successfully.
2025-03-31 14:10:06,911 - INFO - Total records fetched: 1670
2025-03-31 14:10:07,110 - INFO - Total tripStartDateMapping records: 342
2025-03-31 14:10:07,110 - INFO - Total Filtered records: 1
2025-03-31 14:10:08,238 - INFO - Filtered records to be inserted into database: 1
2025-03-31 14:10:08,343 - INFO - Finished
2025-03-31 14:20:06,274 - INFO - Started
2025-03-31 14:20:06,275 - INFO - Data fetched successfully.
2025-03-31 14:20:06,959 - INFO - Total records fetched: 1638
2025-03-31 14:20:07,257 - INFO - Total tripStartDateMapping records: 342
2025-03-31 14:20:07,258 - INFO - Total Filtered records: 0
2025-03-31 14:20:08,457 - INFO - Filtered records to be inserted into database: 0
2025-03-31 14:20:08,457 - INFO - No new data to insert.
2025-03-31 14:20:08,525 - INFO - Finished
2025-03-31 14:30:06,420 - INFO - Started
2025-03-31 14:30:06,424 - INFO - Data fetched successfully.
2025-03-31 14:30:07,071 - INFO - Total records fetched: 1621
2025-03-31 14:30:07,292 - INFO - Total tripStartDateMapping records: 342
2025-03-31 14:30:07,292 - INFO - Total Filtered records: 0
2025-03-31 14:30:08,375 - INFO - Filtered records to be inserted into database: 0
2025-03-31 14:30:08,375 - INFO - No new data to insert.
2025-03-31 14:30:08,424 - INFO - Finished
2025-03-31 14:40:05,807 - INFO - Started
2025-03-31 14:40:05,807 - INFO - Data fetched successfully.
2025-03-31 14:40:06,387 - INFO - Total records fetched: 1617
2025-03-31 14:40:06,610 - INFO - Total tripStartDateMapping records: 342
2025-03-31 14:40:06,610 - INFO - Total Filtered records: 0
2025-03-31 14:40:07,772 - INFO - Filtered records to be inserted into database: 0
2025-03-31 14:40:07,772 - INFO - No new data to insert.
2025-03-31 14:40:07,798 - INFO - Finished
2025-03-31 14:50:06,270 - INFO - Started
2025-03-31 14:50:06,273 - INFO - Data fetched successfully.
2025-03-31 14:50:06,764 - INFO - Total records fetched: 1643
2025-03-31 14:50:07,079 - INFO - Total tripStartDateMapping records: 342
2025-03-31 14:50:07,079 - INFO - Total Filtered records: 0
2025-03-31 14:50:08,388 - INFO - Filtered records to be inserted into database: 0
2025-03-31 14:50:08,388 - INFO - No new data to insert.
2025-03-31 14:50:08,442 - INFO - Finished
2025-03-31 15:00:05,041 - INFO - Started
2025-03-31 15:00:05,041 - INFO - Data fetched successfully.
2025-03-31 15:00:05,704 - INFO - Total records fetched: 1642
2025-03-31 15:00:05,777 - INFO - Total tripStartDateMapping records: 342
2025-03-31 15:00:05,783 - INFO - Total Filtered records: 0
2025-03-31 15:00:07,147 - INFO - Filtered records to be inserted into database: 0
2025-03-31 15:00:07,158 - INFO - No new data to insert.
2025-03-31 15:00:07,226 - INFO - Finished
2025-03-31 15:10:11,851 - INFO - Started
2025-03-31 15:10:11,851 - INFO - Data fetched successfully.
2025-03-31 15:10:12,469 - INFO - Total records fetched: 1678
2025-03-31 15:10:12,657 - INFO - Total tripStartDateMapping records: 342
2025-03-31 15:10:12,657 - INFO - Total Filtered records: 0
2025-03-31 15:10:13,766 - INFO - Filtered records to be inserted into database: 0
2025-03-31 15:10:13,783 - INFO - No new data to insert.
2025-03-31 15:10:13,808 - INFO - Finished
2025-03-31 15:20:05,365 - INFO - Started
2025-03-31 15:20:05,366 - INFO - Data fetched successfully.
2025-03-31 15:20:05,954 - INFO - Total records fetched: 1713
2025-03-31 15:20:06,075 - INFO - Total tripStartDateMapping records: 342
2025-03-31 15:20:06,075 - INFO - Total Filtered records: 1
2025-03-31 15:20:06,996 - INFO - Filtered records to be inserted into database: 1
2025-03-31 15:20:07,133 - INFO - Finished
2025-03-31 15:30:05,752 - INFO - Started
2025-03-31 15:30:05,752 - INFO - Data fetched successfully.
2025-03-31 15:30:06,397 - INFO - Total records fetched: 1730
2025-03-31 15:30:06,475 - INFO - Total tripStartDateMapping records: 342
2025-03-31 15:30:06,475 - INFO - Total Filtered records: 0
2025-03-31 15:30:07,809 - INFO - Filtered records to be inserted into database: 0
2025-03-31 15:30:07,809 - INFO - No new data to insert.
2025-03-31 15:30:07,838 - INFO - Finished
2025-03-31 15:40:05,661 - INFO - Started
2025-03-31 15:40:05,661 - INFO - Data fetched successfully.
2025-03-31 15:40:06,252 - INFO - Total records fetched: 1796
2025-03-31 15:40:06,308 - INFO - Total tripStartDateMapping records: 342
2025-03-31 15:40:06,309 - INFO - Total Filtered records: 4
2025-03-31 15:40:07,605 - INFO - Filtered records to be inserted into database: 4
2025-03-31 15:40:07,754 - INFO - Finished
2025-03-31 15:50:06,849 - INFO - Started
2025-03-31 15:50:06,849 - INFO - Data fetched successfully.
2025-03-31 15:50:07,578 - INFO - Total records fetched: 1836
2025-03-31 15:50:07,817 - INFO - Total tripStartDateMapping records: 342
2025-03-31 15:50:07,817 - INFO - Total Filtered records: 2
2025-03-31 15:50:08,961 - INFO - Filtered records to be inserted into database: 2
2025-03-31 15:50:09,101 - INFO - Finished
2025-03-31 16:00:10,692 - INFO - Started
2025-03-31 16:00:10,694 - INFO - Data fetched successfully.
2025-03-31 16:00:11,249 - INFO - Total records fetched: 1918
2025-03-31 16:00:11,526 - INFO - Total tripStartDateMapping records: 342
2025-03-31 16:00:11,526 - INFO - Total Filtered records: 0
2025-03-31 16:00:12,868 - INFO - Filtered records to be inserted into database: 0
2025-03-31 16:00:12,868 - INFO - No new data to insert.
2025-03-31 16:00:12,894 - INFO - Finished
2025-03-31 16:10:09,880 - INFO - Started
2025-03-31 16:10:09,880 - INFO - Data fetched successfully.
2025-03-31 16:10:10,898 - INFO - Total records fetched: 1937
2025-03-31 16:10:11,017 - INFO - Total tripStartDateMapping records: 342
2025-03-31 16:10:11,018 - INFO - Total Filtered records: 0
2025-03-31 16:10:11,997 - INFO - Filtered records to be inserted into database: 0
2025-03-31 16:10:11,997 - INFO - No new data to insert.
2025-03-31 16:10:12,058 - INFO - Finished
2025-03-31 16:20:06,872 - INFO - Started
2025-03-31 16:20:06,872 - INFO - Data fetched successfully.
2025-03-31 16:20:07,300 - INFO - Total records fetched: 2024
2025-03-31 16:20:07,620 - INFO - Total tripStartDateMapping records: 342
2025-03-31 16:20:07,620 - INFO - Total Filtered records: 0
2025-03-31 16:20:08,953 - INFO - Filtered records to be inserted into database: 0
2025-03-31 16:20:08,953 - INFO - No new data to insert.
2025-03-31 16:20:09,025 - INFO - Finished
2025-04-01 12:21:19,596 - INFO - Started
2025-04-01 12:21:19,632 - INFO - Data fetched successfully.
2025-04-01 12:21:20,437 - INFO - Total records fetched: 2379
2025-04-01 12:21:21,174 - INFO - Total tripStartDateMapping records: 342
2025-04-01 12:21:21,174 - INFO - Total Filtered records: 13
2025-04-01 12:21:22,102 - INFO - Filtered records to be inserted into database: 13
2025-04-01 12:21:22,283 - INFO - Finished
2025-04-01 12:30:04,273 - INFO - Started
2025-04-01 12:30:04,343 - INFO - Data fetched successfully.
2025-04-01 12:30:04,947 - INFO - Total records fetched: 2311
2025-04-01 12:30:05,202 - INFO - Total tripStartDateMapping records: 342
2025-04-01 12:30:05,202 - INFO - Total Filtered records: 0
2025-04-01 12:30:05,909 - INFO - Filtered records to be inserted into database: 0
2025-04-01 12:30:05,909 - INFO - No new data to insert.
2025-04-01 12:30:05,956 - INFO - Finished
2025-04-01 12:40:04,257 - INFO - Started
2025-04-01 12:40:04,257 - INFO - Data fetched successfully.
2025-04-01 12:40:04,943 - INFO - Total records fetched: 2284
2025-04-01 12:40:05,086 - INFO - Total tripStartDateMapping records: 342
2025-04-01 12:40:05,086 - INFO - Total Filtered records: 1
2025-04-01 12:40:05,658 - INFO - Filtered records to be inserted into database: 1
2025-04-01 12:40:05,760 - INFO - Finished
2025-04-01 12:50:04,629 - INFO - Started
2025-04-01 12:50:04,632 - INFO - Data fetched successfully.
2025-04-01 12:50:05,221 - INFO - Total records fetched: 2224
2025-04-01 12:50:05,422 - INFO - Total tripStartDateMapping records: 342
2025-04-01 12:50:05,423 - INFO - Total Filtered records: 0
2025-04-01 12:50:06,003 - INFO - Filtered records to be inserted into database: 0
2025-04-01 12:50:06,006 - INFO - No new data to insert.
2025-04-01 12:50:06,039 - INFO - Finished
2025-04-01 13:00:04,002 - INFO - Started
2025-04-01 13:00:04,003 - INFO - Data fetched successfully.
2025-04-01 13:00:04,693 - INFO - Total records fetched: 2132
2025-04-01 13:00:04,765 - INFO - Total tripStartDateMapping records: 342
2025-04-01 13:00:04,765 - INFO - Total Filtered records: 1
2025-04-01 13:00:05,259 - INFO - Filtered records to be inserted into database: 1
2025-04-01 13:00:05,387 - INFO - Finished
2025-04-01 13:10:04,122 - INFO - Started
2025-04-01 13:10:04,124 - INFO - Data fetched successfully.
2025-04-01 13:10:04,814 - INFO - Total records fetched: 2092
2025-04-01 13:10:04,898 - INFO - Total tripStartDateMapping records: 342
2025-04-01 13:10:04,898 - INFO - Total Filtered records: 1
2025-04-01 13:10:06,054 - INFO - Filtered records to be inserted into database: 1
2025-04-01 13:10:06,134 - INFO - Finished
2025-04-01 13:20:05,385 - INFO - Started
2025-04-01 13:20:05,398 - INFO - Data fetched successfully.
2025-04-01 13:20:06,057 - INFO - Total records fetched: 1951
2025-04-01 13:20:06,291 - INFO - Total tripStartDateMapping records: 342
2025-04-01 13:20:06,291 - INFO - Total Filtered records: 10
2025-04-01 13:20:07,393 - INFO - Filtered records to be inserted into database: 10
2025-04-01 13:20:07,492 - INFO - Finished
2025-04-01 13:30:06,189 - INFO - Started
2025-04-01 13:30:06,190 - INFO - Data fetched successfully.
2025-04-01 13:30:06,889 - INFO - Total records fetched: 2015
2025-04-01 13:30:07,151 - INFO - Total tripStartDateMapping records: 342
2025-04-01 13:30:07,151 - INFO - Total Filtered records: 0
2025-04-01 13:30:08,520 - INFO - Filtered records to be inserted into database: 0
2025-04-01 13:30:08,520 - INFO - No new data to insert.
2025-04-01 13:30:08,558 - INFO - Finished
2025-04-01 13:40:04,988 - INFO - Started
2025-04-01 13:40:04,990 - INFO - Data fetched successfully.
2025-04-01 13:40:05,613 - INFO - Total records fetched: 1968
2025-04-01 13:40:05,779 - INFO - Total tripStartDateMapping records: 342
2025-04-01 13:40:05,779 - INFO - Total Filtered records: 0
2025-04-01 13:40:06,624 - INFO - Filtered records to be inserted into database: 0
2025-04-01 13:40:06,624 - INFO - No new data to insert.
2025-04-01 13:40:06,642 - INFO - Finished
2025-04-01 13:50:08,502 - INFO - Started
2025-04-01 13:50:08,675 - INFO - Data fetched successfully.
2025-04-01 13:50:09,829 - INFO - Total records fetched: 1933
2025-04-01 13:50:09,942 - INFO - Total tripStartDateMapping records: 342
2025-04-01 13:50:09,943 - INFO - Total Filtered records: 0
2025-04-01 13:50:11,788 - INFO - Filtered records to be inserted into database: 0
2025-04-01 13:50:11,788 - INFO - No new data to insert.
2025-04-01 13:50:11,809 - INFO - Finished
2025-04-01 14:00:05,892 - INFO - Started
2025-04-01 14:00:05,895 - INFO - Data fetched successfully.
2025-04-01 14:00:06,579 - INFO - Total records fetched: 1908
2025-04-01 14:00:06,680 - INFO - Total tripStartDateMapping records: 342
2025-04-01 14:00:06,680 - INFO - Total Filtered records: 0
2025-04-01 14:00:08,164 - INFO - Filtered records to be inserted into database: 0
2025-04-01 14:00:08,164 - INFO - No new data to insert.
2025-04-01 14:00:08,188 - INFO - Finished
2025-04-01 14:10:06,224 - INFO - Started
2025-04-01 14:10:06,224 - INFO - Data fetched successfully.
2025-04-01 14:10:07,119 - INFO - Total records fetched: 1864
2025-04-01 14:10:07,338 - INFO - Total tripStartDateMapping records: 342
2025-04-01 14:10:07,338 - INFO - Total Filtered records: 1
2025-04-01 14:10:08,437 - INFO - Filtered records to be inserted into database: 1
2025-04-01 14:10:08,566 - INFO - Finished
2025-04-01 14:20:06,332 - INFO - Started
2025-04-01 14:20:06,332 - INFO - Data fetched successfully.
2025-04-01 14:20:07,026 - INFO - Total records fetched: 1847
2025-04-01 14:20:07,385 - INFO - Total tripStartDateMapping records: 342
2025-04-01 14:20:07,385 - INFO - Total Filtered records: 5
2025-04-01 14:20:08,557 - INFO - Filtered records to be inserted into database: 5
2025-04-01 14:20:08,743 - INFO - Finished
2025-04-01 14:30:06,701 - INFO - Started
2025-04-01 14:30:06,701 - INFO - Data fetched successfully.
2025-04-01 14:30:07,671 - INFO - Total records fetched: 1818
2025-04-01 14:30:07,925 - INFO - Total tripStartDateMapping records: 342
2025-04-01 14:30:07,925 - INFO - Total Filtered records: 0
2025-04-01 14:30:09,082 - INFO - Filtered records to be inserted into database: 0
2025-04-01 14:30:09,082 - INFO - No new data to insert.
2025-04-01 14:30:09,104 - INFO - Finished
2025-04-01 14:40:06,343 - INFO - Started
2025-04-01 14:40:06,347 - INFO - Data fetched successfully.
2025-04-01 14:40:06,915 - INFO - Total records fetched: 1823
2025-04-01 14:40:07,267 - INFO - Total tripStartDateMapping records: 342
2025-04-01 14:40:07,267 - INFO - Total Filtered records: 0
2025-04-01 14:40:08,423 - INFO - Filtered records to be inserted into database: 0
2025-04-01 14:40:08,429 - INFO - No new data to insert.
2025-04-01 14:40:08,479 - INFO - Finished
2025-04-01 14:50:03,984 - INFO - Started
2025-04-01 14:50:03,985 - INFO - Data fetched successfully.
2025-04-01 14:50:04,636 - INFO - Total records fetched: 1835
2025-04-01 14:50:04,865 - INFO - Total tripStartDateMapping records: 342
2025-04-01 14:50:04,865 - INFO - Total Filtered records: 0
2025-04-01 14:50:05,354 - INFO - Filtered records to be inserted into database: 0
2025-04-01 14:50:05,370 - INFO - No new data to insert.
2025-04-01 14:50:05,501 - INFO - Finished
2025-04-01 15:00:04,412 - INFO - Started
2025-04-01 15:00:04,413 - INFO - Data fetched successfully.
2025-04-01 15:00:04,950 - INFO - Total records fetched: 1854
2025-04-01 15:00:05,240 - INFO - Total tripStartDateMapping records: 342
2025-04-01 15:00:05,242 - INFO - Total Filtered records: 0
2025-04-01 15:00:05,727 - INFO - Filtered records to be inserted into database: 0
2025-04-01 15:00:05,727 - INFO - No new data to insert.
2025-04-01 15:00:05,762 - INFO - Finished
2025-04-01 15:10:05,457 - INFO - Started
2025-04-01 15:10:05,459 - INFO - Data fetched successfully.
2025-04-01 15:10:06,063 - INFO - Total records fetched: 1845
2025-04-01 15:10:06,128 - INFO - Total tripStartDateMapping records: 342
2025-04-01 15:10:06,128 - INFO - Total Filtered records: 0
2025-04-01 15:10:06,683 - INFO - Filtered records to be inserted into database: 0
2025-04-01 15:10:06,695 - INFO - No new data to insert.
2025-04-01 15:10:06,727 - INFO - Finished
2025-04-01 15:20:04,098 - INFO - Started
2025-04-01 15:20:04,098 - INFO - Data fetched successfully.
2025-04-01 15:20:04,705 - INFO - Total records fetched: 1859
2025-04-01 15:20:04,783 - INFO - Total tripStartDateMapping records: 342
2025-04-01 15:20:04,783 - INFO - Total Filtered records: 0
2025-04-01 15:20:05,259 - INFO - Filtered records to be inserted into database: 0
2025-04-01 15:20:05,259 - INFO - No new data to insert.
2025-04-01 15:20:05,279 - INFO - Finished
2025-04-01 15:30:03,642 - INFO - Started
2025-04-01 15:30:03,642 - INFO - Data fetched successfully.
2025-04-01 15:30:04,258 - INFO - Total records fetched: 1908
2025-04-01 15:30:04,298 - INFO - Total tripStartDateMapping records: 342
2025-04-01 15:30:04,298 - INFO - Total Filtered records: 0
2025-04-01 15:30:04,776 - INFO - Filtered records to be inserted into database: 0
2025-04-01 15:30:04,792 - INFO - No new data to insert.
2025-04-01 15:30:04,823 - INFO - Finished
2025-04-01 15:40:06,997 - INFO - Started
2025-04-01 15:40:06,997 - INFO - Data fetched successfully.
2025-04-01 15:40:07,495 - INFO - Total records fetched: 1915
2025-04-01 15:40:07,720 - INFO - Total tripStartDateMapping records: 342
2025-04-01 15:40:07,720 - INFO - Total Filtered records: 3
2025-04-01 15:40:08,759 - INFO - Filtered records to be inserted into database: 3
2025-04-01 15:40:08,878 - INFO - Finished
2025-04-01 15:50:07,272 - INFO - Started
2025-04-01 15:50:07,272 - INFO - Data fetched successfully.
2025-04-01 15:50:08,027 - INFO - Total records fetched: 1961
2025-04-01 15:50:08,122 - INFO - Total tripStartDateMapping records: 342
2025-04-01 15:50:08,122 - INFO - Total Filtered records: 5
2025-04-01 15:50:09,677 - INFO - Filtered records to be inserted into database: 5
2025-04-01 15:50:09,748 - INFO - Finished
2025-04-01 16:00:07,560 - INFO - Started
2025-04-01 16:00:07,560 - INFO - Data fetched successfully.
2025-04-01 16:00:08,293 - INFO - Total records fetched: 1996
2025-04-01 16:00:08,404 - INFO - Total tripStartDateMapping records: 342
2025-04-01 16:00:08,404 - INFO - Total Filtered records: 0
2025-04-01 16:00:09,745 - INFO - Filtered records to be inserted into database: 0
2025-04-01 16:00:09,751 - INFO - No new data to insert.
2025-04-01 16:00:09,827 - INFO - Finished
2025-04-01 16:10:05,927 - INFO - Started
2025-04-01 16:10:05,927 - INFO - Data fetched successfully.
2025-04-01 16:10:06,734 - INFO - Total records fetched: 2038
2025-04-01 16:10:06,777 - INFO - Total tripStartDateMapping records: 342
2025-04-01 16:10:06,777 - INFO - Total Filtered records: 0
2025-04-01 16:10:08,027 - INFO - Filtered records to be inserted into database: 0
2025-04-01 16:10:08,028 - INFO - No new data to insert.
2025-04-01 16:10:08,043 - INFO - Finished
2025-04-01 16:20:07,919 - INFO - Started
2025-04-01 16:20:07,919 - INFO - Data fetched successfully.
2025-04-01 16:20:08,737 - INFO - Total records fetched: 2114
2025-04-01 16:20:09,016 - INFO - Total tripStartDateMapping records: 342
2025-04-01 16:20:09,018 - INFO - Total Filtered records: 0
2025-04-01 16:20:10,624 - INFO - Filtered records to be inserted into database: 0
2025-04-01 16:20:10,626 - INFO - No new data to insert.
2025-04-01 16:20:10,650 - INFO - Finished
2025-04-02 11:10:06,222 - INFO - Started
2025-04-02 11:10:06,222 - INFO - Data fetched successfully.
2025-04-02 11:10:07,356 - INFO - Total records fetched: 2610
2025-04-02 11:10:07,979 - INFO - Total tripStartDateMapping records: 342
2025-04-02 11:10:07,979 - INFO - Total Filtered records: 7
2025-04-02 11:10:09,221 - INFO - Filtered records to be inserted into database: 7
2025-04-02 11:10:09,320 - INFO - Finished
2025-04-02 11:20:05,264 - INFO - Started
2025-04-02 11:20:05,287 - INFO - Data fetched successfully.
2025-04-02 11:20:06,783 - INFO - Total records fetched: 2607
2025-04-02 11:20:07,143 - INFO - Total tripStartDateMapping records: 342
2025-04-02 11:20:07,143 - INFO - Total Filtered records: 0
2025-04-02 11:20:08,189 - INFO - Filtered records to be inserted into database: 0
2025-04-02 11:20:08,191 - INFO - No new data to insert.
2025-04-02 11:20:08,229 - INFO - Finished
2025-04-02 11:30:05,707 - INFO - Started
2025-04-02 11:30:05,713 - INFO - Data fetched successfully.
2025-04-02 11:30:06,343 - INFO - Total records fetched: 2580
2025-04-02 11:30:06,678 - INFO - Total tripStartDateMapping records: 342
2025-04-02 11:30:06,685 - INFO - Total Filtered records: 1
2025-04-02 11:30:07,835 - INFO - Filtered records to be inserted into database: 1
2025-04-02 11:30:07,957 - INFO - Finished
2025-04-02 11:40:09,693 - INFO - Started
2025-04-02 11:40:09,694 - INFO - Data fetched successfully.
2025-04-02 11:40:10,399 - INFO - Total records fetched: 2522
2025-04-02 11:40:10,461 - INFO - Total tripStartDateMapping records: 342
2025-04-02 11:40:10,464 - INFO - Total Filtered records: 0
2025-04-02 11:40:11,833 - INFO - Filtered records to be inserted into database: 0
2025-04-02 11:40:11,841 - INFO - No new data to insert.
2025-04-02 11:40:11,862 - INFO - Finished
2025-04-02 11:50:06,282 - INFO - Started
2025-04-02 11:50:06,282 - INFO - Data fetched successfully.
2025-04-02 11:50:06,544 - INFO - Total records fetched: 154
2025-04-02 11:50:06,824 - INFO - Total tripStartDateMapping records: 342
2025-04-02 11:50:06,824 - INFO - Total Filtered records: 0
2025-04-02 11:50:08,125 - INFO - Filtered records to be inserted into database: 0
2025-04-02 11:50:08,129 - INFO - No new data to insert.
2025-04-02 11:50:08,170 - INFO - Finished
2025-04-02 12:20:05,456 - INFO - Started
2025-04-02 12:20:05,456 - INFO - Data fetched successfully.
2025-04-02 12:20:05,991 - INFO - Total records fetched: 2394
2025-04-02 12:20:06,644 - INFO - Total tripStartDateMapping records: 342
2025-04-02 12:20:06,646 - INFO - Total Filtered records: 6
2025-04-02 12:20:08,004 - INFO - Filtered records to be inserted into database: 6
2025-04-02 12:20:08,191 - INFO - Finished
2025-04-02 12:30:04,538 - INFO - Started
2025-04-02 12:30:04,538 - INFO - Data fetched successfully.
2025-04-02 12:30:05,147 - INFO - Total records fetched: 1824
2025-04-02 12:30:05,226 - INFO - Total tripStartDateMapping records: 342
2025-04-02 12:30:05,226 - INFO - Total Filtered records: 1
2025-04-02 12:30:05,725 - INFO - Filtered records to be inserted into database: 1
2025-04-02 12:30:05,788 - INFO - Finished
2025-04-02 12:40:03,674 - INFO - Started
2025-04-02 12:40:03,674 - INFO - Data fetched successfully.
2025-04-02 12:40:04,267 - INFO - Total records fetched: 2320
2025-04-02 12:40:04,495 - INFO - Total tripStartDateMapping records: 342
2025-04-02 12:40:04,495 - INFO - Total Filtered records: 0
2025-04-02 12:40:04,998 - INFO - Filtered records to be inserted into database: 0
2025-04-02 12:40:05,001 - INFO - No new data to insert.
2025-04-02 12:40:05,027 - INFO - Finished
2025-04-02 12:50:03,625 - INFO - Started
2025-04-02 12:50:03,626 - INFO - Data fetched successfully.
2025-04-02 12:50:04,263 - INFO - Total records fetched: 2214
2025-04-02 12:50:04,358 - INFO - Total tripStartDateMapping records: 342
2025-04-02 12:50:04,358 - INFO - Total Filtered records: 0
2025-04-02 12:50:05,247 - INFO - Filtered records to be inserted into database: 0
2025-04-02 12:50:05,249 - INFO - No new data to insert.
2025-04-02 12:50:05,274 - INFO - Finished
2025-04-02 13:10:03,657 - INFO - Started
2025-04-02 13:10:03,670 - INFO - Data fetched successfully.
2025-04-02 13:10:04,241 - INFO - Total records fetched: 2116
2025-04-02 13:10:04,460 - INFO - Total tripStartDateMapping records: 342
2025-04-02 13:10:04,460 - INFO - Total Filtered records: 0
2025-04-02 13:10:04,940 - INFO - Filtered records to be inserted into database: 0
2025-04-02 13:10:04,940 - INFO - No new data to insert.
2025-04-02 13:10:04,952 - INFO - Finished
2025-04-02 13:30:06,325 - INFO - Started
2025-04-02 13:30:06,325 - INFO - Data fetched successfully.
2025-04-02 13:30:06,808 - INFO - Total records fetched: 2029
2025-04-02 13:30:07,169 - INFO - Total tripStartDateMapping records: 342
2025-04-02 13:30:07,169 - INFO - Total Filtered records: 5
2025-04-02 13:30:08,218 - INFO - Filtered records to be inserted into database: 5
2025-04-02 13:30:08,326 - INFO - Finished
2025-04-02 13:40:05,960 - INFO - Started
2025-04-02 13:40:05,960 - INFO - Data fetched successfully.
2025-04-02 13:40:06,514 - INFO - Total records fetched: 0
2025-04-02 13:40:06,881 - INFO - Total tripStartDateMapping records: 342
2025-04-02 13:40:06,881 - INFO - Total Filtered records: 0
2025-04-02 13:40:08,019 - INFO - Filtered records to be inserted into database: 0
2025-04-02 13:40:08,019 - INFO - No new data to insert.
2025-04-02 13:40:08,065 - INFO - Finished
2025-04-02 14:00:05,286 - INFO - Started
2025-04-02 14:00:05,286 - INFO - Data fetched successfully.
2025-04-02 14:00:06,147 - INFO - Total records fetched: 1929
2025-04-02 14:00:06,488 - INFO - Total tripStartDateMapping records: 342
2025-04-02 14:00:06,488 - INFO - Total Filtered records: 1
2025-04-02 14:00:07,692 - INFO - Filtered records to be inserted into database: 1
2025-04-02 14:00:07,923 - INFO - Finished
2025-04-02 14:10:13,002 - INFO - Started
2025-04-02 14:10:13,002 - INFO - Data fetched successfully.
2025-04-02 14:10:13,800 - INFO - Total records fetched: 1903
2025-04-02 14:10:14,136 - INFO - Total tripStartDateMapping records: 342
2025-04-02 14:10:14,136 - INFO - Total Filtered records: 1
2025-04-02 14:10:15,421 - INFO - Filtered records to be inserted into database: 1
2025-04-02 14:10:15,504 - INFO - Finished
2025-04-02 14:20:08,211 - INFO - Started
2025-04-02 14:20:08,214 - INFO - Data fetched successfully.
2025-04-02 14:20:09,058 - INFO - Total records fetched: 1902
2025-04-02 14:20:09,322 - INFO - Total tripStartDateMapping records: 342
2025-04-02 14:20:09,322 - INFO - Total Filtered records: 0
2025-04-02 14:20:10,570 - INFO - Filtered records to be inserted into database: 0
2025-04-02 14:20:10,570 - INFO - No new data to insert.
2025-04-02 14:20:10,588 - INFO - Finished
2025-04-02 14:30:07,850 - INFO - Started
2025-04-02 14:30:07,875 - INFO - Data fetched successfully.
2025-04-02 14:30:08,958 - INFO - Total records fetched: 1867
2025-04-02 14:30:09,155 - INFO - Total tripStartDateMapping records: 342
2025-04-02 14:30:09,155 - INFO - Total Filtered records: 0
2025-04-02 14:30:10,248 - INFO - Filtered records to be inserted into database: 0
2025-04-02 14:30:10,255 - INFO - No new data to insert.
2025-04-02 14:30:10,271 - INFO - Finished
2025-04-02 14:40:11,315 - INFO - Started
2025-04-02 14:40:11,317 - INFO - Data fetched successfully.
2025-04-02 14:40:11,946 - INFO - Total records fetched: 0
2025-04-02 14:40:12,221 - INFO - Total tripStartDateMapping records: 342
2025-04-02 14:40:12,221 - INFO - Total Filtered records: 0
2025-04-02 14:40:13,703 - INFO - Filtered records to be inserted into database: 0
2025-04-02 14:40:13,709 - INFO - No new data to insert.
2025-04-02 14:40:13,719 - INFO - Finished
2025-04-02 14:50:05,924 - INFO - Started
2025-04-02 14:50:05,924 - INFO - Data fetched successfully.
2025-04-02 14:50:06,679 - INFO - Total records fetched: 1867
2025-04-02 14:50:06,911 - INFO - Total tripStartDateMapping records: 342
2025-04-02 14:50:06,917 - INFO - Total Filtered records: 0
2025-04-02 14:50:07,978 - INFO - Filtered records to be inserted into database: 0
2025-04-02 14:50:07,980 - INFO - No new data to insert.
2025-04-02 14:50:08,015 - INFO - Finished
2025-04-02 15:00:05,555 - INFO - Started
2025-04-02 15:00:05,556 - INFO - Data fetched successfully.
2025-04-02 15:00:06,947 - ERROR - An error occurred: ('Connection broken: IncompleteRead(163573 bytes read, 26155 more expected)', IncompleteRead(163573 bytes read, 26155 more expected))
Traceback (most recent call last):
  File "C:\programs\environments\py_312_tut\Lib\site-packages\urllib3\response.py", line 748, in _error_catcher
    yield
  File "C:\programs\environments\py_312_tut\Lib\site-packages\urllib3\response.py", line 894, in _raw_read
    raise IncompleteRead(self._fp_bytes_read, self.length_remaining)
urllib3.exceptions.IncompleteRead: IncompleteRead(163573 bytes read, 26155 more expected)

The above exception was the direct cause of the following exception:

Traceback (most recent call last):
  File "C:\programs\environments\py_312_tut\Lib\site-packages\requests\models.py", line 820, in generate
    yield from self.raw.stream(chunk_size, decode_content=True)
  File "C:\programs\environments\py_312_tut\Lib\site-packages\urllib3\response.py", line 1060, in stream
    data = self.read(amt=amt, decode_content=decode_content)
           ^^^^^^^^^^^^^^^^^^^^^^^^^^^^^^^^^^^^^^^^^^^^^^^^^
  File "C:\programs\environments\py_312_tut\Lib\site-packages\urllib3\response.py", line 977, in read
    data = self._raw_read(amt)
           ^^^^^^^^^^^^^^^^^^^
  File "C:\programs\environments\py_312_tut\Lib\site-packages\urllib3\response.py", line 872, in _raw_read
    with self._error_catcher():
  File "C:\Users\Asus\AppData\Local\Programs\Python\Python312\Lib\contextlib.py", line 158, in __exit__
    self.gen.throw(value)
  File "C:\programs\environments\py_312_tut\Lib\site-packages\urllib3\response.py", line 772, in _error_catcher
    raise ProtocolError(arg, e) from e
urllib3.exceptions.ProtocolError: ('Connection broken: IncompleteRead(163573 bytes read, 26155 more expected)', IncompleteRead(163573 bytes read, 26155 more expected))

During handling of the above exception, another exception occurred:

Traceback (most recent call last):
  File "C:\programs\project_1222086\DTC2025\rt_vehicle_location.py", line 46, in importRealTimeData
    response = requests.get("https://otd.delhi.gov.in/api/realtime/VehiclePositions.pb?key=Wnywij2jOl3N715nQzLAfOiBK4MdJwUe")
               ^^^^^^^^^^^^^^^^^^^^^^^^^^^^^^^^^^^^^^^^^^^^^^^^^^^^^^^^^^^^^^^^^^^^^^^^^^^^^^^^^^^^^^^^^^^^^^^^^^^^^^^^^^^^^^
  File "C:\programs\environments\py_312_tut\Lib\site-packages\requests\api.py", line 73, in get
    return request("get", url, params=params, **kwargs)
           ^^^^^^^^^^^^^^^^^^^^^^^^^^^^^^^^^^^^^^^^^^^^
  File "C:\programs\environments\py_312_tut\Lib\site-packages\requests\api.py", line 59, in request
    return session.request(method=method, url=url, **kwargs)
           ^^^^^^^^^^^^^^^^^^^^^^^^^^^^^^^^^^^^^^^^^^^^^^^^^
  File "C:\programs\environments\py_312_tut\Lib\site-packages\requests\sessions.py", line 589, in request
    resp = self.send(prep, **send_kwargs)
           ^^^^^^^^^^^^^^^^^^^^^^^^^^^^^^
  File "C:\programs\environments\py_312_tut\Lib\site-packages\requests\sessions.py", line 746, in send
    r.content
  File "C:\programs\environments\py_312_tut\Lib\site-packages\requests\models.py", line 902, in content
    self._content = b"".join(self.iter_content(CONTENT_CHUNK_SIZE)) or b""
                    ^^^^^^^^^^^^^^^^^^^^^^^^^^^^^^^^^^^^^^^^^^^^^^^
  File "C:\programs\environments\py_312_tut\Lib\site-packages\requests\models.py", line 822, in generate
    raise ChunkedEncodingError(e)
requests.exceptions.ChunkedEncodingError: ('Connection broken: IncompleteRead(163573 bytes read, 26155 more expected)', IncompleteRead(163573 bytes read, 26155 more expected))
2025-04-02 15:00:07,491 - INFO - Finished
2025-04-02 15:10:12,222 - INFO - Started
2025-04-02 15:10:12,223 - INFO - Data fetched successfully.
2025-04-02 15:10:12,939 - INFO - Total records fetched: 1869
2025-04-02 15:10:13,273 - INFO - Total tripStartDateMapping records: 342
2025-04-02 15:10:13,273 - INFO - Total Filtered records: 0
2025-04-02 15:10:14,636 - INFO - Filtered records to be inserted into database: 0
2025-04-02 15:10:14,651 - INFO - No new data to insert.
2025-04-02 15:10:14,705 - INFO - Finished
2025-04-02 15:20:08,822 - INFO - Started
2025-04-02 15:20:08,822 - INFO - Data fetched successfully.
2025-04-02 15:20:09,652 - INFO - Total records fetched: 1926
2025-04-02 15:20:10,008 - INFO - Total tripStartDateMapping records: 342
2025-04-02 15:20:10,016 - INFO - Total Filtered records: 0
2025-04-02 15:20:11,143 - INFO - Filtered records to be inserted into database: 0
2025-04-02 15:20:11,143 - INFO - No new data to insert.
2025-04-02 15:20:11,159 - INFO - Finished
2025-04-02 15:30:05,545 - INFO - Started
2025-04-02 15:30:05,545 - INFO - Data fetched successfully.
2025-04-02 15:30:05,870 - INFO - Total records fetched: 1965
2025-04-02 15:30:06,109 - INFO - Total tripStartDateMapping records: 342
2025-04-02 15:30:06,109 - INFO - Total Filtered records: 0
2025-04-02 15:30:07,154 - INFO - Filtered records to be inserted into database: 0
2025-04-02 15:30:07,157 - INFO - No new data to insert.
2025-04-02 15:30:07,179 - INFO - Finished
2025-04-02 15:40:11,660 - INFO - Started
2025-04-02 15:40:11,660 - INFO - Data fetched successfully.
2025-04-02 15:40:12,682 - INFO - Total records fetched: 1991
2025-04-02 15:40:12,899 - INFO - Total tripStartDateMapping records: 342
2025-04-02 15:40:12,899 - INFO - Total Filtered records: 0
2025-04-02 15:40:14,156 - INFO - Filtered records to be inserted into database: 0
2025-04-02 15:40:14,164 - INFO - No new data to insert.
2025-04-02 15:40:14,201 - INFO - Finished
2025-04-02 15:50:27,115 - INFO - Started
2025-04-02 15:50:27,241 - INFO - Data fetched successfully.
2025-04-02 15:50:28,336 - INFO - Total records fetched: 2017
2025-04-02 15:50:28,712 - INFO - Total tripStartDateMapping records: 342
2025-04-02 15:50:28,712 - INFO - Total Filtered records: 3
2025-04-02 15:50:30,010 - INFO - Filtered records to be inserted into database: 3
2025-04-02 15:50:30,893 - INFO - Finished
2025-04-02 16:00:04,674 - INFO - Started
2025-04-02 16:00:04,674 - INFO - Data fetched successfully.
2025-04-02 16:00:05,318 - INFO - Total records fetched: 2045
2025-04-02 16:00:05,502 - INFO - Total tripStartDateMapping records: 342
2025-04-02 16:00:05,503 - INFO - Total Filtered records: 0
2025-04-02 16:00:06,020 - INFO - Filtered records to be inserted into database: 0
2025-04-02 16:00:06,024 - INFO - No new data to insert.
2025-04-02 16:00:06,042 - INFO - Finished
2025-04-02 16:10:10,145 - INFO - Started
2025-04-02 16:10:10,145 - INFO - Data fetched successfully.
2025-04-02 16:10:10,812 - INFO - Total records fetched: 2076
2025-04-02 16:10:10,909 - INFO - Total tripStartDateMapping records: 342
2025-04-02 16:10:10,909 - INFO - Total Filtered records: 0
2025-04-02 16:10:11,447 - INFO - Filtered records to be inserted into database: 0
2025-04-02 16:10:11,447 - INFO - No new data to insert.
2025-04-02 16:10:11,479 - INFO - Finished
2025-04-02 16:20:03,751 - INFO - Started
2025-04-02 16:20:03,751 - INFO - Data fetched successfully.
2025-04-02 16:20:04,286 - INFO - Total records fetched: 2142
2025-04-02 16:20:04,335 - INFO - Total tripStartDateMapping records: 342
2025-04-02 16:20:04,335 - INFO - Total Filtered records: 0
2025-04-02 16:20:04,920 - INFO - Filtered records to be inserted into database: 0
2025-04-02 16:20:04,928 - INFO - No new data to insert.
2025-04-02 16:20:04,963 - INFO - Finished
2025-04-05 10:40:21,243 - INFO - Started
2025-04-05 10:40:21,249 - INFO - Data fetched successfully.
2025-04-05 10:40:22,250 - INFO - Total records fetched: 2541
2025-04-05 10:40:22,890 - INFO - Total tripStartDateMapping records: 342
2025-04-05 10:40:22,890 - INFO - Total Filtered records: 5
2025-04-05 10:40:24,265 - INFO - Filtered records to be inserted into database: 5
2025-04-05 10:40:24,378 - INFO - Finished
2025-04-05 10:50:06,762 - INFO - Started
2025-04-05 10:50:06,762 - INFO - Data fetched successfully.
2025-04-05 10:50:07,412 - INFO - Total records fetched: 2512
2025-04-05 10:50:07,833 - INFO - Total tripStartDateMapping records: 342
2025-04-05 10:50:07,833 - INFO - Total Filtered records: 6
2025-04-05 10:50:09,004 - INFO - Filtered records to be inserted into database: 6
2025-04-05 10:50:09,148 - INFO - Finished
2025-04-05 11:00:05,661 - INFO - Started
2025-04-05 11:00:05,661 - INFO - Data fetched successfully.
2025-04-05 11:00:06,222 - INFO - Total records fetched: 2517
2025-04-05 11:00:06,466 - INFO - Total tripStartDateMapping records: 342
2025-04-05 11:00:06,468 - INFO - Total Filtered records: 2
2025-04-05 11:00:07,655 - INFO - Filtered records to be inserted into database: 2
2025-04-05 11:00:07,785 - INFO - Finished
2025-04-05 11:10:05,906 - INFO - Started
2025-04-05 11:10:05,906 - INFO - Data fetched successfully.
2025-04-05 11:10:06,443 - INFO - Total records fetched: 2496
2025-04-05 11:10:06,592 - INFO - Total tripStartDateMapping records: 342
2025-04-05 11:10:06,593 - INFO - Total Filtered records: 0
2025-04-05 11:10:07,848 - INFO - Filtered records to be inserted into database: 0
2025-04-05 11:10:07,849 - INFO - No new data to insert.
2025-04-05 11:10:07,892 - INFO - Finished
2025-04-05 11:20:04,805 - INFO - Started
2025-04-05 11:20:04,805 - INFO - Data fetched successfully.
2025-04-05 11:20:05,312 - INFO - Total records fetched: 2485
2025-04-05 11:20:05,392 - INFO - Total tripStartDateMapping records: 342
2025-04-05 11:20:05,392 - INFO - Total Filtered records: 0
2025-04-05 11:20:06,287 - INFO - Filtered records to be inserted into database: 0
2025-04-05 11:20:06,294 - INFO - No new data to insert.
2025-04-05 11:20:06,310 - INFO - Finished
2025-04-05 11:30:04,339 - INFO - Started
2025-04-05 11:30:04,349 - INFO - Data fetched successfully.
2025-04-05 11:30:05,829 - INFO - Total records fetched: 2444
2025-04-05 11:30:05,887 - INFO - Total tripStartDateMapping records: 342
2025-04-05 11:30:05,887 - INFO - Total Filtered records: 0
2025-04-05 11:30:06,983 - INFO - Filtered records to be inserted into database: 0
2025-04-05 11:30:06,983 - INFO - No new data to insert.
2025-04-05 11:30:07,005 - INFO - Finished
2025-04-05 11:40:05,645 - INFO - Started
2025-04-05 11:40:05,647 - INFO - Data fetched successfully.
2025-04-05 11:40:06,016 - INFO - Total records fetched: 0
2025-04-05 11:40:06,120 - INFO - Total tripStartDateMapping records: 342
2025-04-05 11:40:06,120 - INFO - Total Filtered records: 0
2025-04-05 11:40:07,915 - INFO - Filtered records to be inserted into database: 0
2025-04-05 11:40:07,940 - INFO - No new data to insert.
2025-04-05 11:40:08,080 - INFO - Finished
2025-04-05 11:50:05,691 - INFO - Started
2025-04-05 11:50:05,691 - INFO - Data fetched successfully.
2025-04-05 11:50:06,244 - INFO - Total records fetched: 2384
2025-04-05 11:50:06,561 - INFO - Total tripStartDateMapping records: 342
2025-04-05 11:50:06,576 - INFO - Total Filtered records: 2
2025-04-05 11:50:07,537 - INFO - Filtered records to be inserted into database: 2
2025-04-05 11:50:07,632 - INFO - Finished
2025-04-05 12:00:05,934 - INFO - Started
2025-04-05 12:00:05,934 - INFO - Data fetched successfully.
2025-04-05 12:00:06,593 - INFO - Total records fetched: 2379
2025-04-05 12:00:06,658 - INFO - Total tripStartDateMapping records: 342
2025-04-05 12:00:06,658 - INFO - Total Filtered records: 6
2025-04-05 12:00:07,772 - INFO - Filtered records to be inserted into database: 6
2025-04-05 12:00:07,846 - INFO - Finished
2025-04-05 12:10:09,894 - INFO - Started
2025-04-05 12:10:09,898 - INFO - Data fetched successfully.
2025-04-05 12:10:10,485 - INFO - Total records fetched: 2347
2025-04-05 12:10:10,798 - INFO - Total tripStartDateMapping records: 342
2025-04-05 12:10:10,804 - INFO - Total Filtered records: 0
2025-04-05 12:10:12,306 - INFO - Filtered records to be inserted into database: 0
2025-04-05 12:10:12,323 - INFO - No new data to insert.
2025-04-05 12:10:12,369 - INFO - Finished
2025-04-05 12:20:05,815 - INFO - Started
2025-04-05 12:20:05,818 - INFO - Data fetched successfully.
2025-04-05 12:20:06,344 - INFO - Total records fetched: 2280
2025-04-05 12:20:06,409 - INFO - Total tripStartDateMapping records: 342
2025-04-05 12:20:06,409 - INFO - Total Filtered records: 0
2025-04-05 12:20:07,552 - INFO - Filtered records to be inserted into database: 0
2025-04-05 12:20:07,552 - INFO - No new data to insert.
2025-04-05 12:20:07,605 - INFO - Finished
2025-04-05 12:30:04,541 - INFO - Started
2025-04-05 12:30:04,544 - INFO - Data fetched successfully.
2025-04-05 12:30:05,022 - INFO - Total records fetched: 2248
2025-04-05 12:30:05,088 - INFO - Total tripStartDateMapping records: 342
2025-04-05 12:30:05,088 - INFO - Total Filtered records: 0
2025-04-05 12:30:05,616 - INFO - Filtered records to be inserted into database: 0
2025-04-05 12:30:05,616 - INFO - No new data to insert.
2025-04-05 12:30:05,632 - INFO - Finished
2025-04-05 12:40:06,957 - INFO - Started
2025-04-05 12:40:06,957 - INFO - Data fetched successfully.
2025-04-05 12:40:07,466 - INFO - Total records fetched: 2205
2025-04-05 12:40:07,598 - INFO - Total tripStartDateMapping records: 342
2025-04-05 12:40:07,598 - INFO - Total Filtered records: 1
2025-04-05 12:40:08,621 - INFO - Filtered records to be inserted into database: 1
2025-04-05 12:40:08,716 - INFO - Finished
2025-04-05 12:50:04,954 - INFO - Started
2025-04-05 12:50:04,955 - INFO - Data fetched successfully.
2025-04-05 12:50:05,430 - INFO - Total records fetched: 2177
2025-04-05 12:50:05,652 - INFO - Total tripStartDateMapping records: 342
2025-04-05 12:50:05,652 - INFO - Total Filtered records: 0
2025-04-05 12:50:06,111 - INFO - Filtered records to be inserted into database: 0
2025-04-05 12:50:06,111 - INFO - No new data to insert.
2025-04-05 12:50:06,149 - INFO - Finished
2025-04-05 13:00:11,218 - INFO - Started
2025-04-05 13:00:11,221 - INFO - Data fetched successfully.
2025-04-05 13:00:11,934 - INFO - Total records fetched: 2076
2025-04-05 13:00:12,149 - INFO - Total tripStartDateMapping records: 342
2025-04-05 13:00:12,149 - INFO - Total Filtered records: 3
2025-04-05 13:00:13,830 - INFO - Filtered records to be inserted into database: 3
2025-04-05 13:00:14,085 - INFO - Finished
2025-04-05 13:10:04,837 - INFO - Started
2025-04-05 13:10:04,837 - INFO - Data fetched successfully.
2025-04-05 13:10:05,205 - INFO - Total records fetched: 2036
2025-04-05 13:10:05,360 - INFO - Total tripStartDateMapping records: 342
2025-04-05 13:10:05,360 - INFO - Total Filtered records: 1
2025-04-05 13:10:05,851 - INFO - Filtered records to be inserted into database: 1
2025-04-05 13:10:05,956 - INFO - Finished
2025-04-05 13:20:04,453 - INFO - Started
2025-04-05 13:20:04,453 - INFO - Data fetched successfully.
2025-04-05 13:20:04,855 - INFO - Total records fetched: 1993
2025-04-05 13:20:05,087 - INFO - Total tripStartDateMapping records: 342
2025-04-05 13:20:05,087 - INFO - Total Filtered records: 7
2025-04-05 13:20:05,568 - INFO - Filtered records to be inserted into database: 7
2025-04-05 13:20:05,680 - INFO - Finished
2025-04-05 13:30:03,754 - INFO - Started
2025-04-05 13:30:03,754 - INFO - Data fetched successfully.
2025-04-05 13:30:04,248 - INFO - Total records fetched: 1975
2025-04-05 13:30:04,274 - INFO - Total tripStartDateMapping records: 342
2025-04-05 13:30:04,274 - INFO - Total Filtered records: 0
2025-04-05 13:30:04,774 - INFO - Filtered records to be inserted into database: 0
2025-04-05 13:30:04,774 - INFO - No new data to insert.
2025-04-05 13:30:04,789 - INFO - Finished
2025-04-05 13:40:05,827 - INFO - Started
2025-04-05 13:40:05,829 - INFO - Data fetched successfully.
2025-04-05 13:40:06,304 - INFO - Total records fetched: 1925
2025-04-05 13:40:06,364 - INFO - Total tripStartDateMapping records: 342
2025-04-05 13:40:06,364 - INFO - Total Filtered records: 0
2025-04-05 13:40:07,520 - INFO - Filtered records to be inserted into database: 0
2025-04-05 13:40:07,538 - INFO - No new data to insert.
2025-04-05 13:40:07,593 - INFO - Finished
2025-04-05 13:50:05,190 - INFO - Started
2025-04-05 13:50:05,192 - INFO - Data fetched successfully.
2025-04-05 13:50:05,669 - INFO - Total records fetched: 1922
2025-04-05 13:50:05,732 - INFO - Total tripStartDateMapping records: 342
2025-04-05 13:50:05,732 - INFO - Total Filtered records: 0
2025-04-05 13:50:06,316 - INFO - Filtered records to be inserted into database: 0
2025-04-05 13:50:06,316 - INFO - No new data to insert.
2025-04-05 13:50:06,349 - INFO - Finished
2025-04-05 14:00:05,498 - INFO - Started
2025-04-05 14:00:05,572 - INFO - Data fetched successfully.
2025-04-05 14:00:06,015 - INFO - Total records fetched: 1892
2025-04-05 14:00:06,242 - INFO - Total tripStartDateMapping records: 342
2025-04-05 14:00:06,242 - INFO - Total Filtered records: 0
2025-04-05 14:00:07,389 - INFO - Filtered records to be inserted into database: 0
2025-04-05 14:00:07,392 - INFO - No new data to insert.
2025-04-05 14:00:07,427 - INFO - Finished
2025-04-08 12:40:07,092 - INFO - Started
2025-04-08 12:40:07,135 - INFO - Data fetched successfully.
2025-04-08 12:40:08,456 - INFO - Total records fetched: 2201
2025-04-08 12:40:09,226 - INFO - Total tripStartDateMapping records: 342
2025-04-08 12:40:09,226 - INFO - Total Filtered records: 14
2025-04-08 12:40:15,353 - INFO - Filtered records to be inserted into database: 14
2025-04-08 12:40:16,324 - INFO - Finished
2025-04-08 12:50:13,791 - INFO - Started
2025-04-08 12:50:13,800 - INFO - Data fetched successfully.
2025-04-08 12:50:15,771 - INFO - Total records fetched: 2140
2025-04-08 12:50:16,040 - INFO - Total tripStartDateMapping records: 342
2025-04-08 12:50:16,040 - INFO - Total Filtered records: 0
2025-04-08 12:50:17,932 - INFO - Filtered records to be inserted into database: 0
2025-04-08 12:50:17,948 - INFO - No new data to insert.
2025-04-08 12:50:17,996 - INFO - Finished
2025-04-08 13:00:05,534 - INFO - Started
2025-04-08 13:00:05,534 - INFO - Data fetched successfully.
2025-04-08 13:00:06,186 - INFO - Total records fetched: 2085
2025-04-08 13:00:06,386 - INFO - Total tripStartDateMapping records: 342
2025-04-08 13:00:06,386 - INFO - Total Filtered records: 0
2025-04-08 13:00:07,489 - INFO - Filtered records to be inserted into database: 0
2025-04-08 13:00:07,544 - INFO - No new data to insert.
2025-04-08 13:00:07,650 - INFO - Finished
2025-04-08 13:10:05,602 - INFO - Started
2025-04-08 13:10:05,602 - INFO - Data fetched successfully.
2025-04-08 13:10:06,132 - INFO - Total records fetched: 2028
2025-04-08 13:10:06,190 - INFO - Total tripStartDateMapping records: 342
2025-04-08 13:10:06,190 - INFO - Total Filtered records: 1
2025-04-08 13:10:07,526 - INFO - Filtered records to be inserted into database: 1
2025-04-08 13:10:07,619 - INFO - Finished
2025-04-08 13:20:04,982 - INFO - Started
2025-04-08 13:20:04,982 - INFO - Data fetched successfully.
2025-04-08 13:20:05,487 - INFO - Total records fetched: 1999
2025-04-08 13:20:05,594 - INFO - Total tripStartDateMapping records: 342
2025-04-08 13:20:05,594 - INFO - Total Filtered records: 8
2025-04-08 13:20:06,678 - INFO - Filtered records to be inserted into database: 8
2025-04-08 13:20:06,748 - INFO - Finished
2025-04-08 13:30:05,391 - INFO - Started
2025-04-08 13:30:05,396 - INFO - Data fetched successfully.
2025-04-08 13:30:05,901 - INFO - Total records fetched: 1984
2025-04-08 13:30:05,955 - INFO - Total tripStartDateMapping records: 342
2025-04-08 13:30:05,955 - INFO - Total Filtered records: 0
2025-04-08 13:30:07,080 - INFO - Filtered records to be inserted into database: 0
2025-04-08 13:30:07,080 - INFO - No new data to insert.
2025-04-08 13:30:07,112 - INFO - Finished
2025-04-08 13:40:05,402 - INFO - Started
2025-04-08 13:40:05,406 - INFO - Data fetched successfully.
2025-04-08 13:40:05,896 - INFO - Total records fetched: 1941
2025-04-08 13:40:06,166 - INFO - Total tripStartDateMapping records: 342
2025-04-08 13:40:06,166 - INFO - Total Filtered records: 0
2025-04-08 13:40:07,270 - INFO - Filtered records to be inserted into database: 0
2025-04-08 13:40:07,275 - INFO - No new data to insert.
2025-04-08 13:40:07,320 - INFO - Finished
2025-04-08 13:50:25,155 - INFO - Started
2025-04-08 13:50:25,250 - INFO - Data fetched successfully.
2025-04-08 13:50:26,773 - INFO - Total records fetched: 1890
2025-04-08 13:50:27,189 - INFO - Total tripStartDateMapping records: 342
2025-04-08 13:50:27,189 - INFO - Total Filtered records: 1
2025-04-08 13:50:28,129 - INFO - Filtered records to be inserted into database: 1
2025-04-08 13:50:28,251 - INFO - Finished
2025-04-08 14:00:08,091 - INFO - Started
2025-04-08 14:00:08,091 - INFO - Data fetched successfully.
2025-04-08 14:00:08,691 - INFO - Total records fetched: 1897
2025-04-08 14:00:08,919 - INFO - Total tripStartDateMapping records: 342
2025-04-08 14:00:08,925 - INFO - Total Filtered records: 0
2025-04-08 14:00:10,901 - INFO - Filtered records to be inserted into database: 0
2025-04-08 14:00:10,907 - INFO - No new data to insert.
2025-04-08 14:00:10,935 - INFO - Finished
2025-04-08 14:10:31,089 - INFO - Started
2025-04-08 14:10:31,095 - INFO - Data fetched successfully.
2025-04-08 14:10:32,008 - INFO - Total records fetched: 1879
2025-04-08 14:10:33,237 - INFO - Total tripStartDateMapping records: 342
2025-04-08 14:10:33,280 - INFO - Total Filtered records: 1
2025-04-08 14:10:35,715 - INFO - Filtered records to be inserted into database: 1
2025-04-08 14:10:36,103 - INFO - Finished
2025-04-08 14:20:07,474 - INFO - Started
2025-04-08 14:20:07,475 - INFO - Data fetched successfully.
2025-04-08 14:20:08,077 - INFO - Total records fetched: 1862
2025-04-08 14:20:08,393 - INFO - Total tripStartDateMapping records: 342
2025-04-08 14:20:08,393 - INFO - Total Filtered records: 1
2025-04-08 14:20:09,803 - INFO - Filtered records to be inserted into database: 1
2025-04-08 14:20:09,931 - INFO - Finished
2025-04-08 14:30:06,477 - INFO - Started
2025-04-08 14:30:06,477 - INFO - Data fetched successfully.
2025-04-08 14:30:06,979 - INFO - Total records fetched: 1842
2025-04-08 14:30:07,350 - INFO - Total tripStartDateMapping records: 342
2025-04-08 14:30:07,352 - INFO - Total Filtered records: 0
2025-04-08 14:30:08,555 - INFO - Filtered records to be inserted into database: 0
2025-04-08 14:30:08,555 - INFO - No new data to insert.
2025-04-08 14:30:08,597 - INFO - Finished
2025-04-08 14:40:06,183 - INFO - Started
2025-04-08 14:40:06,183 - INFO - Data fetched successfully.
2025-04-08 14:40:06,652 - INFO - Total records fetched: 1823
2025-04-08 14:40:06,859 - INFO - Total tripStartDateMapping records: 342
2025-04-08 14:40:06,859 - INFO - Total Filtered records: 0
2025-04-08 14:40:08,051 - INFO - Filtered records to be inserted into database: 0
2025-04-08 14:40:08,051 - INFO - No new data to insert.
2025-04-08 14:40:08,081 - INFO - Finished
2025-04-08 14:50:03,604 - INFO - Started
2025-04-08 14:50:03,604 - INFO - Data fetched successfully.
2025-04-08 14:50:04,544 - INFO - Total records fetched: 1805
2025-04-08 14:50:04,564 - INFO - Total tripStartDateMapping records: 342
2025-04-08 14:50:04,564 - INFO - Total Filtered records: 0
2025-04-08 14:50:05,091 - INFO - Filtered records to be inserted into database: 0
2025-04-08 14:50:05,095 - INFO - No new data to insert.
2025-04-08 14:50:05,101 - INFO - Finished
2025-04-08 15:00:02,375 - INFO - Started
2025-04-08 15:00:02,375 - INFO - Data fetched successfully.
2025-04-08 15:00:02,842 - INFO - Total records fetched: 1805
2025-04-08 15:00:02,858 - INFO - Total tripStartDateMapping records: 342
2025-04-08 15:00:02,858 - INFO - Total Filtered records: 0
2025-04-08 15:00:03,343 - INFO - Filtered records to be inserted into database: 0
2025-04-08 15:00:03,343 - INFO - No new data to insert.
2025-04-08 15:00:03,350 - INFO - Finished
2025-04-08 15:10:02,369 - INFO - Started
2025-04-08 15:10:02,369 - INFO - Data fetched successfully.
2025-04-08 15:10:02,762 - INFO - Total records fetched: 1844
2025-04-08 15:10:02,776 - INFO - Total tripStartDateMapping records: 342
2025-04-08 15:10:02,792 - INFO - Total Filtered records: 0
2025-04-08 15:10:03,250 - INFO - Filtered records to be inserted into database: 0
2025-04-08 15:10:03,250 - INFO - No new data to insert.
2025-04-08 15:10:03,250 - INFO - Finished
2025-04-08 15:20:03,172 - INFO - Started
2025-04-08 15:20:03,172 - INFO - Data fetched successfully.
2025-04-08 15:20:03,586 - INFO - Total records fetched: 1872
2025-04-08 15:20:03,650 - INFO - Total tripStartDateMapping records: 342
2025-04-08 15:20:03,650 - INFO - Total Filtered records: 0
2025-04-08 15:20:04,107 - INFO - Filtered records to be inserted into database: 0
2025-04-08 15:20:04,107 - INFO - No new data to insert.
2025-04-08 15:20:04,113 - INFO - Finished
2025-04-08 15:30:04,317 - INFO - Started
2025-04-08 15:30:04,321 - INFO - Data fetched successfully.
2025-04-08 15:30:05,012 - INFO - Total records fetched: 1912
2025-04-08 15:30:05,050 - INFO - Total tripStartDateMapping records: 342
2025-04-08 15:30:05,066 - INFO - Total Filtered records: 2
2025-04-08 15:30:06,205 - INFO - Filtered records to be inserted into database: 2
2025-04-08 15:30:06,312 - INFO - Finished
2025-04-08 15:40:05,998 - INFO - Started
2025-04-08 15:40:05,998 - INFO - Data fetched successfully.
2025-04-08 15:40:06,717 - INFO - Total records fetched: 1940
2025-04-08 15:40:06,830 - INFO - Total tripStartDateMapping records: 342
2025-04-08 15:40:06,832 - INFO - Total Filtered records: 6
2025-04-08 15:40:07,999 - INFO - Filtered records to be inserted into database: 6
2025-04-08 15:40:08,035 - INFO - Finished
2025-04-08 15:50:06,059 - INFO - Started
2025-04-08 15:50:06,063 - INFO - Data fetched successfully.
2025-04-08 15:50:06,878 - INFO - Total records fetched: 1971
2025-04-08 15:50:07,003 - INFO - Total tripStartDateMapping records: 342
2025-04-08 15:50:07,006 - INFO - Total Filtered records: 5
2025-04-08 15:50:08,321 - INFO - Filtered records to be inserted into database: 5
2025-04-08 15:50:08,400 - INFO - Finished
2025-04-08 16:00:05,991 - INFO - Started
2025-04-08 16:00:05,994 - INFO - Data fetched successfully.
2025-04-08 16:00:06,424 - INFO - Total records fetched: 1994
2025-04-08 16:00:06,655 - INFO - Total tripStartDateMapping records: 342
2025-04-08 16:00:06,655 - INFO - Total Filtered records: 0
2025-04-08 16:00:07,480 - INFO - Filtered records to be inserted into database: 0
2025-04-08 16:00:07,486 - INFO - No new data to insert.
2025-04-08 16:00:07,531 - INFO - Finished
2025-04-08 16:10:04,727 - INFO - Started
2025-04-08 16:10:04,727 - INFO - Data fetched successfully.
2025-04-08 16:10:05,402 - INFO - Total records fetched: 2065
2025-04-08 16:10:05,439 - INFO - Total tripStartDateMapping records: 342
2025-04-08 16:10:05,439 - INFO - Total Filtered records: 0
2025-04-08 16:10:06,100 - INFO - Filtered records to be inserted into database: 0
2025-04-08 16:10:06,108 - INFO - No new data to insert.
2025-04-08 16:10:06,136 - INFO - Finished
2025-04-08 16:20:05,653 - INFO - Started
2025-04-08 16:20:05,654 - INFO - Data fetched successfully.
2025-04-08 16:20:06,440 - INFO - Total records fetched: 2150
2025-04-08 16:20:06,747 - INFO - Total tripStartDateMapping records: 342
2025-04-08 16:20:06,747 - INFO - Total Filtered records: 0
2025-04-08 16:20:07,925 - INFO - Filtered records to be inserted into database: 0
2025-04-08 16:20:07,925 - INFO - No new data to insert.
2025-04-08 16:20:07,961 - INFO - Finished
2025-04-08 16:40:06,515 - INFO - Started
2025-04-08 16:40:06,515 - INFO - Data fetched successfully.
2025-04-08 16:40:07,048 - INFO - Total records fetched: 2199
2025-04-08 16:40:07,309 - INFO - Total tripStartDateMapping records: 342
2025-04-08 16:40:07,311 - INFO - Total Filtered records: 0
2025-04-08 16:40:08,342 - INFO - Filtered records to be inserted into database: 0
2025-04-08 16:40:08,363 - INFO - No new data to insert.
2025-04-08 16:40:08,519 - INFO - Finished
2025-04-08 16:50:05,679 - INFO - Started
2025-04-08 16:50:05,682 - INFO - Data fetched successfully.
2025-04-08 16:50:06,237 - INFO - Total records fetched: 2236
2025-04-08 16:50:06,506 - INFO - Total tripStartDateMapping records: 342
2025-04-08 16:50:06,506 - INFO - Total Filtered records: 0
2025-04-08 16:50:07,602 - INFO - Filtered records to be inserted into database: 0
2025-04-08 16:50:07,602 - INFO - No new data to insert.
2025-04-08 16:50:07,651 - INFO - Finished
2025-04-08 17:00:07,627 - INFO - Started
2025-04-08 17:00:07,627 - INFO - Data fetched successfully.
2025-04-08 17:00:07,867 - INFO - Total records fetched: 0
2025-04-08 17:00:08,061 - INFO - Total tripStartDateMapping records: 342
2025-04-08 17:00:08,061 - INFO - Total Filtered records: 0
2025-04-08 17:00:10,128 - INFO - Filtered records to be inserted into database: 0
2025-04-08 17:00:10,134 - INFO - No new data to insert.
2025-04-08 17:00:10,159 - INFO - Finished
2025-04-08 17:10:08,038 - INFO - Started
2025-04-08 17:10:08,043 - INFO - Data fetched successfully.
2025-04-09 11:00:04,696 - INFO - Started
2025-04-09 11:00:04,696 - INFO - Data fetched successfully.
2025-04-09 11:00:05,827 - INFO - Total records fetched: 2591
2025-04-09 11:00:06,706 - INFO - Total tripStartDateMapping records: 342
2025-04-09 11:00:06,707 - INFO - Total Filtered records: 11
2025-04-09 11:00:07,271 - INFO - Filtered records to be inserted into database: 11
2025-04-09 11:00:07,387 - INFO - Finished
2025-04-09 11:10:07,283 - INFO - Started
2025-04-09 11:10:07,283 - INFO - Data fetched successfully.
2025-04-09 11:10:08,283 - INFO - Total records fetched: 2570
2025-04-09 11:10:08,479 - INFO - Total tripStartDateMapping records: 342
2025-04-09 11:10:08,480 - INFO - Total Filtered records: 0
2025-04-09 11:10:09,129 - INFO - Filtered records to be inserted into database: 0
2025-04-09 11:10:09,134 - INFO - No new data to insert.
2025-04-09 11:10:09,184 - INFO - Finished
2025-04-09 11:20:09,411 - INFO - Started
2025-04-09 11:20:09,417 - INFO - Data fetched successfully.
2025-04-09 11:20:10,195 - INFO - Total records fetched: 2564
2025-04-09 11:20:10,473 - INFO - Total tripStartDateMapping records: 342
2025-04-09 11:20:10,474 - INFO - Total Filtered records: 0
2025-04-09 11:20:11,072 - INFO - Filtered records to be inserted into database: 0
2025-04-09 11:20:11,077 - INFO - No new data to insert.
2025-04-09 11:20:11,135 - INFO - Finished
2025-04-09 11:30:04,152 - INFO - Started
2025-04-09 11:30:04,152 - INFO - Data fetched successfully.
2025-04-09 11:30:06,081 - INFO - Total records fetched: 2518
2025-04-09 11:30:06,218 - INFO - Total tripStartDateMapping records: 342
2025-04-09 11:30:06,218 - INFO - Total Filtered records: 0
2025-04-09 11:30:06,840 - INFO - Filtered records to be inserted into database: 0
2025-04-09 11:30:06,840 - INFO - No new data to insert.
2025-04-09 11:30:06,894 - INFO - Finished
2025-04-09 11:40:05,203 - INFO - Started
2025-04-09 11:40:05,234 - INFO - Data fetched successfully.
2025-04-09 11:40:06,400 - INFO - Total records fetched: 2493
2025-04-09 11:40:06,804 - INFO - Total tripStartDateMapping records: 342
2025-04-09 11:40:06,805 - INFO - Total Filtered records: 0
2025-04-09 11:40:07,351 - INFO - Filtered records to be inserted into database: 0
2025-04-09 11:40:07,353 - INFO - No new data to insert.
2025-04-09 11:40:07,387 - INFO - Finished
2025-04-09 11:50:04,616 - INFO - Started
2025-04-09 11:50:04,617 - INFO - Data fetched successfully.
2025-04-09 11:50:05,306 - INFO - Total records fetched: 2471
2025-04-09 11:50:05,517 - INFO - Total tripStartDateMapping records: 342
2025-04-09 11:50:05,517 - INFO - Total Filtered records: 2
2025-04-09 11:50:06,063 - INFO - Filtered records to be inserted into database: 2
2025-04-09 11:50:06,141 - INFO - Finished
2025-04-09 12:00:06,460 - INFO - Started
2025-04-09 12:00:06,460 - INFO - Data fetched successfully.
2025-04-09 12:00:07,124 - INFO - Total records fetched: 2322
2025-04-09 12:00:07,557 - INFO - Total tripStartDateMapping records: 342
2025-04-09 12:00:07,557 - INFO - Total Filtered records: 6
2025-04-09 12:00:08,321 - INFO - Filtered records to be inserted into database: 6
2025-04-09 12:00:08,430 - INFO - Finished
2025-04-09 12:10:10,495 - INFO - Started
2025-04-09 12:10:10,497 - INFO - Data fetched successfully.
2025-04-09 12:10:11,375 - INFO - Total records fetched: 2402
2025-04-09 12:10:11,733 - INFO - Total tripStartDateMapping records: 342
2025-04-09 12:10:11,733 - INFO - Total Filtered records: 0
2025-04-09 12:10:13,081 - INFO - Filtered records to be inserted into database: 0
2025-04-09 12:10:13,083 - INFO - No new data to insert.
2025-04-09 12:10:13,120 - INFO - Finished
2025-04-09 12:20:09,501 - INFO - Started
2025-04-09 12:20:09,505 - INFO - Data fetched successfully.
2025-04-09 12:20:10,297 - INFO - Total records fetched: 2330
2025-04-09 12:20:10,754 - INFO - Total tripStartDateMapping records: 342
2025-04-09 12:20:10,754 - INFO - Total Filtered records: 0
2025-04-09 12:20:12,289 - INFO - Filtered records to be inserted into database: 0
2025-04-09 12:20:12,299 - INFO - No new data to insert.
2025-04-09 12:20:12,361 - INFO - Finished
2025-04-09 12:30:24,661 - INFO - Started
2025-04-09 12:30:24,688 - INFO - Data fetched successfully.
2025-04-09 12:30:26,105 - INFO - Total records fetched: 2294
2025-04-09 12:30:26,529 - INFO - Total tripStartDateMapping records: 342
2025-04-09 12:30:26,531 - INFO - Total Filtered records: 0
2025-04-09 12:30:29,496 - INFO - Filtered records to be inserted into database: 0
2025-04-09 12:30:29,513 - INFO - No new data to insert.
2025-04-09 12:30:29,810 - INFO - Finished
2025-04-09 14:00:06,033 - INFO - Started
2025-04-09 14:00:06,053 - INFO - Data fetched successfully.
2025-04-09 14:00:06,642 - INFO - Total records fetched: 1923
2025-04-09 14:00:07,450 - INFO - Total tripStartDateMapping records: 342
2025-04-09 14:00:07,450 - INFO - Total Filtered records: 1
2025-04-09 14:00:08,658 - INFO - Filtered records to be inserted into database: 1
2025-04-09 14:00:08,795 - INFO - Finished
2025-04-09 14:10:14,365 - INFO - Started
2025-04-09 14:10:14,365 - INFO - Data fetched successfully.
2025-04-09 14:10:15,070 - INFO - Total records fetched: 1895
2025-04-09 14:10:15,366 - INFO - Total tripStartDateMapping records: 342
2025-04-09 14:10:15,366 - INFO - Total Filtered records: 1
2025-04-09 14:10:16,529 - INFO - Filtered records to be inserted into database: 1
2025-04-09 14:10:16,625 - INFO - Finished
2025-04-09 14:20:06,549 - INFO - Started
2025-04-09 14:20:06,549 - INFO - Data fetched successfully.
2025-04-09 14:20:09,523 - INFO - Total records fetched: 1902
2025-04-09 14:20:09,995 - INFO - Total tripStartDateMapping records: 342
2025-04-09 14:20:09,996 - INFO - Total Filtered records: 1
2025-04-09 14:20:11,544 - INFO - Filtered records to be inserted into database: 1
2025-04-09 14:20:11,692 - INFO - Finished
2025-04-16 22:40:19,182 - INFO - Started
2025-04-16 22:40:19,292 - INFO - Data fetched successfully.
2025-04-16 22:40:20,657 - INFO - Total records fetched: 1300
2025-04-16 22:40:21,905 - INFO - Total tripStartDateMapping records: 342
2025-04-16 22:40:21,905 - INFO - Total Filtered records: 9
2025-04-16 22:40:24,812 - INFO - Filtered records to be inserted into database: 9
2025-04-16 22:40:25,165 - INFO - Finished
2025-04-16 22:50:06,008 - INFO - Started
2025-04-16 22:50:06,013 - INFO - Data fetched successfully.
2025-04-16 22:50:06,911 - INFO - Total records fetched: 1226
2025-04-16 22:50:07,235 - INFO - Total tripStartDateMapping records: 342
2025-04-16 22:50:07,237 - INFO - Total Filtered records: 1
2025-04-16 22:50:09,000 - INFO - Filtered records to be inserted into database: 1
2025-04-16 22:50:09,099 - INFO - Finished
2025-04-21 11:10:06,773 - INFO - Started
2025-04-21 11:10:06,785 - INFO - Data fetched successfully.
2025-04-21 11:10:06,856 - ERROR - An error occurred: HTTPSConnectionPool(host='otd.delhi.gov.in', port=443): Max retries exceeded with url: /api/realtime/VehiclePositions.pb?key=Wnywij2jOl3N715nQzLAfOiBK4MdJwUe (Caused by SSLError(SSLEOFError(8, '[SSL: UNEXPECTED_EOF_WHILE_READING] EOF occurred in violation of protocol (_ssl.c:1000)')))
Traceback (most recent call last):
  File "C:\programs\environments\py_312_tut\Lib\site-packages\urllib3\connectionpool.py", line 466, in _make_request
    self._validate_conn(conn)
  File "C:\programs\environments\py_312_tut\Lib\site-packages\urllib3\connectionpool.py", line 1095, in _validate_conn
    conn.connect()
  File "C:\programs\environments\py_312_tut\Lib\site-packages\urllib3\connection.py", line 730, in connect
    sock_and_verified = _ssl_wrap_socket_and_match_hostname(
                        ^^^^^^^^^^^^^^^^^^^^^^^^^^^^^^^^^^^^
  File "C:\programs\environments\py_312_tut\Lib\site-packages\urllib3\connection.py", line 909, in _ssl_wrap_socket_and_match_hostname
    ssl_sock = ssl_wrap_socket(
               ^^^^^^^^^^^^^^^^
  File "C:\programs\environments\py_312_tut\Lib\site-packages\urllib3\util\ssl_.py", line 469, in ssl_wrap_socket
    ssl_sock = _ssl_wrap_socket_impl(sock, context, tls_in_tls, server_hostname)
               ^^^^^^^^^^^^^^^^^^^^^^^^^^^^^^^^^^^^^^^^^^^^^^^^^^^^^^^^^^^^^^^^^
  File "C:\programs\environments\py_312_tut\Lib\site-packages\urllib3\util\ssl_.py", line 513, in _ssl_wrap_socket_impl
    return ssl_context.wrap_socket(sock, server_hostname=server_hostname)
           ^^^^^^^^^^^^^^^^^^^^^^^^^^^^^^^^^^^^^^^^^^^^^^^^^^^^^^^^^^^^^^
  File "C:\Users\Asus\AppData\Local\Programs\Python\Python312\Lib\ssl.py", line 455, in wrap_socket
    return self.sslsocket_class._create(
           ^^^^^^^^^^^^^^^^^^^^^^^^^^^^^
  File "C:\Users\Asus\AppData\Local\Programs\Python\Python312\Lib\ssl.py", line 1042, in _create
    self.do_handshake()
  File "C:\Users\Asus\AppData\Local\Programs\Python\Python312\Lib\ssl.py", line 1320, in do_handshake
    self._sslobj.do_handshake()
ssl.SSLEOFError: [SSL: UNEXPECTED_EOF_WHILE_READING] EOF occurred in violation of protocol (_ssl.c:1000)

During handling of the above exception, another exception occurred:

Traceback (most recent call last):
  File "C:\programs\environments\py_312_tut\Lib\site-packages\urllib3\connectionpool.py", line 789, in urlopen
    response = self._make_request(
               ^^^^^^^^^^^^^^^^^^^
  File "C:\programs\environments\py_312_tut\Lib\site-packages\urllib3\connectionpool.py", line 490, in _make_request
    raise new_e
urllib3.exceptions.SSLError: [SSL: UNEXPECTED_EOF_WHILE_READING] EOF occurred in violation of protocol (_ssl.c:1000)

The above exception was the direct cause of the following exception:

Traceback (most recent call last):
  File "C:\programs\environments\py_312_tut\Lib\site-packages\requests\adapters.py", line 667, in send
    resp = conn.urlopen(
           ^^^^^^^^^^^^^
  File "C:\programs\environments\py_312_tut\Lib\site-packages\urllib3\connectionpool.py", line 843, in urlopen
    retries = retries.increment(
              ^^^^^^^^^^^^^^^^^^
  File "C:\programs\environments\py_312_tut\Lib\site-packages\urllib3\util\retry.py", line 519, in increment
    raise MaxRetryError(_pool, url, reason) from reason  # type: ignore[arg-type]
    ^^^^^^^^^^^^^^^^^^^^^^^^^^^^^^^^^^^^^^^^^^^^^^^^^^^
urllib3.exceptions.MaxRetryError: HTTPSConnectionPool(host='otd.delhi.gov.in', port=443): Max retries exceeded with url: /api/realtime/VehiclePositions.pb?key=Wnywij2jOl3N715nQzLAfOiBK4MdJwUe (Caused by SSLError(SSLEOFError(8, '[SSL: UNEXPECTED_EOF_WHILE_READING] EOF occurred in violation of protocol (_ssl.c:1000)')))

During handling of the above exception, another exception occurred:

Traceback (most recent call last):
  File "C:\programs\project_1222086\DTC2025\rt_vehicle_location.py", line 46, in importRealTimeData
    response = requests.get("https://otd.delhi.gov.in/api/realtime/VehiclePositions.pb?key=Wnywij2jOl3N715nQzLAfOiBK4MdJwUe")
               ^^^^^^^^^^^^^^^^^^^^^^^^^^^^^^^^^^^^^^^^^^^^^^^^^^^^^^^^^^^^^^^^^^^^^^^^^^^^^^^^^^^^^^^^^^^^^^^^^^^^^^^^^^^^^^
  File "C:\programs\environments\py_312_tut\Lib\site-packages\requests\api.py", line 73, in get
    return request("get", url, params=params, **kwargs)
           ^^^^^^^^^^^^^^^^^^^^^^^^^^^^^^^^^^^^^^^^^^^^
  File "C:\programs\environments\py_312_tut\Lib\site-packages\requests\api.py", line 59, in request
    return session.request(method=method, url=url, **kwargs)
           ^^^^^^^^^^^^^^^^^^^^^^^^^^^^^^^^^^^^^^^^^^^^^^^^^
  File "C:\programs\environments\py_312_tut\Lib\site-packages\requests\sessions.py", line 589, in request
    resp = self.send(prep, **send_kwargs)
           ^^^^^^^^^^^^^^^^^^^^^^^^^^^^^^
  File "C:\programs\environments\py_312_tut\Lib\site-packages\requests\sessions.py", line 703, in send
    r = adapter.send(request, **kwargs)
        ^^^^^^^^^^^^^^^^^^^^^^^^^^^^^^^
  File "C:\programs\environments\py_312_tut\Lib\site-packages\requests\adapters.py", line 698, in send
    raise SSLError(e, request=request)
requests.exceptions.SSLError: HTTPSConnectionPool(host='otd.delhi.gov.in', port=443): Max retries exceeded with url: /api/realtime/VehiclePositions.pb?key=Wnywij2jOl3N715nQzLAfOiBK4MdJwUe (Caused by SSLError(SSLEOFError(8, '[SSL: UNEXPECTED_EOF_WHILE_READING] EOF occurred in violation of protocol (_ssl.c:1000)')))
2025-04-21 11:10:07,090 - INFO - Finished
2025-04-21 11:30:24,773 - INFO - Started
2025-04-21 11:30:24,773 - INFO - Data fetched successfully.
2025-04-21 11:30:35,527 - INFO - Total records fetched: 2232
2025-04-21 11:30:35,854 - INFO - Total tripStartDateMapping records: 342
2025-04-21 11:30:35,854 - INFO - Total Filtered records: 6
2025-04-21 11:30:36,423 - INFO - Filtered records to be inserted into database: 6
2025-04-21 11:30:36,545 - INFO - Finished
2025-04-21 11:40:04,075 - INFO - Started
2025-04-21 11:40:04,075 - INFO - Data fetched successfully.
2025-04-21 11:40:27,851 - INFO - Total records fetched: 2204
2025-04-21 11:40:28,161 - INFO - Total tripStartDateMapping records: 342
2025-04-21 11:40:28,161 - INFO - Total Filtered records: 0
2025-04-21 11:40:28,706 - INFO - Filtered records to be inserted into database: 0
2025-04-21 11:40:28,708 - INFO - No new data to insert.
2025-04-21 11:40:28,753 - INFO - Finished
2025-04-21 11:50:15,561 - INFO - Started
2025-04-21 11:50:15,561 - INFO - Data fetched successfully.
2025-04-21 11:50:16,048 - INFO - Total records fetched: 0
2025-04-21 11:50:17,899 - INFO - Total tripStartDateMapping records: 342
2025-04-21 11:50:17,916 - INFO - Total Filtered records: 0
2025-04-21 11:50:19,166 - INFO - Filtered records to be inserted into database: 0
2025-04-21 11:50:19,234 - INFO - No new data to insert.
2025-04-21 11:50:19,366 - INFO - Finished
2025-04-21 12:01:11,146 - INFO - Started
2025-04-21 12:01:11,148 - INFO - Data fetched successfully.
2025-04-21 12:01:11,890 - INFO - Total records fetched: 2190
2025-04-21 12:01:12,740 - INFO - Total tripStartDateMapping records: 342
2025-04-21 12:01:12,740 - INFO - Total Filtered records: 6
2025-04-21 12:01:13,727 - INFO - Filtered records to be inserted into database: 6
2025-04-21 12:01:14,285 - INFO - Finished
2025-04-21 12:10:05,331 - INFO - Started
2025-04-21 12:10:05,334 - INFO - Data fetched successfully.
2025-04-21 12:10:06,088 - INFO - Total records fetched: 2170
2025-04-21 12:10:06,386 - INFO - Total tripStartDateMapping records: 342
2025-04-21 12:10:06,390 - INFO - Total Filtered records: 0
2025-04-21 12:10:06,944 - INFO - Filtered records to be inserted into database: 0
2025-04-21 12:10:06,953 - INFO - No new data to insert.
2025-04-21 12:10:06,991 - INFO - Finished
2025-04-21 12:50:16,828 - INFO - Started
2025-04-21 12:50:16,834 - INFO - Data fetched successfully.
2025-04-21 12:50:18,206 - INFO - Total records fetched: 2001
2025-04-21 12:50:18,640 - INFO - Total tripStartDateMapping records: 342
2025-04-21 12:50:18,640 - INFO - Total Filtered records: 2
2025-04-21 12:50:19,934 - INFO - Filtered records to be inserted into database: 2
2025-04-21 12:50:20,114 - INFO - Finished
2025-04-21 13:40:06,687 - INFO - Started
2025-04-21 13:40:06,691 - INFO - Data fetched successfully.
2025-04-21 13:40:07,616 - INFO - Total records fetched: 1746
2025-04-21 13:40:08,173 - INFO - Total tripStartDateMapping records: 342
2025-04-21 13:40:08,189 - INFO - Total Filtered records: 8
2025-04-21 13:40:09,416 - INFO - Filtered records to be inserted into database: 8
2025-04-21 13:40:09,517 - INFO - Finished
2025-04-21 14:20:05,392 - INFO - Started
2025-04-21 14:20:05,396 - INFO - Data fetched successfully.
2025-04-21 14:20:05,595 - INFO - Total records fetched: 0
2025-04-21 14:20:06,099 - INFO - Total tripStartDateMapping records: 342
2025-04-21 14:20:06,099 - INFO - Total Filtered records: 0
2025-04-21 14:20:07,352 - INFO - Filtered records to be inserted into database: 0
2025-04-21 14:20:07,352 - INFO - No new data to insert.
2025-04-21 14:20:07,373 - INFO - Finished
2025-04-21 14:30:04,635 - INFO - Started
2025-04-21 14:30:04,650 - INFO - Data fetched successfully.
2025-04-21 14:40:19,038 - INFO - Started
2025-04-21 14:40:19,042 - INFO - Data fetched successfully.
2025-04-21 14:40:19,746 - INFO - Total records fetched: 1617
2025-04-21 14:40:20,321 - INFO - Total tripStartDateMapping records: 342
2025-04-21 14:40:20,349 - INFO - Total Filtered records: 1
2025-04-21 14:40:25,402 - INFO - Filtered records to be inserted into database: 1
2025-04-21 14:40:25,866 - INFO - Finished
2025-04-21 14:50:05,054 - INFO - Started
2025-04-21 14:50:05,059 - INFO - Data fetched successfully.
2025-04-21 14:50:05,630 - INFO - Total records fetched: 1526
2025-04-21 14:50:05,855 - INFO - Total tripStartDateMapping records: 342
2025-04-21 14:50:05,855 - INFO - Total Filtered records: 0
2025-04-21 14:50:06,496 - INFO - Filtered records to be inserted into database: 0
2025-04-21 14:50:06,500 - INFO - No new data to insert.
2025-04-21 14:50:06,526 - INFO - Finished
2025-04-21 15:00:04,632 - INFO - Started
2025-04-21 15:00:04,632 - INFO - Data fetched successfully.
2025-04-21 15:00:05,391 - INFO - Total records fetched: 1607
2025-04-21 15:00:05,784 - INFO - Total tripStartDateMapping records: 342
2025-04-21 15:00:05,786 - INFO - Total Filtered records: 0
2025-04-21 15:00:06,277 - INFO - Filtered records to be inserted into database: 0
2025-04-21 15:00:06,294 - INFO - No new data to insert.
2025-04-21 15:00:06,310 - INFO - Finished
2025-04-21 15:10:06,161 - INFO - Started
2025-04-21 15:10:06,161 - INFO - Data fetched successfully.
2025-04-21 15:10:07,046 - INFO - Total records fetched: 1606
2025-04-21 15:10:07,294 - INFO - Total tripStartDateMapping records: 342
2025-04-21 15:10:07,294 - INFO - Total Filtered records: 0
2025-04-21 15:10:07,990 - INFO - Filtered records to be inserted into database: 0
2025-04-21 15:10:08,001 - INFO - No new data to insert.
2025-04-21 15:10:08,034 - INFO - Finished
2025-04-21 15:20:06,679 - INFO - Started
2025-04-21 15:20:06,679 - INFO - Data fetched successfully.
2025-04-21 15:20:07,862 - INFO - Total records fetched: 1611
2025-04-21 15:20:08,154 - INFO - Total tripStartDateMapping records: 342
2025-04-21 15:20:08,157 - INFO - Total Filtered records: 0
2025-04-21 15:20:09,280 - INFO - Filtered records to be inserted into database: 0
2025-04-21 15:20:09,284 - INFO - No new data to insert.
2025-04-21 15:20:09,304 - INFO - Finished
2025-04-21 21:30:14,249 - INFO - Started
2025-04-21 21:30:14,253 - INFO - Data fetched successfully.
2025-04-21 21:30:17,200 - INFO - Total records fetched: 1866
2025-04-21 21:30:17,915 - INFO - Total tripStartDateMapping records: 342
2025-04-21 21:30:17,915 - INFO - Total Filtered records: 1
2025-04-21 21:30:18,959 - INFO - Filtered records to be inserted into database: 1
2025-04-21 21:30:19,201 - INFO - Finished
2025-04-21 21:40:05,604 - INFO - Started
2025-04-21 21:40:05,608 - INFO - Data fetched successfully.
2025-04-21 21:40:06,610 - INFO - Total records fetched: 1756
2025-04-21 21:40:06,744 - INFO - Total tripStartDateMapping records: 342
2025-04-21 21:40:06,744 - INFO - Total Filtered records: 11
2025-04-21 21:40:07,983 - INFO - Filtered records to be inserted into database: 11
2025-04-21 21:40:08,090 - INFO - Finished
2025-04-21 21:50:05,838 - INFO - Started
2025-04-21 21:50:05,838 - INFO - Data fetched successfully.
2025-04-21 21:50:06,667 - INFO - Total records fetched: 1687
2025-04-21 21:50:06,758 - INFO - Total tripStartDateMapping records: 342
2025-04-21 21:50:06,758 - INFO - Total Filtered records: 1
2025-04-21 21:50:08,117 - INFO - Filtered records to be inserted into database: 1
2025-04-21 21:50:08,173 - INFO - Finished
2025-04-22 21:30:06,105 - INFO - Started
2025-04-22 21:30:06,105 - INFO - Data fetched successfully.
2025-04-22 21:30:07,505 - INFO - Total records fetched: 1863
2025-04-22 21:30:07,958 - INFO - Total tripStartDateMapping records: 342
2025-04-22 21:30:07,959 - INFO - Total Filtered records: 1
2025-04-22 21:30:09,361 - INFO - Filtered records to be inserted into database: 1
2025-04-22 21:30:11,073 - INFO - Finished
2025-04-22 22:20:13,132 - INFO - Started
2025-04-22 22:20:13,132 - INFO - Data fetched successfully.
2025-04-22 22:20:19,393 - INFO - Total records fetched: 1347
2025-04-22 22:20:21,126 - INFO - Total tripStartDateMapping records: 342
2025-04-22 22:20:21,126 - INFO - Total Filtered records: 2
2025-04-22 22:20:22,777 - INFO - Filtered records to be inserted into database: 2
2025-04-22 22:20:23,281 - INFO - Finished
2025-04-22 22:40:07,149 - INFO - Started
2025-04-22 22:40:07,153 - INFO - Data fetched successfully.
2025-04-22 22:40:07,780 - INFO - Total records fetched: 1200
2025-04-22 22:40:07,978 - INFO - Total tripStartDateMapping records: 342
2025-04-22 22:40:07,978 - INFO - Total Filtered records: 1
2025-04-22 22:40:09,366 - INFO - Filtered records to be inserted into database: 1
2025-04-22 22:40:09,480 - INFO - Finished
2025-04-22 22:50:06,878 - INFO - Started
2025-04-22 22:50:06,878 - INFO - Data fetched successfully.
2025-04-22 22:50:07,252 - INFO - Total records fetched: 863
2025-04-22 22:50:07,309 - INFO - Total tripStartDateMapping records: 342
2025-04-22 22:50:07,309 - INFO - Total Filtered records: 3
2025-04-22 22:50:08,267 - INFO - Filtered records to be inserted into database: 3
2025-04-22 22:50:08,323 - INFO - Finished
2025-04-22 23:00:04,284 - INFO - Started
2025-04-22 23:00:04,284 - INFO - Data fetched successfully.
2025-04-22 23:00:04,648 - INFO - Total records fetched: 718
2025-04-22 23:00:04,680 - INFO - Total tripStartDateMapping records: 342
2025-04-22 23:00:04,680 - INFO - Total Filtered records: 0
2025-04-22 23:00:05,202 - INFO - Filtered records to be inserted into database: 0
2025-04-22 23:00:05,202 - INFO - No new data to insert.
2025-04-22 23:00:05,213 - INFO - Finished
2025-04-22 23:10:03,294 - INFO - Started
2025-04-22 23:10:03,294 - INFO - Data fetched successfully.
2025-04-22 23:10:03,623 - INFO - Total records fetched: 866
2025-04-22 23:10:03,668 - INFO - Total tripStartDateMapping records: 342
2025-04-22 23:10:03,668 - INFO - Total Filtered records: 1
2025-04-22 23:10:04,484 - INFO - Filtered records to be inserted into database: 1
2025-04-22 23:10:04,507 - INFO - Finished
2025-04-22 23:20:06,155 - INFO - Started
2025-04-22 23:20:06,155 - INFO - Data fetched successfully.
2025-04-22 23:20:06,557 - INFO - Total records fetched: 813
2025-04-22 23:20:06,623 - INFO - Total tripStartDateMapping records: 342
2025-04-22 23:20:06,623 - INFO - Total Filtered records: 0
2025-04-22 23:20:07,759 - INFO - Filtered records to be inserted into database: 0
2025-04-22 23:20:07,766 - INFO - No new data to insert.
2025-04-22 23:20:07,786 - INFO - Finished
2025-04-24 11:30:39,988 - INFO - Started
2025-04-24 11:30:39,996 - INFO - Data fetched successfully.
2025-04-24 11:30:40,613 - INFO - Total records fetched: 2175
2025-04-24 11:30:40,933 - INFO - Total tripStartDateMapping records: 342
2025-04-24 11:30:40,935 - INFO - Total Filtered records: 4
2025-04-24 11:30:42,418 - INFO - Filtered records to be inserted into database: 4
2025-04-24 11:30:42,544 - INFO - Finished
2025-04-24 11:52:10,335 - INFO - Started
2025-04-24 11:52:11,115 - INFO - Data fetched successfully.
2025-04-24 11:52:15,056 - INFO - Total records fetched: 2070
2025-04-24 11:52:15,221 - INFO - Total tripStartDateMapping records: 342
2025-04-24 11:52:15,221 - INFO - Total Filtered records: 1
2025-04-24 11:52:16,616 - INFO - Filtered records to be inserted into database: 1
2025-04-24 11:52:16,932 - INFO - Finished
2025-04-24 12:00:07,074 - INFO - Started
2025-04-24 12:00:07,074 - INFO - Data fetched successfully.
2025-04-24 12:00:07,527 - INFO - Total records fetched: 2070
2025-04-24 12:00:07,858 - INFO - Total tripStartDateMapping records: 342
2025-04-24 12:00:07,859 - INFO - Total Filtered records: 3
2025-04-24 12:00:09,008 - INFO - Filtered records to be inserted into database: 3
2025-04-24 12:00:09,123 - INFO - Finished
2025-04-24 12:10:07,923 - INFO - Started
2025-04-24 12:10:07,925 - INFO - Data fetched successfully.
2025-04-24 12:10:08,159 - INFO - Total records fetched: 0
2025-04-24 12:10:08,662 - INFO - Total tripStartDateMapping records: 342
2025-04-24 12:10:08,664 - INFO - Total Filtered records: 0
2025-04-24 12:10:09,862 - INFO - Filtered records to be inserted into database: 0
2025-04-24 12:10:09,862 - INFO - No new data to insert.
2025-04-24 12:10:09,905 - INFO - Finished
2025-04-24 12:20:06,357 - INFO - Started
2025-04-24 12:20:06,357 - INFO - Data fetched successfully.
2025-04-24 12:20:07,351 - INFO - Total records fetched: 2059
2025-04-24 12:20:07,431 - INFO - Total tripStartDateMapping records: 342
2025-04-24 12:20:07,431 - INFO - Total Filtered records: 0
2025-04-24 12:20:08,570 - INFO - Filtered records to be inserted into database: 0
2025-04-24 12:20:08,585 - INFO - No new data to insert.
2025-04-24 12:20:08,601 - INFO - Finished
2025-04-24 12:30:28,856 - INFO - Started
2025-04-24 12:30:28,856 - INFO - Data fetched successfully.
2025-04-24 12:30:29,679 - INFO - Total records fetched: 1946
2025-04-24 12:30:29,872 - INFO - Total tripStartDateMapping records: 342
2025-04-24 12:30:29,872 - INFO - Total Filtered records: 0
2025-04-24 12:30:31,050 - INFO - Filtered records to be inserted into database: 0
2025-04-24 12:30:31,058 - INFO - No new data to insert.
2025-04-24 12:30:31,082 - INFO - Finished
2025-04-24 12:40:07,667 - INFO - Started
2025-04-24 12:40:07,667 - INFO - Data fetched successfully.
2025-04-24 12:40:08,406 - INFO - Total records fetched: 2006
2025-04-24 12:40:08,702 - INFO - Total tripStartDateMapping records: 342
2025-04-24 12:40:08,702 - INFO - Total Filtered records: 1
2025-04-24 12:40:09,854 - INFO - Filtered records to be inserted into database: 1
2025-04-24 12:40:10,000 - INFO - Finished
2025-04-24 12:50:05,514 - INFO - Started
2025-04-24 12:50:05,514 - INFO - Data fetched successfully.
2025-04-24 12:50:06,038 - INFO - Total records fetched: 1832
2025-04-24 12:50:06,129 - INFO - Total tripStartDateMapping records: 342
2025-04-24 12:50:06,129 - INFO - Total Filtered records: 0
2025-04-24 12:50:07,425 - INFO - Filtered records to be inserted into database: 0
2025-04-24 12:50:07,436 - INFO - No new data to insert.
2025-04-24 12:50:07,456 - INFO - Finished
2025-04-24 13:00:05,582 - INFO - Started
2025-04-24 13:00:05,582 - INFO - Data fetched successfully.
2025-04-24 13:00:06,037 - INFO - Total records fetched: 1758
2025-04-24 13:00:06,174 - INFO - Total tripStartDateMapping records: 342
2025-04-24 13:00:06,174 - INFO - Total Filtered records: 0
2025-04-24 13:00:07,596 - INFO - Filtered records to be inserted into database: 0
2025-04-24 13:00:07,596 - INFO - No new data to insert.
2025-04-24 13:00:07,620 - INFO - Finished
2025-04-24 13:10:04,468 - INFO - Started
2025-04-24 13:10:04,468 - INFO - Data fetched successfully.
2025-04-24 13:10:41,298 - INFO - Total records fetched: 1813
2025-04-24 13:10:41,413 - INFO - Total tripStartDateMapping records: 342
2025-04-24 13:10:41,413 - INFO - Total Filtered records: 0
2025-04-24 13:10:43,149 - INFO - Filtered records to be inserted into database: 0
2025-04-24 13:10:43,149 - INFO - No new data to insert.
2025-04-24 13:10:43,173 - INFO - Finished
2025-04-24 16:30:07,610 - INFO - Started
2025-04-24 16:30:07,659 - INFO - Data fetched successfully.
2025-04-24 16:30:15,085 - INFO - Total records fetched: 1784
2025-04-24 16:30:54,355 - INFO - Total tripStartDateMapping records: 342
2025-04-24 16:30:54,364 - INFO - Total Filtered records: 3
2025-04-24 16:30:56,101 - INFO - Filtered records to be inserted into database: 3
2025-04-24 16:30:56,448 - INFO - Finished
2025-04-24 16:40:06,680 - INFO - Started
2025-04-24 16:40:06,686 - INFO - Data fetched successfully.
2025-04-24 16:40:07,192 - INFO - Total records fetched: 0
2025-04-24 16:40:07,383 - INFO - Total tripStartDateMapping records: 342
2025-04-24 16:40:07,383 - INFO - Total Filtered records: 0
2025-04-24 16:40:08,357 - INFO - Filtered records to be inserted into database: 0
2025-04-24 16:40:08,364 - INFO - No new data to insert.
2025-04-24 16:40:08,404 - INFO - Finished
2025-04-25 18:40:09,412 - INFO - Started
2025-04-25 18:40:09,412 - INFO - Data fetched successfully.
2025-04-25 18:40:10,295 - INFO - Total records fetched: 2193
2025-04-25 18:40:10,800 - INFO - Total tripStartDateMapping records: 342
2025-04-25 18:40:10,800 - INFO - Total Filtered records: 0
2025-04-25 18:40:12,221 - INFO - Filtered records to be inserted into database: 0
2025-04-25 18:40:12,223 - INFO - No new data to insert.
2025-04-25 18:40:12,281 - INFO - Finished
2025-04-25 18:50:05,954 - INFO - Started
2025-04-25 18:50:05,964 - INFO - Data fetched successfully.
2025-04-25 18:50:06,513 - INFO - Total records fetched: 2268
2025-04-25 18:50:06,608 - INFO - Total tripStartDateMapping records: 342
2025-04-25 18:50:06,610 - INFO - Total Filtered records: 1
2025-04-25 18:50:07,556 - INFO - Filtered records to be inserted into database: 1
2025-04-25 18:50:07,750 - INFO - Finished
2025-04-25 22:10:07,540 - INFO - Started
2025-04-25 22:10:07,540 - INFO - Data fetched successfully.
2025-04-25 22:10:08,022 - INFO - Total records fetched: 1374
2025-04-25 22:10:08,432 - INFO - Total tripStartDateMapping records: 342
2025-04-25 22:10:08,437 - INFO - Total Filtered records: 0
2025-04-25 22:10:09,069 - INFO - Filtered records to be inserted into database: 0
2025-04-25 22:10:09,085 - INFO - No new data to insert.
2025-04-25 22:10:09,149 - INFO - Finished
2025-04-25 22:20:04,251 - INFO - Started
2025-04-25 22:20:04,255 - INFO - Data fetched successfully.
2025-04-25 22:20:10,249 - INFO - Total records fetched: 1223
2025-04-25 22:20:10,516 - INFO - Total tripStartDateMapping records: 342
2025-04-25 22:20:10,517 - INFO - Total Filtered records: 0
2025-04-25 22:20:11,480 - INFO - Filtered records to be inserted into database: 0
2025-04-25 22:20:11,487 - INFO - No new data to insert.
2025-04-25 22:20:11,525 - INFO - Finished
2025-04-25 22:30:05,962 - INFO - Started
2025-04-25 22:30:05,962 - INFO - Data fetched successfully.
2025-04-25 22:30:06,504 - INFO - Total records fetched: 1307
2025-04-25 22:30:06,569 - INFO - Total tripStartDateMapping records: 342
2025-04-25 22:30:06,569 - INFO - Total Filtered records: 0
2025-04-25 22:30:08,063 - INFO - Filtered records to be inserted into database: 0
2025-04-25 22:30:08,072 - INFO - No new data to insert.
2025-04-25 22:30:08,109 - INFO - Finished
2025-04-25 22:40:06,090 - INFO - Started
2025-04-25 22:40:06,096 - INFO - Data fetched successfully.
2025-04-25 22:40:06,659 - INFO - Total records fetched: 1047
2025-04-25 22:40:07,081 - INFO - Total tripStartDateMapping records: 342
2025-04-25 22:40:07,081 - INFO - Total Filtered records: 2
2025-04-25 22:40:08,105 - INFO - Filtered records to be inserted into database: 2
2025-04-25 22:40:08,451 - INFO - Finished
2025-04-25 22:50:04,913 - INFO - Started
2025-04-25 22:50:04,913 - INFO - Data fetched successfully.
2025-04-25 22:50:09,504 - INFO - Total records fetched: 1128
2025-04-25 22:50:09,611 - INFO - Total tripStartDateMapping records: 342
2025-04-25 22:50:09,611 - INFO - Total Filtered records: 0
2025-04-25 22:50:10,991 - INFO - Filtered records to be inserted into database: 0
2025-04-25 22:50:11,000 - INFO - No new data to insert.
2025-04-25 22:50:11,023 - INFO - Finished
2025-04-25 23:00:04,942 - INFO - Started
2025-04-25 23:00:04,955 - INFO - Data fetched successfully.
2025-04-25 23:00:08,501 - INFO - Total records fetched: 988
2025-04-25 23:00:08,633 - INFO - Total tripStartDateMapping records: 342
2025-04-25 23:00:08,633 - INFO - Total Filtered records: 2
2025-04-25 23:00:09,940 - INFO - Filtered records to be inserted into database: 2
2025-04-25 23:00:09,974 - INFO - Finished
2025-04-25 23:10:07,846 - INFO - Started
2025-04-25 23:10:07,852 - INFO - Data fetched successfully.
2025-04-25 23:10:11,279 - INFO - Total records fetched: 688
2025-04-25 23:10:11,354 - INFO - Total tripStartDateMapping records: 342
2025-04-25 23:10:11,359 - INFO - Total Filtered records: 0
2025-04-25 23:10:12,899 - INFO - Filtered records to be inserted into database: 0
2025-04-25 23:10:12,909 - INFO - No new data to insert.
2025-04-25 23:10:12,942 - INFO - Finished
2025-04-25 23:20:04,946 - INFO - Started
2025-04-25 23:20:04,946 - INFO - Data fetched successfully.
2025-04-25 23:20:05,470 - INFO - Total records fetched: 867
2025-04-25 23:20:05,603 - INFO - Total tripStartDateMapping records: 342
2025-04-25 23:20:05,603 - INFO - Total Filtered records: 0
2025-04-25 23:20:07,145 - INFO - Filtered records to be inserted into database: 0
2025-04-25 23:20:07,154 - INFO - No new data to insert.
2025-04-25 23:20:07,188 - INFO - Finished
2025-04-25 23:30:05,263 - INFO - Started
2025-04-25 23:30:05,263 - INFO - Data fetched successfully.
2025-04-25 23:30:05,575 - INFO - Total records fetched: 488
2025-04-25 23:30:05,637 - INFO - Total tripStartDateMapping records: 342
2025-04-25 23:30:05,637 - INFO - Total Filtered records: 0
2025-04-25 23:30:06,249 - INFO - Filtered records to be inserted into database: 0
2025-04-25 23:30:06,261 - INFO - No new data to insert.
2025-04-25 23:30:06,271 - INFO - Finished
2025-04-25 23:40:04,537 - INFO - Started
2025-04-25 23:40:04,537 - INFO - Data fetched successfully.
2025-04-25 23:40:07,137 - INFO - Total records fetched: 659
2025-04-25 23:40:07,195 - INFO - Total tripStartDateMapping records: 342
2025-04-25 23:40:07,196 - INFO - Total Filtered records: 0
2025-04-25 23:40:08,149 - INFO - Filtered records to be inserted into database: 0
2025-04-25 23:40:08,149 - INFO - No new data to insert.
2025-04-25 23:40:08,159 - INFO - Finished
2025-04-25 23:50:06,484 - INFO - Started
2025-04-25 23:50:06,486 - INFO - Data fetched successfully.
2025-04-25 23:50:08,824 - INFO - Total records fetched: 326
2025-04-25 23:50:08,973 - INFO - Total tripStartDateMapping records: 342
2025-04-25 23:50:08,973 - INFO - Total Filtered records: 0
2025-04-25 23:50:10,207 - INFO - Filtered records to be inserted into database: 0
2025-04-25 23:50:10,211 - INFO - No new data to insert.
2025-04-25 23:50:10,263 - INFO - Finished
2025-04-26 00:00:08,719 - INFO - Started
2025-04-26 00:00:08,725 - INFO - Data fetched successfully.
2025-04-26 00:00:09,029 - INFO - Total records fetched: 493
2025-04-26 00:00:09,165 - INFO - Total tripStartDateMapping records: 342
2025-04-26 00:00:09,165 - INFO - Total Filtered records: 0
2025-04-26 00:00:10,695 - INFO - Filtered records to be inserted into database: 0
2025-04-26 00:00:10,700 - INFO - No new data to insert.
2025-04-26 00:00:10,746 - INFO - Finished
2025-04-26 00:10:09,553 - INFO - Started
2025-04-26 00:10:09,557 - INFO - Data fetched successfully.
2025-04-26 00:10:10,018 - INFO - Total records fetched: 211
2025-04-26 00:10:10,376 - INFO - Total tripStartDateMapping records: 342
2025-04-26 00:10:10,378 - INFO - Total Filtered records: 0
2025-04-26 00:10:11,589 - INFO - Filtered records to be inserted into database: 0
2025-04-26 00:10:11,598 - INFO - No new data to insert.
2025-04-26 00:10:11,619 - INFO - Finished
2025-04-26 00:20:08,660 - INFO - Started
2025-04-26 00:20:08,660 - INFO - Data fetched successfully.
2025-04-26 00:20:08,996 - INFO - Total records fetched: 146
2025-04-26 00:20:09,408 - INFO - Total tripStartDateMapping records: 342
2025-04-26 00:20:09,408 - INFO - Total Filtered records: 0
2025-04-26 00:20:10,765 - INFO - Filtered records to be inserted into database: 0
2025-04-26 00:20:10,774 - INFO - No new data to insert.
2025-04-26 00:20:10,806 - INFO - Finished
2025-04-26 00:30:09,098 - INFO - Started
2025-04-26 00:30:09,098 - INFO - Data fetched successfully.
2025-04-26 00:30:09,426 - INFO - Total records fetched: 389
2025-04-26 00:30:09,670 - INFO - Total tripStartDateMapping records: 342
2025-04-26 00:30:09,670 - INFO - Total Filtered records: 0
2025-04-26 00:30:10,771 - INFO - Filtered records to be inserted into database: 0
2025-04-26 00:30:10,778 - INFO - No new data to insert.
2025-04-26 00:30:10,843 - INFO - Finished
2025-04-26 00:40:11,016 - INFO - Started
2025-04-26 00:40:11,016 - INFO - Data fetched successfully.
2025-04-26 00:40:11,265 - INFO - Total records fetched: 99
2025-04-26 00:40:11,779 - INFO - Total tripStartDateMapping records: 342
2025-04-26 00:40:11,779 - INFO - Total Filtered records: 0
2025-04-26 00:40:12,984 - INFO - Filtered records to be inserted into database: 0
2025-04-26 00:40:12,997 - INFO - No new data to insert.
2025-04-26 00:40:13,026 - INFO - Finished
2025-04-26 00:50:04,774 - INFO - Started
2025-04-26 00:50:04,774 - INFO - Data fetched successfully.
2025-04-26 00:50:05,020 - INFO - Total records fetched: 75
2025-04-26 00:50:05,083 - INFO - Total tripStartDateMapping records: 342
2025-04-26 00:50:05,083 - INFO - Total Filtered records: 0
2025-04-26 00:50:05,668 - INFO - Filtered records to be inserted into database: 0
2025-04-26 00:50:05,668 - INFO - No new data to insert.
2025-04-26 00:50:05,703 - INFO - Finished
2025-04-26 01:00:04,481 - INFO - Started
2025-04-26 01:00:04,481 - INFO - Data fetched successfully.
2025-04-26 01:00:04,795 - INFO - Total records fetched: 325
2025-04-26 01:00:04,881 - INFO - Total tripStartDateMapping records: 342
2025-04-26 01:00:04,881 - INFO - Total Filtered records: 0
2025-04-26 01:00:06,109 - INFO - Filtered records to be inserted into database: 0
2025-04-26 01:00:06,109 - INFO - No new data to insert.
2025-04-26 01:00:06,126 - INFO - Finished
2025-04-26 01:10:04,411 - INFO - Started
2025-04-26 01:10:04,411 - INFO - Data fetched successfully.
2025-04-26 01:10:04,791 - INFO - Total records fetched: 396
2025-04-26 01:10:04,863 - INFO - Total tripStartDateMapping records: 342
2025-04-26 01:10:04,863 - INFO - Total Filtered records: 0
2025-04-26 01:10:05,747 - INFO - Filtered records to be inserted into database: 0
2025-04-26 01:10:05,747 - INFO - No new data to insert.
2025-04-26 01:10:05,770 - INFO - Finished
2025-04-26 01:20:05,468 - INFO - Started
2025-04-26 01:20:05,468 - INFO - Data fetched successfully.
2025-04-26 01:20:05,818 - INFO - Total records fetched: 420
2025-04-26 01:20:05,893 - INFO - Total tripStartDateMapping records: 342
2025-04-26 01:20:05,893 - INFO - Total Filtered records: 0
2025-04-26 01:20:07,327 - INFO - Filtered records to be inserted into database: 0
2025-04-26 01:20:07,329 - INFO - No new data to insert.
2025-04-26 01:20:07,361 - INFO - Finished
2025-04-26 10:00:04,359 - INFO - Started
2025-04-26 10:00:04,359 - INFO - Data fetched successfully.
2025-04-26 10:00:05,391 - INFO - Total records fetched: 2381
2025-04-26 10:00:06,068 - INFO - Total tripStartDateMapping records: 342
2025-04-26 10:00:06,068 - INFO - Total Filtered records: 0
2025-04-26 10:00:06,992 - INFO - Filtered records to be inserted into database: 0
2025-04-26 10:00:06,993 - INFO - No new data to insert.
2025-04-26 10:00:07,061 - INFO - Finished
2025-04-26 10:10:04,624 - INFO - Started
2025-04-26 10:10:04,631 - INFO - Data fetched successfully.
2025-04-26 10:10:05,282 - INFO - Total records fetched: 2373
2025-04-26 10:10:05,918 - INFO - Total tripStartDateMapping records: 342
2025-04-26 10:10:05,918 - INFO - Total Filtered records: 0
2025-04-26 10:10:06,457 - INFO - Filtered records to be inserted into database: 0
2025-04-26 10:10:06,457 - INFO - No new data to insert.
2025-04-26 10:10:06,508 - INFO - Finished
2025-04-26 10:20:03,864 - INFO - Started
2025-04-26 10:20:03,864 - INFO - Data fetched successfully.
2025-04-26 10:20:04,326 - INFO - Total records fetched: 2402
2025-04-26 10:20:04,674 - INFO - Total tripStartDateMapping records: 342
2025-04-26 10:20:04,675 - INFO - Total Filtered records: 1
2025-04-26 10:20:05,204 - INFO - Filtered records to be inserted into database: 1
2025-04-26 10:20:05,331 - INFO - Finished
2025-04-26 11:11:07,535 - INFO - Started
2025-04-26 11:11:07,551 - INFO - Data fetched successfully.
2025-04-26 11:11:07,899 - INFO - Total records fetched: 0
2025-04-26 11:11:08,298 - INFO - Total tripStartDateMapping records: 342
2025-04-26 11:11:08,298 - INFO - Total Filtered records: 0
2025-04-26 11:11:12,069 - INFO - Filtered records to be inserted into database: 0
2025-04-26 11:11:12,085 - INFO - No new data to insert.
2025-04-26 11:11:12,213 - INFO - Finished
2025-04-26 11:12:31,446 - INFO - Started
2025-04-26 11:12:31,446 - INFO - Data fetched successfully.
2025-04-26 11:12:48,908 - INFO - Total records fetched: 2327
2025-04-26 11:12:48,969 - INFO - Total tripStartDateMapping records: 342
2025-04-26 11:12:48,969 - INFO - Total Filtered records: 7
2025-04-26 11:12:50,514 - INFO - Filtered records to be inserted into database: 7
2025-04-26 11:12:50,653 - INFO - Finished
2025-04-26 11:20:08,842 - INFO - Started
2025-04-26 11:20:08,843 - INFO - Data fetched successfully.
2025-04-26 11:20:09,969 - INFO - Total records fetched: 2260
2025-04-26 11:20:10,250 - INFO - Total tripStartDateMapping records: 342
2025-04-26 11:20:10,250 - INFO - Total Filtered records: 0
2025-04-26 11:20:11,628 - INFO - Filtered records to be inserted into database: 0
2025-04-26 11:20:11,670 - INFO - No new data to insert.
2025-04-26 11:20:11,850 - INFO - Finished
2025-04-26 11:50:06,837 - INFO - Started
2025-04-26 11:50:06,837 - INFO - Data fetched successfully.
2025-04-26 11:50:11,204 - INFO - Total records fetched: 2217
2025-04-26 11:50:11,390 - INFO - Total tripStartDateMapping records: 342
2025-04-26 11:50:11,390 - INFO - Total Filtered records: 1
2025-04-26 11:50:12,133 - INFO - Filtered records to be inserted into database: 1
2025-04-26 11:50:12,249 - INFO - Finished
2025-04-29 11:28:12,084 - INFO - Started
2025-04-29 11:28:12,084 - INFO - Data fetched successfully.
2025-04-29 11:28:12,288 - INFO - Total records fetched: 0
2025-04-29 11:28:13,127 - INFO - Total tripStartDateMapping records: 342
2025-04-29 11:28:13,127 - INFO - Total Filtered records: 0
2025-04-29 11:28:14,469 - INFO - Filtered records to be inserted into database: 0
2025-04-29 11:28:14,474 - INFO - No new data to insert.
2025-04-29 11:28:14,539 - INFO - Finished
2025-04-29 11:30:05,230 - INFO - Started
2025-04-29 11:30:05,230 - INFO - Data fetched successfully.
2025-04-29 11:30:05,847 - INFO - Total records fetched: 2313
2025-04-29 11:30:05,945 - INFO - Total tripStartDateMapping records: 342
2025-04-29 11:30:05,945 - INFO - Total Filtered records: 7
2025-04-29 11:30:06,943 - INFO - Filtered records to be inserted into database: 7
2025-04-29 11:30:07,115 - INFO - Finished
2025-04-29 11:40:08,985 - INFO - Started
2025-04-29 11:40:08,991 - INFO - Data fetched successfully.
2025-04-29 11:40:09,752 - ERROR - An error occurred: ('Connection broken: IncompleteRead(163573 bytes read, 80802 more expected)', IncompleteRead(163573 bytes read, 80802 more expected))
Traceback (most recent call last):
  File "C:\programs\environments\py_312_tut\Lib\site-packages\urllib3\response.py", line 748, in _error_catcher
    yield
  File "C:\programs\environments\py_312_tut\Lib\site-packages\urllib3\response.py", line 894, in _raw_read
    raise IncompleteRead(self._fp_bytes_read, self.length_remaining)
urllib3.exceptions.IncompleteRead: IncompleteRead(163573 bytes read, 80802 more expected)

The above exception was the direct cause of the following exception:

Traceback (most recent call last):
  File "C:\programs\environments\py_312_tut\Lib\site-packages\requests\models.py", line 820, in generate
    yield from self.raw.stream(chunk_size, decode_content=True)
  File "C:\programs\environments\py_312_tut\Lib\site-packages\urllib3\response.py", line 1060, in stream
    data = self.read(amt=amt, decode_content=decode_content)
           ^^^^^^^^^^^^^^^^^^^^^^^^^^^^^^^^^^^^^^^^^^^^^^^^^
  File "C:\programs\environments\py_312_tut\Lib\site-packages\urllib3\response.py", line 977, in read
    data = self._raw_read(amt)
           ^^^^^^^^^^^^^^^^^^^
  File "C:\programs\environments\py_312_tut\Lib\site-packages\urllib3\response.py", line 872, in _raw_read
    with self._error_catcher():
  File "C:\Users\Asus\AppData\Local\Programs\Python\Python312\Lib\contextlib.py", line 158, in __exit__
    self.gen.throw(value)
  File "C:\programs\environments\py_312_tut\Lib\site-packages\urllib3\response.py", line 772, in _error_catcher
    raise ProtocolError(arg, e) from e
urllib3.exceptions.ProtocolError: ('Connection broken: IncompleteRead(163573 bytes read, 80802 more expected)', IncompleteRead(163573 bytes read, 80802 more expected))

During handling of the above exception, another exception occurred:

Traceback (most recent call last):
  File "C:\programs\project_1222086\DTC2025\rt_vehicle_location.py", line 46, in importRealTimeData
    response = requests.get("https://otd.delhi.gov.in/api/realtime/VehiclePositions.pb?key=Wnywij2jOl3N715nQzLAfOiBK4MdJwUe")
               ^^^^^^^^^^^^^^^^^^^^^^^^^^^^^^^^^^^^^^^^^^^^^^^^^^^^^^^^^^^^^^^^^^^^^^^^^^^^^^^^^^^^^^^^^^^^^^^^^^^^^^^^^^^^^^
  File "C:\programs\environments\py_312_tut\Lib\site-packages\requests\api.py", line 73, in get
    return request("get", url, params=params, **kwargs)
           ^^^^^^^^^^^^^^^^^^^^^^^^^^^^^^^^^^^^^^^^^^^^
  File "C:\programs\environments\py_312_tut\Lib\site-packages\requests\api.py", line 59, in request
    return session.request(method=method, url=url, **kwargs)
           ^^^^^^^^^^^^^^^^^^^^^^^^^^^^^^^^^^^^^^^^^^^^^^^^^
  File "C:\programs\environments\py_312_tut\Lib\site-packages\requests\sessions.py", line 589, in request
    resp = self.send(prep, **send_kwargs)
           ^^^^^^^^^^^^^^^^^^^^^^^^^^^^^^
  File "C:\programs\environments\py_312_tut\Lib\site-packages\requests\sessions.py", line 746, in send
    r.content
  File "C:\programs\environments\py_312_tut\Lib\site-packages\requests\models.py", line 902, in content
    self._content = b"".join(self.iter_content(CONTENT_CHUNK_SIZE)) or b""
                    ^^^^^^^^^^^^^^^^^^^^^^^^^^^^^^^^^^^^^^^^^^^^^^^
  File "C:\programs\environments\py_312_tut\Lib\site-packages\requests\models.py", line 822, in generate
    raise ChunkedEncodingError(e)
requests.exceptions.ChunkedEncodingError: ('Connection broken: IncompleteRead(163573 bytes read, 80802 more expected)', IncompleteRead(163573 bytes read, 80802 more expected))
2025-04-29 11:40:09,915 - INFO - Finished
2025-04-29 11:50:06,337 - INFO - Started
2025-04-29 11:50:06,337 - INFO - Data fetched successfully.
2025-04-29 11:50:06,984 - INFO - Total records fetched: 2265
2025-04-29 11:50:07,460 - INFO - Total tripStartDateMapping records: 342
2025-04-29 11:50:07,462 - INFO - Total Filtered records: 2
2025-04-29 11:50:08,679 - INFO - Filtered records to be inserted into database: 2
2025-04-29 11:50:08,874 - INFO - Finished
2025-04-29 12:00:07,429 - INFO - Started
2025-04-29 12:00:07,431 - INFO - Data fetched successfully.
2025-04-29 12:00:08,548 - INFO - Total records fetched: 2297
2025-04-29 12:00:08,682 - INFO - Total tripStartDateMapping records: 342
2025-04-29 12:00:08,682 - INFO - Total Filtered records: 5
2025-04-29 12:00:10,102 - INFO - Filtered records to be inserted into database: 5
2025-04-29 12:00:10,251 - INFO - Finished
2025-04-29 12:11:14,847 - INFO - Started
2025-04-29 12:11:14,965 - INFO - Data fetched successfully.
2025-04-29 12:11:15,469 - INFO - Total records fetched: 2255
2025-04-29 12:11:15,801 - INFO - Total tripStartDateMapping records: 342
2025-04-29 12:11:15,801 - INFO - Total Filtered records: 1
2025-04-29 12:11:17,119 - INFO - Filtered records to be inserted into database: 1
2025-04-29 12:11:17,254 - INFO - Finished
2025-04-29 12:20:16,488 - INFO - Started
2025-04-29 12:20:16,488 - INFO - Data fetched successfully.
2025-04-29 12:20:17,172 - INFO - Total records fetched: 2177
2025-04-29 12:20:17,397 - INFO - Total tripStartDateMapping records: 342
2025-04-29 12:20:17,397 - INFO - Total Filtered records: 0
2025-04-29 12:20:18,226 - INFO - Filtered records to be inserted into database: 0
2025-04-29 12:20:18,226 - INFO - No new data to insert.
2025-04-29 12:20:18,261 - INFO - Finished
2025-04-29 12:30:05,523 - INFO - Started
2025-04-29 12:30:05,529 - INFO - Data fetched successfully.
2025-04-29 12:30:05,917 - INFO - Total records fetched: 0
2025-04-29 12:30:06,426 - INFO - Total tripStartDateMapping records: 342
2025-04-29 12:30:06,426 - INFO - Total Filtered records: 0
2025-04-29 12:30:06,924 - INFO - Filtered records to be inserted into database: 0
2025-04-29 12:30:06,933 - INFO - No new data to insert.
2025-04-29 12:30:06,967 - INFO - Finished
2025-04-29 12:50:07,146 - INFO - Started
2025-04-29 12:50:07,146 - INFO - Data fetched successfully.
2025-04-29 12:50:07,920 - INFO - Total records fetched: 2152
2025-04-29 12:50:08,331 - INFO - Total tripStartDateMapping records: 342
2025-04-29 12:50:08,331 - INFO - Total Filtered records: 2
2025-04-29 12:50:08,835 - INFO - Filtered records to be inserted into database: 2
2025-04-29 12:50:08,935 - INFO - Finished
2025-04-29 13:00:07,650 - INFO - Started
2025-04-29 13:00:07,655 - INFO - Data fetched successfully.
2025-04-29 13:00:08,149 - INFO - Total records fetched: 301
2025-04-29 13:00:08,511 - INFO - Total tripStartDateMapping records: 342
2025-04-29 13:00:08,511 - INFO - Total Filtered records: 0
2025-04-29 13:00:09,690 - INFO - Filtered records to be inserted into database: 0
2025-04-29 13:00:09,702 - INFO - No new data to insert.
2025-04-29 13:00:09,816 - INFO - Finished
2025-04-29 13:10:09,016 - INFO - Started
2025-04-29 13:10:09,029 - INFO - Data fetched successfully.
2025-04-29 13:10:09,762 - INFO - Total records fetched: 1916
2025-04-29 13:10:10,187 - INFO - Total tripStartDateMapping records: 342
2025-04-29 13:10:10,187 - INFO - Total Filtered records: 2
2025-04-29 13:10:11,462 - INFO - Filtered records to be inserted into database: 2
2025-04-29 13:10:11,609 - INFO - Finished
2025-04-29 13:20:11,975 - INFO - Started
2025-04-29 13:20:11,991 - INFO - Data fetched successfully.
2025-04-29 13:20:13,473 - INFO - Total records fetched: 1958
2025-04-29 13:20:13,939 - INFO - Total tripStartDateMapping records: 342
2025-04-29 13:20:13,939 - INFO - Total Filtered records: 9
2025-04-29 13:20:18,003 - INFO - Filtered records to be inserted into database: 9
2025-04-29 13:20:18,208 - INFO - Finished
2025-04-29 13:30:06,755 - INFO - Started
2025-04-29 13:30:06,756 - INFO - Data fetched successfully.
2025-04-29 13:30:07,497 - INFO - Total records fetched: 1804
2025-04-29 13:30:07,817 - INFO - Total tripStartDateMapping records: 342
2025-04-29 13:30:07,817 - INFO - Total Filtered records: 0
2025-04-29 13:30:08,941 - INFO - Filtered records to be inserted into database: 0
2025-04-29 13:30:08,949 - INFO - No new data to insert.
2025-04-29 13:30:09,002 - INFO - Finished
2025-04-29 13:40:07,240 - INFO - Started
2025-04-29 13:40:07,240 - INFO - Data fetched successfully.
2025-04-29 13:40:07,884 - INFO - Total records fetched: 1860
2025-04-29 13:40:08,351 - INFO - Total tripStartDateMapping records: 342
2025-04-29 13:40:08,351 - INFO - Total Filtered records: 0
2025-04-29 13:40:09,592 - INFO - Filtered records to be inserted into database: 0
2025-04-29 13:40:09,592 - INFO - No new data to insert.
2025-04-29 13:40:09,616 - INFO - Finished
2025-04-29 13:50:06,175 - INFO - Started
2025-04-29 13:50:06,175 - INFO - Data fetched successfully.
2025-04-29 13:50:06,851 - INFO - Total records fetched: 1711
2025-04-29 13:50:06,990 - INFO - Total tripStartDateMapping records: 342
2025-04-29 13:50:06,990 - INFO - Total Filtered records: 0
2025-04-29 13:50:07,960 - INFO - Filtered records to be inserted into database: 0
2025-04-29 13:50:07,976 - INFO - No new data to insert.
2025-04-29 13:50:07,998 - INFO - Finished
2025-04-29 14:02:09,550 - INFO - Started
2025-04-29 14:02:09,550 - INFO - Data fetched successfully.
2025-04-29 14:02:10,158 - INFO - Total records fetched: 1670
2025-04-29 14:02:10,483 - INFO - Total tripStartDateMapping records: 342
2025-04-29 14:02:10,483 - INFO - Total Filtered records: 0
2025-04-29 14:02:12,004 - INFO - Filtered records to be inserted into database: 0
2025-04-29 14:02:12,004 - INFO - No new data to insert.
2025-04-29 14:02:12,076 - INFO - Finished
2025-04-29 14:10:06,021 - INFO - Started
2025-04-29 14:10:06,021 - INFO - Data fetched successfully.
2025-04-29 14:10:06,826 - INFO - Total records fetched: 1702
2025-04-29 14:10:07,136 - INFO - Total tripStartDateMapping records: 342
2025-04-29 14:10:07,136 - INFO - Total Filtered records: 0
2025-04-29 14:10:08,101 - INFO - Filtered records to be inserted into database: 0
2025-04-29 14:10:08,105 - INFO - No new data to insert.
2025-04-29 14:10:08,185 - INFO - Finished
2025-04-29 14:31:08,456 - INFO - Started
2025-04-29 14:31:08,456 - INFO - Data fetched successfully.
2025-04-29 14:31:09,014 - INFO - Total records fetched: 1740
2025-04-29 14:31:09,398 - INFO - Total tripStartDateMapping records: 342
2025-04-29 14:31:09,398 - INFO - Total Filtered records: 3
2025-04-29 14:31:09,935 - INFO - Filtered records to be inserted into database: 3
2025-04-29 14:31:10,033 - INFO - Finished
2025-04-29 14:50:05,422 - INFO - Started
2025-04-29 14:50:05,449 - INFO - Data fetched successfully.
2025-04-29 14:50:06,107 - INFO - Total records fetched: 1617
2025-04-29 14:50:06,251 - INFO - Total tripStartDateMapping records: 342
2025-04-29 14:50:06,251 - INFO - Total Filtered records: 0
2025-04-29 14:50:06,755 - INFO - Filtered records to be inserted into database: 0
2025-04-29 14:50:06,758 - INFO - No new data to insert.
2025-04-29 14:50:06,771 - INFO - Finished
2025-04-29 15:00:09,191 - INFO - Started
2025-04-29 15:00:09,191 - INFO - Data fetched successfully.
2025-04-29 15:00:09,784 - INFO - Total records fetched: 1513
2025-04-29 15:00:09,874 - INFO - Total tripStartDateMapping records: 342
2025-04-29 15:00:09,874 - INFO - Total Filtered records: 0
2025-04-29 15:00:11,575 - INFO - Filtered records to be inserted into database: 0
2025-04-29 15:00:11,584 - INFO - No new data to insert.
2025-04-29 15:00:11,656 - INFO - Finished
2025-04-29 15:10:15,691 - INFO - Started
2025-04-29 15:10:15,696 - INFO - Data fetched successfully.
2025-04-29 15:10:16,522 - INFO - Total records fetched: 1543
2025-04-29 15:10:17,450 - INFO - Total tripStartDateMapping records: 342
2025-04-29 15:10:17,450 - INFO - Total Filtered records: 0
2025-04-29 15:10:18,187 - INFO - Filtered records to be inserted into database: 0
2025-04-29 15:10:18,191 - INFO - No new data to insert.
2025-04-29 15:10:18,213 - INFO - Finished
2025-04-29 15:20:10,737 - INFO - Started
2025-04-29 15:20:10,739 - INFO - Data fetched successfully.
2025-04-29 15:20:11,363 - INFO - Total records fetched: 1751
2025-04-29 15:20:11,726 - INFO - Total tripStartDateMapping records: 342
2025-04-29 15:20:11,726 - INFO - Total Filtered records: 0
2025-04-29 15:20:12,353 - INFO - Filtered records to be inserted into database: 0
2025-04-29 15:20:12,353 - INFO - No new data to insert.
2025-04-29 15:20:12,411 - INFO - Finished
2025-04-29 15:30:07,046 - INFO - Started
2025-04-29 15:30:07,047 - INFO - Data fetched successfully.
2025-04-29 15:30:07,624 - INFO - Total records fetched: 1576
2025-04-29 15:30:07,899 - INFO - Total tripStartDateMapping records: 342
2025-04-29 15:30:07,899 - INFO - Total Filtered records: 3
2025-04-29 15:30:08,815 - INFO - Filtered records to be inserted into database: 3
2025-04-29 15:30:08,911 - INFO - Finished
2025-04-29 15:50:16,036 - INFO - Started
2025-04-29 15:50:16,036 - INFO - Data fetched successfully.
2025-04-29 15:50:16,330 - INFO - Total records fetched: 4
2025-04-29 15:50:16,775 - INFO - Total tripStartDateMapping records: 342
2025-04-29 15:50:16,775 - INFO - Total Filtered records: 0
2025-04-29 15:50:18,128 - INFO - Filtered records to be inserted into database: 0
2025-04-29 15:50:18,130 - INFO - No new data to insert.
2025-04-29 15:50:18,146 - INFO - Finished
2025-04-29 16:00:08,079 - INFO - Started
2025-04-29 16:00:08,141 - INFO - Data fetched successfully.
2025-04-29 16:00:08,848 - INFO - Total records fetched: 1759
2025-04-29 16:00:09,363 - INFO - Total tripStartDateMapping records: 342
2025-04-29 16:00:09,363 - INFO - Total Filtered records: 0
2025-04-29 16:00:10,356 - INFO - Filtered records to be inserted into database: 0
2025-04-29 16:00:10,361 - INFO - No new data to insert.
2025-04-29 16:00:10,418 - INFO - Finished
2025-04-29 16:10:08,728 - INFO - Started
2025-04-29 16:10:08,729 - INFO - Data fetched successfully.
2025-04-29 16:10:10,629 - INFO - Total records fetched: 1709
2025-04-29 16:10:10,842 - INFO - Total tripStartDateMapping records: 342
2025-04-29 16:10:10,842 - INFO - Total Filtered records: 0
2025-04-29 16:10:12,053 - INFO - Filtered records to be inserted into database: 0
2025-04-29 16:10:12,053 - INFO - No new data to insert.
2025-04-29 16:10:12,072 - INFO - Finished
2025-04-29 16:20:08,148 - INFO - Started
2025-04-29 16:20:08,158 - INFO - Data fetched successfully.
2025-04-29 16:20:08,963 - INFO - Total records fetched: 1813
2025-04-29 16:20:09,380 - INFO - Total tripStartDateMapping records: 342
2025-04-29 16:20:09,388 - INFO - Total Filtered records: 0
2025-04-29 16:20:10,831 - INFO - Filtered records to be inserted into database: 0
2025-04-29 16:20:10,834 - INFO - No new data to insert.
2025-04-29 16:20:10,880 - INFO - Finished
2025-04-29 16:30:07,489 - INFO - Started
2025-04-29 16:30:07,490 - INFO - Data fetched successfully.
2025-04-29 16:30:08,267 - INFO - Total records fetched: 1978
2025-04-29 16:30:08,731 - INFO - Total tripStartDateMapping records: 342
2025-04-29 16:30:08,731 - INFO - Total Filtered records: 0
2025-04-29 16:30:09,918 - INFO - Filtered records to be inserted into database: 0
2025-04-29 16:30:09,918 - INFO - No new data to insert.
2025-04-29 16:30:09,999 - INFO - Finished
2025-04-29 16:40:08,368 - INFO - Started
2025-04-29 16:40:08,369 - INFO - Data fetched successfully.
2025-04-29 16:40:09,085 - INFO - Total records fetched: 1925
2025-04-29 16:40:09,448 - INFO - Total tripStartDateMapping records: 342
2025-04-29 16:40:09,448 - INFO - Total Filtered records: 0
2025-04-29 16:40:10,657 - INFO - Filtered records to be inserted into database: 0
2025-04-29 16:40:10,663 - INFO - No new data to insert.
2025-04-29 16:40:10,715 - INFO - Finished
2025-04-29 16:50:09,198 - INFO - Started
2025-04-29 16:50:09,198 - INFO - Data fetched successfully.
2025-04-29 16:50:09,867 - INFO - Total records fetched: 2081
2025-04-29 16:50:10,248 - INFO - Total tripStartDateMapping records: 342
2025-04-29 16:50:10,248 - INFO - Total Filtered records: 0
2025-04-29 16:50:11,373 - INFO - Filtered records to be inserted into database: 0
2025-04-29 16:50:11,376 - INFO - No new data to insert.
2025-04-29 16:50:11,391 - INFO - Finished
2025-04-29 17:00:09,428 - INFO - Started
2025-04-29 17:00:09,432 - INFO - Data fetched successfully.
2025-04-29 17:00:10,649 - INFO - Total records fetched: 2171
2025-04-29 17:00:11,103 - INFO - Total tripStartDateMapping records: 342
2025-04-29 17:00:11,103 - INFO - Total Filtered records: 0
2025-04-29 17:00:12,763 - INFO - Filtered records to be inserted into database: 0
2025-04-29 17:00:12,769 - INFO - No new data to insert.
2025-04-29 17:00:12,801 - INFO - Finished
2025-04-29 17:10:05,887 - INFO - Started
2025-04-29 17:10:05,887 - INFO - Data fetched successfully.
2025-04-29 20:20:17,812 - INFO - Started
2025-04-29 20:20:17,812 - INFO - Data fetched successfully.
2025-04-29 20:20:20,569 - INFO - Total records fetched: 2187
2025-04-29 20:20:22,134 - INFO - Total tripStartDateMapping records: 342
2025-04-29 20:20:22,134 - INFO - Total Filtered records: 0
2025-04-29 20:20:23,235 - INFO - Filtered records to be inserted into database: 0
2025-04-29 20:20:23,235 - INFO - No new data to insert.
2025-04-29 20:20:23,340 - INFO - Finished
2025-04-29 20:30:04,103 - INFO - Started
2025-04-29 20:30:04,103 - INFO - Data fetched successfully.
2025-04-29 20:30:04,685 - INFO - Total records fetched: 2235
2025-04-29 20:30:04,879 - INFO - Total tripStartDateMapping records: 342
2025-04-29 20:30:04,879 - INFO - Total Filtered records: 1
2025-04-29 20:40:03,992 - INFO - Started
2025-04-29 20:40:03,992 - INFO - Data fetched successfully.
2025-04-29 20:40:04,986 - INFO - Total records fetched: 2131
2025-04-29 20:40:05,018 - INFO - Total tripStartDateMapping records: 342
2025-04-29 20:40:05,018 - INFO - Total Filtered records: 0
2025-04-29 20:40:05,495 - INFO - Filtered records to be inserted into database: 0
2025-04-29 20:40:05,495 - INFO - No new data to insert.
2025-04-29 20:40:05,509 - INFO - Finished
2025-04-29 20:50:07,041 - INFO - Started
2025-04-29 20:50:07,041 - INFO - Data fetched successfully.
2025-04-29 20:50:08,405 - INFO - Total records fetched: 2110
2025-04-29 20:50:09,094 - INFO - Total tripStartDateMapping records: 342
2025-04-29 20:50:09,094 - INFO - Total Filtered records: 0
2025-04-29 20:50:09,658 - INFO - Filtered records to be inserted into database: 0
2025-04-29 20:50:09,665 - INFO - No new data to insert.
2025-04-29 20:50:09,716 - INFO - Finished
2025-04-29 21:10:05,334 - INFO - Started
2025-04-29 21:10:05,334 - INFO - Data fetched successfully.
2025-04-29 21:10:06,287 - INFO - Total records fetched: 1955
2025-04-29 21:10:06,905 - INFO - Total tripStartDateMapping records: 342
2025-04-29 21:10:06,905 - INFO - Total Filtered records: 0
2025-04-29 21:10:08,413 - INFO - Filtered records to be inserted into database: 0
2025-04-29 21:10:08,416 - INFO - No new data to insert.
2025-04-29 21:10:08,458 - INFO - Finished
2025-04-29 21:20:05,313 - INFO - Started
2025-04-29 21:20:05,333 - INFO - Data fetched successfully.
2025-04-29 21:20:06,728 - INFO - Total records fetched: 1828
2025-04-29 21:20:06,803 - INFO - Total tripStartDateMapping records: 342
2025-04-29 21:20:06,803 - INFO - Total Filtered records: 0
2025-04-29 21:20:08,118 - INFO - Filtered records to be inserted into database: 0
2025-04-29 21:20:08,118 - INFO - No new data to insert.
2025-04-29 21:20:08,130 - INFO - Finished
2025-04-29 22:00:06,353 - INFO - Started
2025-04-29 22:00:06,353 - INFO - Data fetched successfully.
2025-04-29 22:00:06,860 - INFO - Total records fetched: 1554
2025-04-29 22:00:07,374 - INFO - Total tripStartDateMapping records: 342
2025-04-29 22:00:07,374 - INFO - Total Filtered records: 6
2025-04-29 22:00:08,727 - INFO - Filtered records to be inserted into database: 6
2025-04-29 22:00:08,841 - INFO - Finished
2025-04-29 22:10:06,954 - INFO - Started
2025-04-29 22:10:06,954 - INFO - Data fetched successfully.
2025-04-29 22:10:07,549 - INFO - Total records fetched: 1412
2025-04-29 22:10:07,996 - INFO - Total tripStartDateMapping records: 342
2025-04-29 22:10:07,996 - INFO - Total Filtered records: 0
2025-04-29 22:10:09,309 - INFO - Filtered records to be inserted into database: 0
2025-04-29 22:10:09,317 - INFO - No new data to insert.
2025-04-29 22:10:09,331 - INFO - Finished
2025-04-30 12:21:06,133 - INFO - Started
2025-04-30 12:21:06,196 - INFO - Data fetched successfully.
2025-04-30 12:21:07,466 - INFO - Total records fetched: 2153
2025-04-30 12:21:09,148 - INFO - Total tripStartDateMapping records: 342
2025-04-30 12:21:09,148 - INFO - Total Filtered records: 7
2025-04-30 12:21:11,241 - INFO - Filtered records to be inserted into database: 7
2025-04-30 12:21:11,746 - INFO - Finished
2025-04-30 12:30:06,093 - INFO - Started
2025-04-30 12:30:06,105 - INFO - Data fetched successfully.
2025-04-30 12:30:10,401 - INFO - Total records fetched: 2238
2025-04-30 12:30:10,919 - INFO - Total tripStartDateMapping records: 342
2025-04-30 12:30:10,927 - INFO - Total Filtered records: 4
2025-04-30 12:30:12,126 - INFO - Filtered records to be inserted into database: 4
2025-04-30 12:30:12,332 - INFO - Finished
2025-04-30 12:40:10,338 - INFO - Started
2025-04-30 12:40:10,338 - INFO - Data fetched successfully.
2025-04-30 12:40:10,905 - INFO - Total records fetched: 2097
2025-04-30 12:40:11,278 - INFO - Total tripStartDateMapping records: 342
2025-04-30 12:40:11,278 - INFO - Total Filtered records: 1
2025-04-30 12:40:12,354 - INFO - Filtered records to be inserted into database: 1
2025-04-30 12:40:12,470 - INFO - Finished
2025-04-30 12:50:06,317 - INFO - Started
2025-04-30 12:50:06,317 - INFO - Data fetched successfully.
2025-04-30 12:50:06,633 - INFO - Total records fetched: 0
2025-04-30 12:50:06,969 - INFO - Total tripStartDateMapping records: 342
2025-04-30 12:50:06,969 - INFO - Total Filtered records: 0
2025-04-30 12:50:08,128 - INFO - Filtered records to be inserted into database: 0
2025-04-30 12:50:08,130 - INFO - No new data to insert.
2025-04-30 12:50:08,176 - INFO - Finished
2025-04-30 13:00:08,017 - INFO - Started
2025-04-30 13:00:08,017 - INFO - Data fetched successfully.
2025-04-30 13:00:14,665 - INFO - Total records fetched: 2046
2025-04-30 13:00:15,053 - INFO - Total tripStartDateMapping records: 342
2025-04-30 13:00:15,053 - INFO - Total Filtered records: 8
2025-04-30 13:00:16,181 - INFO - Filtered records to be inserted into database: 8
2025-04-30 13:00:16,333 - INFO - Finished
2025-04-30 14:43:38,516 - INFO - Started
2025-04-30 14:43:38,525 - INFO - Data fetched successfully.
2025-04-30 14:43:39,612 - INFO - Total records fetched: 1665
2025-04-30 14:43:39,905 - INFO - Total tripStartDateMapping records: 342
2025-04-30 14:43:39,905 - INFO - Total Filtered records: 4
2025-04-30 14:43:40,522 - INFO - Filtered records to be inserted into database: 4
2025-04-30 14:43:40,629 - INFO - Finished
2025-04-30 14:50:05,400 - INFO - Started
2025-04-30 14:50:05,413 - INFO - Data fetched successfully.
2025-04-30 14:50:06,142 - INFO - Total records fetched: 1632
2025-04-30 14:50:06,217 - INFO - Total tripStartDateMapping records: 342
2025-04-30 14:50:06,217 - INFO - Total Filtered records: 0
2025-04-30 14:50:07,720 - INFO - Filtered records to be inserted into database: 0
2025-04-30 14:50:07,726 - INFO - No new data to insert.
2025-04-30 14:50:07,802 - INFO - Finished
2025-04-30 15:00:06,896 - INFO - Started
2025-04-30 15:00:06,896 - INFO - Data fetched successfully.
2025-04-30 15:00:07,721 - INFO - Total records fetched: 1683
2025-04-30 15:00:07,853 - INFO - Total tripStartDateMapping records: 342
2025-04-30 15:00:07,853 - INFO - Total Filtered records: 0
2025-04-30 15:00:08,870 - INFO - Filtered records to be inserted into database: 0
2025-04-30 15:00:08,870 - INFO - No new data to insert.
2025-04-30 15:00:08,889 - INFO - Finished
2025-04-30 15:10:07,661 - INFO - Started
2025-04-30 15:10:07,661 - INFO - Data fetched successfully.
2025-04-30 15:10:08,444 - INFO - Total records fetched: 1604
2025-04-30 15:10:08,852 - INFO - Total tripStartDateMapping records: 342
2025-04-30 15:10:08,852 - INFO - Total Filtered records: 0
2025-04-30 15:10:10,204 - INFO - Filtered records to be inserted into database: 0
2025-04-30 15:10:10,214 - INFO - No new data to insert.
2025-04-30 15:10:10,230 - INFO - Finished
2025-04-30 15:20:05,273 - INFO - Started
2025-04-30 15:20:05,275 - INFO - Data fetched successfully.
2025-04-30 15:20:06,403 - INFO - Total records fetched: 1740
2025-04-30 15:20:06,506 - INFO - Total tripStartDateMapping records: 342
2025-04-30 15:20:06,507 - INFO - Total Filtered records: 0
2025-04-30 15:20:07,631 - INFO - Filtered records to be inserted into database: 0
2025-04-30 15:20:07,641 - INFO - No new data to insert.
2025-04-30 15:20:07,687 - INFO - Finished
2025-04-30 20:40:06,172 - INFO - Started
2025-04-30 20:40:06,172 - INFO - Data fetched successfully.
2025-04-30 20:40:17,139 - INFO - Total records fetched: 2124
2025-04-30 20:40:17,810 - INFO - Total tripStartDateMapping records: 342
2025-04-30 20:40:17,811 - INFO - Total Filtered records: 1
2025-04-30 20:40:19,265 - INFO - Filtered records to be inserted into database: 1
2025-04-30 20:40:19,350 - INFO - Finished
2025-04-30 20:50:06,513 - INFO - Started
2025-04-30 20:50:06,518 - INFO - Data fetched successfully.
2025-04-30 20:50:07,080 - INFO - Total records fetched: 2152
2025-04-30 20:50:07,142 - INFO - Total tripStartDateMapping records: 342
2025-04-30 20:50:07,142 - INFO - Total Filtered records: 1
2025-04-30 20:50:08,514 - INFO - Filtered records to be inserted into database: 1
2025-04-30 20:50:08,548 - INFO - Finished
2025-04-30 21:00:02,959 - INFO - Started
2025-04-30 21:00:02,959 - INFO - Data fetched successfully.
2025-04-30 21:00:04,062 - INFO - Total records fetched: 0
2025-04-30 21:00:04,143 - INFO - Total tripStartDateMapping records: 342
2025-04-30 21:00:04,143 - INFO - Total Filtered records: 0
2025-04-30 21:00:05,204 - INFO - Filtered records to be inserted into database: 0
2025-04-30 21:00:05,204 - INFO - No new data to insert.
2025-04-30 21:00:05,219 - INFO - Finished
2025-04-30 21:10:02,864 - INFO - Started
2025-04-30 21:10:02,877 - INFO - Data fetched successfully.
2025-04-30 21:10:10,436 - INFO - Total records fetched: 2058
2025-04-30 21:10:10,510 - INFO - Total tripStartDateMapping records: 342
2025-04-30 21:10:10,526 - INFO - Total Filtered records: 0
2025-04-30 21:10:11,945 - INFO - Filtered records to be inserted into database: 0
2025-04-30 21:10:11,945 - INFO - No new data to insert.
2025-04-30 21:10:11,969 - INFO - Finished
2025-04-30 21:20:05,569 - INFO - Started
2025-04-30 21:20:05,569 - INFO - Data fetched successfully.
2025-04-30 21:20:13,462 - INFO - Total records fetched: 2014
2025-04-30 21:20:13,510 - INFO - Total tripStartDateMapping records: 342
2025-04-30 21:20:13,510 - INFO - Total Filtered records: 0
2025-04-30 21:20:14,821 - INFO - Filtered records to be inserted into database: 0
2025-04-30 21:20:14,821 - INFO - No new data to insert.
2025-04-30 21:20:14,855 - INFO - Finished
2025-04-30 21:30:04,190 - INFO - Started
2025-04-30 21:30:04,190 - INFO - Data fetched successfully.
2025-04-30 21:30:11,549 - INFO - Total records fetched: 1799
2025-04-30 21:30:11,675 - INFO - Total tripStartDateMapping records: 342
2025-04-30 21:30:11,677 - INFO - Total Filtered records: 0
2025-04-30 21:30:12,944 - INFO - Filtered records to be inserted into database: 0
2025-04-30 21:30:12,944 - INFO - No new data to insert.
2025-04-30 21:30:12,962 - INFO - Finished
2025-04-30 22:00:07,270 - INFO - Started
2025-04-30 22:00:07,270 - INFO - Data fetched successfully.
2025-04-30 22:00:13,645 - INFO - Total records fetched: 1674
2025-04-30 22:00:14,315 - INFO - Total tripStartDateMapping records: 342
2025-04-30 22:00:14,316 - INFO - Total Filtered records: 0
2025-04-30 22:00:15,781 - INFO - Filtered records to be inserted into database: 0
2025-04-30 22:00:15,781 - INFO - No new data to insert.
2025-04-30 22:00:15,819 - INFO - Finished
2025-05-01 03:09:46,341 - INFO - Started
2025-05-01 03:09:46,341 - INFO - Data fetched successfully.
2025-05-01 03:09:46,341 - ERROR - An error occurred: HTTPSConnectionPool(host='otd.delhi.gov.in', port=443): Max retries exceeded with url: /api/realtime/VehiclePositions.pb?key=Wnywij2jOl3N715nQzLAfOiBK4MdJwUe (Caused by NameResolutionError("<urllib3.connection.HTTPSConnection object at 0x000002D199BEBC50>: Failed to resolve 'otd.delhi.gov.in' ([Errno 11001] getaddrinfo failed)"))
Traceback (most recent call last):
  File "C:\programs\environments\py_312_tut\Lib\site-packages\urllib3\connection.py", line 199, in _new_conn
    sock = connection.create_connection(
           ^^^^^^^^^^^^^^^^^^^^^^^^^^^^^
  File "C:\programs\environments\py_312_tut\Lib\site-packages\urllib3\util\connection.py", line 60, in create_connection
    for res in socket.getaddrinfo(host, port, family, socket.SOCK_STREAM):
               ^^^^^^^^^^^^^^^^^^^^^^^^^^^^^^^^^^^^^^^^^^^^^^^^^^^^^^^^^^
  File "C:\Users\Asus\AppData\Local\Programs\Python\Python312\Lib\socket.py", line 964, in getaddrinfo
    for res in _socket.getaddrinfo(host, port, family, type, proto, flags):
               ^^^^^^^^^^^^^^^^^^^^^^^^^^^^^^^^^^^^^^^^^^^^^^^^^^^^^^^^^^^
socket.gaierror: [Errno 11001] getaddrinfo failed

The above exception was the direct cause of the following exception:

Traceback (most recent call last):
  File "C:\programs\environments\py_312_tut\Lib\site-packages\urllib3\connectionpool.py", line 789, in urlopen
    response = self._make_request(
               ^^^^^^^^^^^^^^^^^^^
  File "C:\programs\environments\py_312_tut\Lib\site-packages\urllib3\connectionpool.py", line 490, in _make_request
    raise new_e
  File "C:\programs\environments\py_312_tut\Lib\site-packages\urllib3\connectionpool.py", line 466, in _make_request
    self._validate_conn(conn)
  File "C:\programs\environments\py_312_tut\Lib\site-packages\urllib3\connectionpool.py", line 1095, in _validate_conn
    conn.connect()
  File "C:\programs\environments\py_312_tut\Lib\site-packages\urllib3\connection.py", line 693, in connect
    self.sock = sock = self._new_conn()
                       ^^^^^^^^^^^^^^^^
  File "C:\programs\environments\py_312_tut\Lib\site-packages\urllib3\connection.py", line 206, in _new_conn
    raise NameResolutionError(self.host, self, e) from e
urllib3.exceptions.NameResolutionError: <urllib3.connection.HTTPSConnection object at 0x000002D199BEBC50>: Failed to resolve 'otd.delhi.gov.in' ([Errno 11001] getaddrinfo failed)

The above exception was the direct cause of the following exception:

Traceback (most recent call last):
  File "C:\programs\environments\py_312_tut\Lib\site-packages\requests\adapters.py", line 667, in send
    resp = conn.urlopen(
           ^^^^^^^^^^^^^
  File "C:\programs\environments\py_312_tut\Lib\site-packages\urllib3\connectionpool.py", line 843, in urlopen
    retries = retries.increment(
              ^^^^^^^^^^^^^^^^^^
  File "C:\programs\environments\py_312_tut\Lib\site-packages\urllib3\util\retry.py", line 519, in increment
    raise MaxRetryError(_pool, url, reason) from reason  # type: ignore[arg-type]
    ^^^^^^^^^^^^^^^^^^^^^^^^^^^^^^^^^^^^^^^^^^^^^^^^^^^
urllib3.exceptions.MaxRetryError: HTTPSConnectionPool(host='otd.delhi.gov.in', port=443): Max retries exceeded with url: /api/realtime/VehiclePositions.pb?key=Wnywij2jOl3N715nQzLAfOiBK4MdJwUe (Caused by NameResolutionError("<urllib3.connection.HTTPSConnection object at 0x000002D199BEBC50>: Failed to resolve 'otd.delhi.gov.in' ([Errno 11001] getaddrinfo failed)"))

During handling of the above exception, another exception occurred:

Traceback (most recent call last):
  File "C:\programs\project_1222086\DTC2025\rt_vehicle_location.py", line 46, in importRealTimeData
    response = requests.get("https://otd.delhi.gov.in/api/realtime/VehiclePositions.pb?key=Wnywij2jOl3N715nQzLAfOiBK4MdJwUe")
               ^^^^^^^^^^^^^^^^^^^^^^^^^^^^^^^^^^^^^^^^^^^^^^^^^^^^^^^^^^^^^^^^^^^^^^^^^^^^^^^^^^^^^^^^^^^^^^^^^^^^^^^^^^^^^^
  File "C:\programs\environments\py_312_tut\Lib\site-packages\requests\api.py", line 73, in get
    return request("get", url, params=params, **kwargs)
           ^^^^^^^^^^^^^^^^^^^^^^^^^^^^^^^^^^^^^^^^^^^^
  File "C:\programs\environments\py_312_tut\Lib\site-packages\requests\api.py", line 59, in request
    return session.request(method=method, url=url, **kwargs)
           ^^^^^^^^^^^^^^^^^^^^^^^^^^^^^^^^^^^^^^^^^^^^^^^^^
  File "C:\programs\environments\py_312_tut\Lib\site-packages\requests\sessions.py", line 589, in request
    resp = self.send(prep, **send_kwargs)
           ^^^^^^^^^^^^^^^^^^^^^^^^^^^^^^
  File "C:\programs\environments\py_312_tut\Lib\site-packages\requests\sessions.py", line 703, in send
    r = adapter.send(request, **kwargs)
        ^^^^^^^^^^^^^^^^^^^^^^^^^^^^^^^
  File "C:\programs\environments\py_312_tut\Lib\site-packages\requests\adapters.py", line 700, in send
    raise ConnectionError(e, request=request)
requests.exceptions.ConnectionError: HTTPSConnectionPool(host='otd.delhi.gov.in', port=443): Max retries exceeded with url: /api/realtime/VehiclePositions.pb?key=Wnywij2jOl3N715nQzLAfOiBK4MdJwUe (Caused by NameResolutionError("<urllib3.connection.HTTPSConnection object at 0x000002D199BEBC50>: Failed to resolve 'otd.delhi.gov.in' ([Errno 11001] getaddrinfo failed)"))
2025-05-01 03:09:46,474 - INFO - Finished
2025-05-01 03:10:02,235 - INFO - Started
2025-05-01 03:10:02,235 - INFO - Data fetched successfully.
2025-05-01 03:10:02,242 - ERROR - An error occurred: HTTPSConnectionPool(host='otd.delhi.gov.in', port=443): Max retries exceeded with url: /api/realtime/VehiclePositions.pb?key=Wnywij2jOl3N715nQzLAfOiBK4MdJwUe (Caused by NameResolutionError("<urllib3.connection.HTTPSConnection object at 0x0000022FB70D8530>: Failed to resolve 'otd.delhi.gov.in' ([Errno 11001] getaddrinfo failed)"))
Traceback (most recent call last):
  File "C:\programs\environments\py_312_tut\Lib\site-packages\urllib3\connection.py", line 199, in _new_conn
    sock = connection.create_connection(
           ^^^^^^^^^^^^^^^^^^^^^^^^^^^^^
  File "C:\programs\environments\py_312_tut\Lib\site-packages\urllib3\util\connection.py", line 60, in create_connection
    for res in socket.getaddrinfo(host, port, family, socket.SOCK_STREAM):
               ^^^^^^^^^^^^^^^^^^^^^^^^^^^^^^^^^^^^^^^^^^^^^^^^^^^^^^^^^^
  File "C:\Users\Asus\AppData\Local\Programs\Python\Python312\Lib\socket.py", line 964, in getaddrinfo
    for res in _socket.getaddrinfo(host, port, family, type, proto, flags):
               ^^^^^^^^^^^^^^^^^^^^^^^^^^^^^^^^^^^^^^^^^^^^^^^^^^^^^^^^^^^
socket.gaierror: [Errno 11001] getaddrinfo failed

The above exception was the direct cause of the following exception:

Traceback (most recent call last):
  File "C:\programs\environments\py_312_tut\Lib\site-packages\urllib3\connectionpool.py", line 789, in urlopen
    response = self._make_request(
               ^^^^^^^^^^^^^^^^^^^
  File "C:\programs\environments\py_312_tut\Lib\site-packages\urllib3\connectionpool.py", line 490, in _make_request
    raise new_e
  File "C:\programs\environments\py_312_tut\Lib\site-packages\urllib3\connectionpool.py", line 466, in _make_request
    self._validate_conn(conn)
  File "C:\programs\environments\py_312_tut\Lib\site-packages\urllib3\connectionpool.py", line 1095, in _validate_conn
    conn.connect()
  File "C:\programs\environments\py_312_tut\Lib\site-packages\urllib3\connection.py", line 693, in connect
    self.sock = sock = self._new_conn()
                       ^^^^^^^^^^^^^^^^
  File "C:\programs\environments\py_312_tut\Lib\site-packages\urllib3\connection.py", line 206, in _new_conn
    raise NameResolutionError(self.host, self, e) from e
urllib3.exceptions.NameResolutionError: <urllib3.connection.HTTPSConnection object at 0x0000022FB70D8530>: Failed to resolve 'otd.delhi.gov.in' ([Errno 11001] getaddrinfo failed)

The above exception was the direct cause of the following exception:

Traceback (most recent call last):
  File "C:\programs\environments\py_312_tut\Lib\site-packages\requests\adapters.py", line 667, in send
    resp = conn.urlopen(
           ^^^^^^^^^^^^^
  File "C:\programs\environments\py_312_tut\Lib\site-packages\urllib3\connectionpool.py", line 843, in urlopen
    retries = retries.increment(
              ^^^^^^^^^^^^^^^^^^
  File "C:\programs\environments\py_312_tut\Lib\site-packages\urllib3\util\retry.py", line 519, in increment
    raise MaxRetryError(_pool, url, reason) from reason  # type: ignore[arg-type]
    ^^^^^^^^^^^^^^^^^^^^^^^^^^^^^^^^^^^^^^^^^^^^^^^^^^^
urllib3.exceptions.MaxRetryError: HTTPSConnectionPool(host='otd.delhi.gov.in', port=443): Max retries exceeded with url: /api/realtime/VehiclePositions.pb?key=Wnywij2jOl3N715nQzLAfOiBK4MdJwUe (Caused by NameResolutionError("<urllib3.connection.HTTPSConnection object at 0x0000022FB70D8530>: Failed to resolve 'otd.delhi.gov.in' ([Errno 11001] getaddrinfo failed)"))

During handling of the above exception, another exception occurred:

Traceback (most recent call last):
  File "C:\programs\project_1222086\DTC2025\rt_vehicle_location.py", line 46, in importRealTimeData
    response = requests.get("https://otd.delhi.gov.in/api/realtime/VehiclePositions.pb?key=Wnywij2jOl3N715nQzLAfOiBK4MdJwUe")
               ^^^^^^^^^^^^^^^^^^^^^^^^^^^^^^^^^^^^^^^^^^^^^^^^^^^^^^^^^^^^^^^^^^^^^^^^^^^^^^^^^^^^^^^^^^^^^^^^^^^^^^^^^^^^^^
  File "C:\programs\environments\py_312_tut\Lib\site-packages\requests\api.py", line 73, in get
    return request("get", url, params=params, **kwargs)
           ^^^^^^^^^^^^^^^^^^^^^^^^^^^^^^^^^^^^^^^^^^^^
  File "C:\programs\environments\py_312_tut\Lib\site-packages\requests\api.py", line 59, in request
    return session.request(method=method, url=url, **kwargs)
           ^^^^^^^^^^^^^^^^^^^^^^^^^^^^^^^^^^^^^^^^^^^^^^^^^
  File "C:\programs\environments\py_312_tut\Lib\site-packages\requests\sessions.py", line 589, in request
    resp = self.send(prep, **send_kwargs)
           ^^^^^^^^^^^^^^^^^^^^^^^^^^^^^^
  File "C:\programs\environments\py_312_tut\Lib\site-packages\requests\sessions.py", line 703, in send
    r = adapter.send(request, **kwargs)
        ^^^^^^^^^^^^^^^^^^^^^^^^^^^^^^^
  File "C:\programs\environments\py_312_tut\Lib\site-packages\requests\adapters.py", line 700, in send
    raise ConnectionError(e, request=request)
requests.exceptions.ConnectionError: HTTPSConnectionPool(host='otd.delhi.gov.in', port=443): Max retries exceeded with url: /api/realtime/VehiclePositions.pb?key=Wnywij2jOl3N715nQzLAfOiBK4MdJwUe (Caused by NameResolutionError("<urllib3.connection.HTTPSConnection object at 0x0000022FB70D8530>: Failed to resolve 'otd.delhi.gov.in' ([Errno 11001] getaddrinfo failed)"))
2025-05-01 03:10:02,248 - INFO - Finished
2025-05-01 08:14:44,487 - INFO - Started
2025-05-01 08:14:44,489 - INFO - Data fetched successfully.
2025-05-01 08:14:46,383 - INFO - Total records fetched: 1995
2025-05-01 08:14:46,415 - INFO - Total tripStartDateMapping records: 342
2025-05-01 08:14:46,431 - INFO - Total Filtered records: 1
2025-05-01 08:14:46,922 - INFO - Filtered records to be inserted into database: 1
2025-05-01 08:14:47,035 - INFO - Finished
2025-05-01 13:19:32,392 - INFO - Started
2025-05-01 13:19:32,392 - INFO - Data fetched successfully.
2025-05-01 13:19:33,040 - INFO - Total records fetched: 1756
2025-05-01 13:19:33,061 - INFO - Total tripStartDateMapping records: 342
2025-05-01 13:19:33,061 - INFO - Total Filtered records: 13
2025-05-01 13:19:33,541 - INFO - Filtered records to be inserted into database: 13
2025-05-01 13:19:33,580 - INFO - Finished
2025-05-01 13:20:02,227 - INFO - Started
2025-05-01 13:20:02,227 - INFO - Data fetched successfully.
2025-05-01 13:20:02,571 - INFO - Total records fetched: 1757
2025-05-01 13:20:02,619 - INFO - Total tripStartDateMapping records: 342
2025-05-01 13:20:02,619 - INFO - Total Filtered records: 0
2025-05-01 13:20:03,095 - INFO - Filtered records to be inserted into database: 0
2025-05-01 13:20:03,095 - INFO - No new data to insert.
2025-05-01 13:20:03,117 - INFO - Finished
2025-05-01 18:24:30,011 - INFO - Started
2025-05-01 18:24:30,011 - INFO - Data fetched successfully.
2025-05-01 18:24:30,516 - INFO - Total records fetched: 2316
2025-05-01 18:24:30,553 - INFO - Total tripStartDateMapping records: 342
2025-05-01 18:24:30,553 - INFO - Total Filtered records: 2
2025-05-01 18:24:31,201 - INFO - Filtered records to be inserted into database: 2
2025-05-01 18:24:31,231 - INFO - Finished
2025-05-01 21:45:50,210 - INFO - Started
2025-05-01 21:45:50,210 - INFO - Data fetched successfully.
2025-05-01 21:45:51,037 - INFO - Total records fetched: 1584
2025-05-01 21:45:51,067 - INFO - Total tripStartDateMapping records: 342
2025-05-01 21:45:51,067 - INFO - Total Filtered records: 2
2025-05-01 21:45:51,600 - INFO - Filtered records to be inserted into database: 2
2025-05-01 21:45:51,622 - INFO - Finished
2025-05-02 10:50:07,998 - INFO - Started
2025-05-02 10:50:08,003 - INFO - Data fetched successfully.
2025-05-02 10:50:09,607 - INFO - Total records fetched: 1943
2025-05-02 10:50:10,303 - INFO - Total tripStartDateMapping records: 342
2025-05-02 10:50:10,303 - INFO - Total Filtered records: 1
2025-05-02 10:50:11,596 - INFO - Filtered records to be inserted into database: 1
2025-05-02 10:50:11,687 - INFO - Finished
2025-05-02 11:00:06,366 - INFO - Started
2025-05-02 11:00:06,375 - INFO - Data fetched successfully.
2025-05-02 11:00:07,037 - INFO - Total records fetched: 2033
2025-05-02 11:00:07,097 - INFO - Total tripStartDateMapping records: 342
2025-05-02 11:00:07,097 - INFO - Total Filtered records: 1
2025-05-02 11:00:08,364 - INFO - Filtered records to be inserted into database: 1
2025-05-02 11:00:08,437 - INFO - Finished
2025-05-02 11:20:11,828 - INFO - Started
2025-05-02 11:20:11,828 - INFO - Data fetched successfully.
2025-05-02 11:20:12,400 - INFO - Total records fetched: 2020
2025-05-02 11:20:12,701 - INFO - Total tripStartDateMapping records: 342
2025-05-02 11:20:12,701 - INFO - Total Filtered records: 0
2025-05-02 11:20:13,283 - INFO - Filtered records to be inserted into database: 0
2025-05-02 11:20:13,285 - INFO - No new data to insert.
2025-05-02 11:20:13,300 - INFO - Finished
2025-05-02 11:30:04,492 - INFO - Started
2025-05-02 11:30:04,507 - INFO - Data fetched successfully.
2025-05-02 11:30:04,910 - INFO - Total records fetched: 0
2025-05-02 11:30:05,318 - INFO - Total tripStartDateMapping records: 342
2025-05-02 11:30:05,318 - INFO - Total Filtered records: 0
2025-05-02 11:30:05,887 - INFO - Filtered records to be inserted into database: 0
2025-05-02 11:30:05,906 - INFO - No new data to insert.
2025-05-02 11:30:05,949 - INFO - Finished
2025-05-02 11:40:05,183 - INFO - Started
2025-05-02 11:40:05,183 - INFO - Data fetched successfully.
2025-05-02 11:40:05,798 - INFO - Total records fetched: 2050
2025-05-02 11:40:05,909 - INFO - Total tripStartDateMapping records: 342
2025-05-02 11:40:05,909 - INFO - Total Filtered records: 0
2025-05-02 11:40:06,456 - INFO - Filtered records to be inserted into database: 0
2025-05-02 11:40:06,459 - INFO - No new data to insert.
2025-05-02 11:40:06,500 - INFO - Finished
2025-05-02 11:50:04,366 - INFO - Started
2025-05-02 11:50:04,368 - INFO - Data fetched successfully.
2025-05-02 11:50:05,181 - INFO - Total records fetched: 1945
2025-05-02 11:50:05,308 - INFO - Total tripStartDateMapping records: 342
2025-05-02 11:50:05,308 - INFO - Total Filtered records: 1
2025-05-02 11:50:05,807 - INFO - Filtered records to be inserted into database: 1
2025-05-02 11:50:05,936 - INFO - Finished
2025-05-02 12:00:10,533 - INFO - Started
2025-05-02 12:00:10,537 - INFO - Data fetched successfully.
2025-05-02 12:00:10,945 - INFO - Total records fetched: 0
2025-05-02 12:00:11,123 - INFO - Total tripStartDateMapping records: 342
2025-05-02 12:00:11,123 - INFO - Total Filtered records: 0
2025-05-02 12:00:12,006 - INFO - Filtered records to be inserted into database: 0
2025-05-02 12:00:12,022 - INFO - No new data to insert.
2025-05-02 12:00:12,036 - INFO - Finished
2025-05-02 12:10:04,696 - INFO - Started
2025-05-02 12:10:04,696 - INFO - Data fetched successfully.
2025-05-02 12:10:05,351 - INFO - Total records fetched: 1972
2025-05-02 12:10:05,394 - INFO - Total tripStartDateMapping records: 342
2025-05-02 12:10:05,394 - INFO - Total Filtered records: 5
2025-05-02 12:10:05,912 - INFO - Filtered records to be inserted into database: 5
2025-05-02 12:10:06,049 - INFO - Finished
2025-05-02 12:20:06,752 - INFO - Started
2025-05-02 12:20:06,755 - INFO - Data fetched successfully.
2025-05-02 12:20:07,780 - INFO - Total records fetched: 1860
2025-05-02 12:20:08,158 - INFO - Total tripStartDateMapping records: 342
2025-05-02 12:20:08,160 - INFO - Total Filtered records: 0
2025-05-02 12:20:09,625 - INFO - Filtered records to be inserted into database: 0
2025-05-02 12:20:09,625 - INFO - No new data to insert.
2025-05-02 12:20:09,652 - INFO - Finished
2025-05-02 12:30:07,369 - INFO - Started
2025-05-02 12:30:07,374 - INFO - Data fetched successfully.
2025-05-02 12:30:08,228 - INFO - Total records fetched: 1949
2025-05-02 12:30:08,373 - INFO - Total tripStartDateMapping records: 342
2025-05-02 12:30:08,373 - INFO - Total Filtered records: 0
2025-05-02 12:30:09,814 - INFO - Filtered records to be inserted into database: 0
2025-05-02 12:30:09,822 - INFO - No new data to insert.
2025-05-02 12:30:09,874 - INFO - Finished
2025-05-02 12:40:07,297 - INFO - Started
2025-05-02 12:40:07,297 - INFO - Data fetched successfully.
2025-05-02 12:40:08,214 - INFO - Total records fetched: 1818
2025-05-02 12:40:08,462 - INFO - Total tripStartDateMapping records: 342
2025-05-02 12:40:08,462 - INFO - Total Filtered records: 0
2025-05-02 12:40:09,725 - INFO - Filtered records to be inserted into database: 0
2025-05-02 12:40:09,725 - INFO - No new data to insert.
2025-05-02 12:40:09,740 - INFO - Finished
2025-05-02 12:50:07,026 - INFO - Started
2025-05-02 12:50:07,031 - INFO - Data fetched successfully.
2025-05-02 12:50:08,006 - INFO - Total records fetched: 1786
2025-05-02 12:50:08,256 - INFO - Total tripStartDateMapping records: 342
2025-05-02 12:50:08,257 - INFO - Total Filtered records: 0
2025-05-02 12:50:09,675 - INFO - Filtered records to be inserted into database: 0
2025-05-02 12:50:09,677 - INFO - No new data to insert.
2025-05-02 12:50:09,711 - INFO - Finished
2025-05-02 13:00:06,451 - INFO - Started
2025-05-02 13:00:06,455 - INFO - Data fetched successfully.
2025-05-02 13:00:07,267 - INFO - Total records fetched: 1828
2025-05-02 13:00:07,384 - INFO - Total tripStartDateMapping records: 342
2025-05-02 13:00:07,384 - INFO - Total Filtered records: 10
2025-05-02 13:00:08,502 - INFO - Filtered records to be inserted into database: 10
2025-05-02 13:00:08,681 - INFO - Finished
2025-05-02 13:10:10,000 - INFO - Started
2025-05-02 13:10:10,000 - INFO - Data fetched successfully.
2025-05-02 13:10:11,060 - INFO - Total records fetched: 1663
2025-05-02 13:10:11,282 - INFO - Total tripStartDateMapping records: 342
2025-05-02 13:10:11,282 - INFO - Total Filtered records: 0
2025-05-02 13:10:12,486 - INFO - Filtered records to be inserted into database: 0
2025-05-02 13:10:12,489 - INFO - No new data to insert.
2025-05-02 13:10:12,520 - INFO - Finished
2025-05-02 13:20:15,958 - INFO - Started
2025-05-02 13:20:15,958 - INFO - Data fetched successfully.
2025-05-02 13:20:17,041 - INFO - Total records fetched: 1613
2025-05-02 13:20:17,253 - INFO - Total tripStartDateMapping records: 342
2025-05-02 13:20:17,253 - INFO - Total Filtered records: 0
2025-05-02 13:20:18,975 - INFO - Filtered records to be inserted into database: 0
2025-05-02 13:20:18,975 - INFO - No new data to insert.
2025-05-02 13:20:18,994 - INFO - Finished
2025-05-02 13:30:09,849 - INFO - Started
2025-05-02 13:30:09,849 - INFO - Data fetched successfully.
2025-05-02 13:30:10,772 - INFO - Total records fetched: 1542
2025-05-02 13:30:11,177 - INFO - Total tripStartDateMapping records: 342
2025-05-02 13:30:11,177 - INFO - Total Filtered records: 0
2025-05-02 13:30:12,491 - INFO - Filtered records to be inserted into database: 0
2025-05-02 13:30:12,492 - INFO - No new data to insert.
2025-05-02 13:30:12,508 - INFO - Finished
2025-05-02 13:40:07,610 - INFO - Started
2025-05-02 13:40:07,612 - INFO - Data fetched successfully.
2025-05-02 13:40:08,371 - INFO - Total records fetched: 1631
2025-05-02 13:40:08,563 - INFO - Total tripStartDateMapping records: 342
2025-05-02 13:40:08,563 - INFO - Total Filtered records: 0
2025-05-02 13:40:09,503 - INFO - Filtered records to be inserted into database: 0
2025-05-02 13:40:09,509 - INFO - No new data to insert.
2025-05-02 13:40:09,547 - INFO - Finished
2025-05-02 13:50:07,362 - INFO - Started
2025-05-02 13:50:07,362 - INFO - Data fetched successfully.
2025-05-02 13:50:08,319 - INFO - Total records fetched: 1414
2025-05-02 13:50:08,586 - INFO - Total tripStartDateMapping records: 342
2025-05-02 13:50:08,586 - INFO - Total Filtered records: 0
2025-05-02 13:50:09,911 - INFO - Filtered records to be inserted into database: 0
2025-05-02 13:50:09,911 - INFO - No new data to insert.
2025-05-02 13:50:09,954 - INFO - Finished
2025-05-02 14:00:08,119 - INFO - Started
2025-05-02 14:00:08,125 - INFO - Data fetched successfully.
2025-05-02 14:00:08,992 - INFO - Total records fetched: 1521
2025-05-02 14:00:09,375 - INFO - Total tripStartDateMapping records: 342
2025-05-02 14:00:09,377 - INFO - Total Filtered records: 0
2025-05-02 14:00:10,577 - INFO - Filtered records to be inserted into database: 0
2025-05-02 14:00:10,583 - INFO - No new data to insert.
2025-05-02 14:00:10,628 - INFO - Finished
2025-05-02 14:10:07,380 - INFO - Started
2025-05-02 14:10:07,394 - INFO - Data fetched successfully.
2025-05-02 14:10:08,288 - INFO - Total records fetched: 1479
2025-05-02 14:10:08,432 - INFO - Total tripStartDateMapping records: 342
2025-05-02 14:10:08,433 - INFO - Total Filtered records: 0
2025-05-02 14:10:09,935 - INFO - Filtered records to be inserted into database: 0
2025-05-02 14:10:09,943 - INFO - No new data to insert.
2025-05-02 14:10:09,969 - INFO - Finished
2025-05-02 14:20:05,793 - INFO - Started
2025-05-02 14:20:05,793 - INFO - Data fetched successfully.
2025-05-02 14:20:06,425 - INFO - Total records fetched: 1312
2025-05-02 14:20:06,594 - INFO - Total tripStartDateMapping records: 342
2025-05-02 14:20:06,594 - INFO - Total Filtered records: 0
2025-05-02 14:20:07,437 - INFO - Filtered records to be inserted into database: 0
2025-05-02 14:20:07,441 - INFO - No new data to insert.
2025-05-02 14:20:07,561 - INFO - Finished
2025-05-02 14:30:04,999 - INFO - Started
2025-05-02 14:30:05,001 - INFO - Data fetched successfully.
2025-05-02 14:30:05,643 - INFO - Total records fetched: 1463
2025-05-02 14:30:05,847 - INFO - Total tripStartDateMapping records: 342
2025-05-02 14:30:05,847 - INFO - Total Filtered records: 1
2025-05-02 14:30:06,341 - INFO - Filtered records to be inserted into database: 1
2025-05-02 14:30:06,530 - INFO - Finished
2025-05-02 14:40:04,967 - INFO - Started
2025-05-02 14:40:04,969 - INFO - Data fetched successfully.
2025-05-02 14:40:05,314 - INFO - Total records fetched: 1260
2025-05-02 14:40:05,597 - INFO - Total tripStartDateMapping records: 342
2025-05-02 14:40:05,597 - INFO - Total Filtered records: 0
2025-05-02 14:40:06,134 - INFO - Filtered records to be inserted into database: 0
2025-05-02 14:40:06,139 - INFO - No new data to insert.
2025-05-02 14:40:06,174 - INFO - Finished
2025-05-02 15:00:12,867 - INFO - Started
2025-05-02 15:00:12,914 - INFO - Data fetched successfully.
2025-05-02 15:00:14,905 - INFO - Total records fetched: 1449
2025-05-02 15:00:15,432 - INFO - Total tripStartDateMapping records: 342
2025-05-02 15:00:15,432 - INFO - Total Filtered records: 0
2025-05-02 15:00:16,665 - INFO - Filtered records to be inserted into database: 0
2025-05-02 15:00:16,697 - INFO - No new data to insert.
2025-05-02 15:00:16,770 - INFO - Finished
2025-05-02 15:10:08,316 - INFO - Started
2025-05-02 15:10:08,316 - INFO - Data fetched successfully.
2025-05-02 15:10:08,978 - INFO - Total records fetched: 1232
2025-05-02 15:10:09,202 - INFO - Total tripStartDateMapping records: 342
2025-05-02 15:10:09,202 - INFO - Total Filtered records: 0
2025-05-02 15:10:09,734 - INFO - Filtered records to be inserted into database: 0
2025-05-02 15:10:09,742 - INFO - No new data to insert.
2025-05-02 15:10:09,782 - INFO - Finished
2025-05-02 15:20:10,340 - INFO - Started
2025-05-02 15:20:10,344 - INFO - Data fetched successfully.
2025-05-02 15:20:11,227 - INFO - Total records fetched: 1465
2025-05-02 15:20:11,548 - INFO - Total tripStartDateMapping records: 342
2025-05-02 15:20:11,548 - INFO - Total Filtered records: 0
2025-05-02 15:20:13,080 - INFO - Filtered records to be inserted into database: 0
2025-05-02 15:20:13,083 - INFO - No new data to insert.
2025-05-02 15:20:13,099 - INFO - Finished
2025-05-02 15:30:09,370 - INFO - Started
2025-05-02 15:30:09,370 - INFO - Data fetched successfully.
2025-05-02 15:30:10,035 - INFO - Total records fetched: 1269
2025-05-02 15:30:10,273 - INFO - Total tripStartDateMapping records: 342
2025-05-02 15:30:10,289 - INFO - Total Filtered records: 0
2025-05-02 15:30:11,450 - INFO - Filtered records to be inserted into database: 0
2025-05-02 15:30:11,465 - INFO - No new data to insert.
2025-05-02 15:30:11,528 - INFO - Finished
2025-05-02 15:40:07,840 - INFO - Started
2025-05-02 15:40:07,844 - INFO - Data fetched successfully.
2025-05-02 15:40:08,630 - INFO - Total records fetched: 1314
2025-05-02 15:40:08,789 - INFO - Total tripStartDateMapping records: 342
2025-05-02 15:40:08,789 - INFO - Total Filtered records: 1
2025-05-02 15:40:09,992 - INFO - Filtered records to be inserted into database: 1
2025-05-02 15:40:10,146 - INFO - Finished
2025-05-02 15:50:07,510 - INFO - Started
2025-05-02 15:50:07,514 - INFO - Data fetched successfully.
2025-05-02 15:50:08,050 - INFO - Total records fetched: 1334
2025-05-02 15:50:08,346 - INFO - Total tripStartDateMapping records: 342
2025-05-02 15:50:08,351 - INFO - Total Filtered records: 0
2025-05-02 15:50:09,241 - INFO - Filtered records to be inserted into database: 0
2025-05-02 15:50:09,242 - INFO - No new data to insert.
2025-05-02 15:50:09,257 - INFO - Finished
2025-05-02 16:00:08,435 - INFO - Started
2025-05-02 16:00:08,448 - INFO - Data fetched successfully.
2025-05-02 16:00:09,314 - INFO - Total records fetched: 1532
2025-05-02 16:00:09,727 - INFO - Total tripStartDateMapping records: 342
2025-05-02 16:00:09,727 - INFO - Total Filtered records: 0
2025-05-02 16:00:12,728 - INFO - Filtered records to be inserted into database: 0
2025-05-02 16:00:12,834 - INFO - No new data to insert.
2025-05-02 16:00:12,889 - INFO - Finished
2025-05-02 16:10:20,548 - INFO - Started
2025-05-02 16:10:20,552 - INFO - Data fetched successfully.
2025-05-02 16:10:21,146 - INFO - Total records fetched: 1583
2025-05-02 16:10:21,294 - INFO - Total tripStartDateMapping records: 342
2025-05-02 16:10:21,294 - INFO - Total Filtered records: 0
2025-05-02 16:10:22,575 - INFO - Filtered records to be inserted into database: 0
2025-05-02 16:10:22,584 - INFO - No new data to insert.
2025-05-02 16:10:22,677 - INFO - Finished
2025-05-02 16:20:08,708 - INFO - Started
2025-05-02 16:20:08,708 - INFO - Data fetched successfully.
2025-05-02 16:20:09,593 - INFO - Total records fetched: 1543
2025-05-02 16:20:09,859 - INFO - Total tripStartDateMapping records: 342
2025-05-02 16:20:09,859 - INFO - Total Filtered records: 0
2025-05-02 16:20:11,250 - INFO - Filtered records to be inserted into database: 0
2025-05-02 16:20:11,250 - INFO - No new data to insert.
2025-05-02 16:20:11,314 - INFO - Finished
2025-05-02 16:30:08,420 - INFO - Started
2025-05-02 16:30:08,420 - INFO - Data fetched successfully.
2025-05-02 16:30:09,498 - INFO - Total records fetched: 1776
2025-05-02 16:30:09,753 - INFO - Total tripStartDateMapping records: 342
2025-05-02 16:30:09,753 - INFO - Total Filtered records: 0
2025-05-02 16:30:11,153 - INFO - Filtered records to be inserted into database: 0
2025-05-02 16:30:11,153 - INFO - No new data to insert.
2025-05-02 16:30:11,217 - INFO - Finished
2025-05-02 16:40:12,908 - INFO - Started
2025-05-02 16:40:12,915 - INFO - Data fetched successfully.
2025-05-02 16:40:13,624 - INFO - Total records fetched: 1622
2025-05-02 16:40:13,758 - INFO - Total tripStartDateMapping records: 342
2025-05-02 16:40:13,758 - INFO - Total Filtered records: 0
2025-05-02 16:40:15,052 - INFO - Filtered records to be inserted into database: 0
2025-05-02 16:40:15,052 - INFO - No new data to insert.
2025-05-02 16:40:15,113 - INFO - Finished
2025-05-02 16:50:07,615 - INFO - Started
2025-05-02 16:50:07,615 - INFO - Data fetched successfully.
2025-05-02 16:50:08,585 - INFO - Total records fetched: 1900
2025-05-02 16:50:08,825 - INFO - Total tripStartDateMapping records: 342
2025-05-02 16:50:08,839 - INFO - Total Filtered records: 0
2025-05-02 16:50:10,115 - INFO - Filtered records to be inserted into database: 0
2025-05-02 16:50:10,115 - INFO - No new data to insert.
2025-05-02 16:50:10,171 - INFO - Finished
2025-05-02 17:00:08,449 - INFO - Started
2025-05-02 17:00:08,454 - INFO - Data fetched successfully.
2025-05-02 17:00:09,402 - INFO - Total records fetched: 1897
2025-05-02 17:00:09,690 - INFO - Total tripStartDateMapping records: 342
2025-05-02 17:00:09,692 - INFO - Total Filtered records: 0
2025-05-02 17:00:10,949 - INFO - Filtered records to be inserted into database: 0
2025-05-02 17:00:10,949 - INFO - No new data to insert.
2025-05-02 17:00:10,983 - INFO - Finished
2025-05-02 21:20:07,799 - INFO - Started
2025-05-02 21:20:07,801 - INFO - Data fetched successfully.
2025-05-02 21:20:08,348 - INFO - Total records fetched: 1934
2025-05-02 21:20:08,975 - INFO - Total tripStartDateMapping records: 342
2025-05-02 21:20:08,975 - INFO - Total Filtered records: 1
2025-05-02 21:20:10,271 - INFO - Filtered records to be inserted into database: 1
2025-05-02 21:20:10,382 - INFO - Finished
2025-05-02 21:30:08,403 - INFO - Started
2025-05-02 21:30:08,403 - INFO - Data fetched successfully.
2025-05-02 21:30:08,962 - INFO - Total records fetched: 1732
2025-05-02 21:30:09,018 - INFO - Total tripStartDateMapping records: 342
2025-05-02 21:30:09,018 - INFO - Total Filtered records: 0
2025-05-02 21:30:10,285 - INFO - Filtered records to be inserted into database: 0
2025-05-02 21:30:10,293 - INFO - No new data to insert.
2025-05-02 21:30:10,314 - INFO - Finished
2025-05-02 21:40:03,171 - INFO - Started
2025-05-02 21:40:03,177 - INFO - Data fetched successfully.
2025-05-02 21:40:03,605 - INFO - Total records fetched: 1590
2025-05-02 21:40:03,648 - INFO - Total tripStartDateMapping records: 342
2025-05-02 21:40:03,648 - INFO - Total Filtered records: 0
2025-05-02 21:40:04,197 - INFO - Filtered records to be inserted into database: 0
2025-05-02 21:40:04,197 - INFO - No new data to insert.
2025-05-02 21:40:04,197 - INFO - Finished
2025-05-02 21:50:02,907 - INFO - Started
2025-05-02 21:50:02,910 - INFO - Data fetched successfully.
2025-05-02 21:50:03,349 - INFO - Total records fetched: 1548
2025-05-02 21:50:03,373 - INFO - Total tripStartDateMapping records: 342
2025-05-02 21:50:03,373 - INFO - Total Filtered records: 0
2025-05-02 21:50:03,872 - INFO - Filtered records to be inserted into database: 0
2025-05-02 21:50:03,872 - INFO - No new data to insert.
2025-05-02 21:50:03,872 - INFO - Finished
2025-05-02 22:00:09,117 - INFO - Started
2025-05-02 22:00:09,127 - INFO - Data fetched successfully.
2025-05-02 22:00:09,625 - INFO - Total records fetched: 1589
2025-05-02 22:00:09,754 - INFO - Total tripStartDateMapping records: 342
2025-05-02 22:00:09,754 - INFO - Total Filtered records: 0
2025-05-02 22:00:10,939 - INFO - Filtered records to be inserted into database: 0
2025-05-02 22:00:10,945 - INFO - No new data to insert.
2025-05-02 22:00:10,955 - INFO - Finished
2025-05-02 22:10:05,132 - INFO - Started
2025-05-02 22:10:05,132 - INFO - Data fetched successfully.
2025-05-02 22:10:05,514 - INFO - Total records fetched: 1458
2025-05-02 22:10:05,562 - INFO - Total tripStartDateMapping records: 342
2025-05-02 22:10:05,562 - INFO - Total Filtered records: 0
2025-05-02 22:10:06,753 - INFO - Filtered records to be inserted into database: 0
2025-05-02 22:10:06,753 - INFO - No new data to insert.
2025-05-02 22:10:06,771 - INFO - Finished
2025-05-02 22:20:04,666 - INFO - Started
2025-05-02 22:20:04,670 - INFO - Data fetched successfully.
2025-05-02 22:20:05,150 - INFO - Total records fetched: 1191
2025-05-02 22:20:05,226 - INFO - Total tripStartDateMapping records: 342
2025-05-02 22:20:05,228 - INFO - Total Filtered records: 0
2025-05-02 22:20:06,683 - INFO - Filtered records to be inserted into database: 0
2025-05-02 22:20:06,683 - INFO - No new data to insert.
2025-05-02 22:20:06,694 - INFO - Finished
2025-05-03 11:00:04,997 - INFO - Started
2025-05-03 11:00:04,997 - INFO - Data fetched successfully.
2025-05-03 11:00:05,956 - INFO - Total records fetched: 2330
2025-05-03 11:00:06,612 - INFO - Total tripStartDateMapping records: 342
2025-05-03 11:00:06,612 - INFO - Total Filtered records: 4
2025-05-03 11:00:07,977 - INFO - Filtered records to be inserted into database: 4
2025-05-03 11:00:08,106 - INFO - Finished
2025-05-03 11:10:09,614 - INFO - Started
2025-05-03 11:10:09,614 - INFO - Data fetched successfully.
2025-05-03 11:10:10,330 - INFO - Total records fetched: 2328
2025-05-03 11:10:10,378 - INFO - Total tripStartDateMapping records: 342
2025-05-03 11:10:10,378 - INFO - Total Filtered records: 1
2025-05-03 11:10:11,828 - INFO - Filtered records to be inserted into database: 1
2025-05-03 11:10:11,916 - INFO - Finished
2025-05-03 11:20:06,732 - INFO - Started
2025-05-03 11:20:06,735 - INFO - Data fetched successfully.
2025-05-03 11:20:08,507 - INFO - Total records fetched: 2308
2025-05-03 11:20:08,585 - INFO - Total tripStartDateMapping records: 342
2025-05-03 11:20:08,587 - INFO - Total Filtered records: 0
2025-05-03 11:20:09,724 - INFO - Filtered records to be inserted into database: 0
2025-05-03 11:20:09,732 - INFO - No new data to insert.
2025-05-03 11:20:09,776 - INFO - Finished
2025-05-03 11:30:05,666 - INFO - Started
2025-05-03 11:30:05,673 - INFO - Data fetched successfully.
2025-05-03 11:30:06,281 - INFO - Total records fetched: 2197
2025-05-03 11:30:06,418 - INFO - Total tripStartDateMapping records: 342
2025-05-03 11:30:06,418 - INFO - Total Filtered records: 0
2025-05-03 11:30:07,758 - INFO - Filtered records to be inserted into database: 0
2025-05-03 11:30:07,758 - INFO - No new data to insert.
2025-05-03 11:30:07,772 - INFO - Finished
2025-05-03 11:44:33,705 - INFO - Started
2025-05-03 11:44:33,710 - INFO - Data fetched successfully.
2025-05-03 11:44:34,305 - INFO - Total records fetched: 2267
2025-05-03 11:44:34,682 - INFO - Total tripStartDateMapping records: 342
2025-05-03 11:44:34,682 - INFO - Total Filtered records: 1
2025-05-03 11:44:35,225 - INFO - Filtered records to be inserted into database: 1
2025-05-03 11:44:35,381 - INFO - Finished
2025-05-03 11:50:09,755 - INFO - Started
2025-05-03 11:50:09,755 - INFO - Data fetched successfully.
2025-05-03 11:50:10,212 - INFO - Total records fetched: 2187
2025-05-03 11:50:10,267 - INFO - Total tripStartDateMapping records: 342
2025-05-03 11:50:10,267 - INFO - Total Filtered records: 1
2025-05-03 11:50:10,742 - INFO - Filtered records to be inserted into database: 1
2025-05-03 11:50:10,767 - INFO - Finished
2025-05-03 12:02:13,320 - INFO - Started
2025-05-03 12:02:13,328 - INFO - Data fetched successfully.
2025-05-03 12:02:16,297 - INFO - Total records fetched: 2148
2025-05-03 12:02:16,926 - INFO - Total tripStartDateMapping records: 342
2025-05-03 12:02:16,926 - INFO - Total Filtered records: 3
2025-05-03 12:02:17,510 - INFO - Filtered records to be inserted into database: 3
2025-05-03 12:02:17,635 - INFO - Finished
2025-05-03 12:10:51,298 - INFO - Started
2025-05-03 12:10:51,422 - INFO - Data fetched successfully.
2025-05-03 12:10:53,024 - INFO - Total records fetched: 2125
2025-05-03 12:10:53,245 - INFO - Total tripStartDateMapping records: 342
2025-05-03 12:10:53,245 - INFO - Total Filtered records: 0
2025-05-03 12:10:53,784 - INFO - Filtered records to be inserted into database: 0
2025-05-03 12:10:53,784 - INFO - No new data to insert.
2025-05-03 12:10:53,846 - INFO - Finished
2025-05-03 12:20:17,069 - INFO - Started
2025-05-03 12:20:17,073 - INFO - Data fetched successfully.
2025-05-03 12:20:17,510 - INFO - Total records fetched: 2081
2025-05-03 12:20:17,543 - INFO - Total tripStartDateMapping records: 342
2025-05-03 12:20:17,543 - INFO - Total Filtered records: 0
2025-05-03 12:20:18,158 - INFO - Filtered records to be inserted into database: 0
2025-05-03 12:20:18,158 - INFO - No new data to insert.
2025-05-03 12:20:18,169 - INFO - Finished
2025-05-03 12:50:06,047 - INFO - Started
2025-05-03 12:50:06,054 - INFO - Data fetched successfully.
2025-05-03 12:50:06,603 - INFO - Total records fetched: 1955
2025-05-03 12:50:07,233 - INFO - Total tripStartDateMapping records: 342
2025-05-03 12:50:07,233 - INFO - Total Filtered records: 1
2025-05-03 12:50:08,517 - INFO - Filtered records to be inserted into database: 1
2025-05-03 12:50:08,710 - INFO - Finished
2025-05-03 13:00:10,104 - INFO - Started
2025-05-03 13:00:10,112 - INFO - Data fetched successfully.
2025-05-03 13:00:10,567 - INFO - Total records fetched: 1842
2025-05-03 13:00:10,607 - INFO - Total tripStartDateMapping records: 342
2025-05-03 13:00:10,607 - INFO - Total Filtered records: 1
2025-05-03 13:00:11,735 - INFO - Filtered records to be inserted into database: 1
2025-05-03 13:00:11,772 - INFO - Finished
2025-05-03 13:10:05,238 - INFO - Started
2025-05-03 13:10:05,238 - INFO - Data fetched successfully.
2025-05-03 13:10:05,762 - INFO - Total records fetched: 1820
2025-05-03 13:10:05,821 - INFO - Total tripStartDateMapping records: 342
2025-05-03 13:10:05,821 - INFO - Total Filtered records: 0
2025-05-03 13:10:06,993 - INFO - Filtered records to be inserted into database: 0
2025-05-03 13:10:06,993 - INFO - No new data to insert.
2025-05-03 13:10:07,007 - INFO - Finished
2025-05-03 13:20:02,778 - INFO - Started
2025-05-03 13:20:02,778 - INFO - Data fetched successfully.
2025-05-03 13:20:03,286 - INFO - Total records fetched: 1853
2025-05-03 13:20:03,320 - INFO - Total tripStartDateMapping records: 342
2025-05-03 13:20:03,320 - INFO - Total Filtered records: 21
2025-05-03 13:20:03,903 - INFO - Filtered records to be inserted into database: 21
2025-05-03 13:20:03,963 - INFO - Finished
2025-05-03 13:30:04,426 - INFO - Started
2025-05-03 13:30:04,434 - INFO - Data fetched successfully.
2025-05-03 13:30:04,967 - INFO - Total records fetched: 1712
2025-05-03 13:30:05,080 - INFO - Total tripStartDateMapping records: 342
2025-05-03 13:30:05,080 - INFO - Total Filtered records: 0
2025-05-03 13:30:06,516 - INFO - Filtered records to be inserted into database: 0
2025-05-03 13:30:06,516 - INFO - No new data to insert.
2025-05-03 13:30:06,540 - INFO - Finished
2025-05-05 20:30:05,995 - INFO - Started
2025-05-05 20:30:06,003 - INFO - Data fetched successfully.
2025-05-05 20:30:07,002 - INFO - Total records fetched: 2144
2025-05-05 20:30:07,453 - INFO - Total tripStartDateMapping records: 342
2025-05-05 20:30:07,453 - INFO - Total Filtered records: 0
2025-05-05 20:30:08,575 - INFO - Filtered records to be inserted into database: 0
2025-05-05 20:30:08,581 - INFO - No new data to insert.
2025-05-05 20:30:08,613 - INFO - Finished
2025-05-05 20:40:05,715 - INFO - Started
2025-05-05 20:40:05,721 - INFO - Data fetched successfully.
2025-05-05 20:40:06,276 - INFO - Total records fetched: 2179
2025-05-05 20:40:06,558 - INFO - Total tripStartDateMapping records: 342
2025-05-05 20:40:06,558 - INFO - Total Filtered records: 2
2025-05-05 20:40:08,456 - INFO - Filtered records to be inserted into database: 2
2025-05-05 20:40:08,753 - INFO - Finished
2025-05-05 20:50:05,744 - INFO - Started
2025-05-05 20:50:05,752 - INFO - Data fetched successfully.
2025-05-05 20:50:06,333 - INFO - Total records fetched: 2042
2025-05-05 20:50:06,416 - INFO - Total tripStartDateMapping records: 342
2025-05-05 20:50:06,417 - INFO - Total Filtered records: 0
2025-05-05 20:50:07,689 - INFO - Filtered records to be inserted into database: 0
2025-05-05 20:50:07,689 - INFO - No new data to insert.
2025-05-05 20:50:07,706 - INFO - Finished
2025-05-05 21:00:05,916 - INFO - Started
2025-05-05 21:00:05,921 - INFO - Data fetched successfully.
2025-05-05 21:00:06,408 - INFO - Total records fetched: 1604
2025-05-05 21:00:06,494 - INFO - Total tripStartDateMapping records: 342
2025-05-05 21:00:06,494 - INFO - Total Filtered records: 0
2025-05-05 21:00:07,699 - INFO - Filtered records to be inserted into database: 0
2025-05-05 21:00:07,701 - INFO - No new data to insert.
2025-05-05 21:00:07,728 - INFO - Finished
2025-05-05 21:10:05,194 - INFO - Started
2025-05-05 21:10:05,194 - INFO - Data fetched successfully.
2025-05-05 21:10:07,200 - INFO - Total records fetched: 2043
2025-05-05 21:10:07,281 - INFO - Total tripStartDateMapping records: 342
2025-05-05 21:10:07,281 - INFO - Total Filtered records: 0
2025-05-05 21:10:08,466 - INFO - Filtered records to be inserted into database: 0
2025-05-05 21:10:08,466 - INFO - No new data to insert.
2025-05-05 21:10:08,482 - INFO - Finished
2025-05-05 21:20:03,108 - INFO - Started
2025-05-05 21:20:03,108 - INFO - Data fetched successfully.
2025-05-05 21:20:03,537 - INFO - Total records fetched: 1886
2025-05-05 21:20:03,585 - INFO - Total tripStartDateMapping records: 342
2025-05-05 21:20:03,585 - INFO - Total Filtered records: 0
2025-05-05 21:20:04,160 - INFO - Filtered records to be inserted into database: 0
2025-05-05 21:20:04,160 - INFO - No new data to insert.
2025-05-05 21:20:04,174 - INFO - Finished
2025-05-05 21:30:05,262 - INFO - Started
2025-05-05 21:30:05,264 - INFO - Data fetched successfully.
2025-05-05 21:30:05,760 - INFO - Total records fetched: 1948
2025-05-05 21:30:05,825 - INFO - Total tripStartDateMapping records: 342
2025-05-05 21:30:05,825 - INFO - Total Filtered records: 0
2025-05-05 21:30:07,042 - INFO - Filtered records to be inserted into database: 0
2025-05-05 21:30:07,042 - INFO - No new data to insert.
2025-05-05 21:30:07,058 - INFO - Finished
2025-05-05 21:40:04,826 - INFO - Started
2025-05-05 21:40:04,826 - INFO - Data fetched successfully.
2025-05-05 21:40:05,347 - INFO - Total records fetched: 1675
2025-05-05 21:40:05,458 - INFO - Total tripStartDateMapping records: 342
2025-05-05 21:40:05,458 - INFO - Total Filtered records: 4
2025-05-05 21:40:06,735 - INFO - Filtered records to be inserted into database: 4
2025-05-05 21:40:06,812 - INFO - Finished
2025-05-05 21:50:04,274 - INFO - Started
2025-05-05 21:50:04,274 - INFO - Data fetched successfully.
2025-05-05 21:50:04,754 - INFO - Total records fetched: 1608
2025-05-05 21:50:04,833 - INFO - Total tripStartDateMapping records: 342
2025-05-05 21:50:04,833 - INFO - Total Filtered records: 0
2025-05-05 21:50:06,011 - INFO - Filtered records to be inserted into database: 0
2025-05-05 21:50:06,011 - INFO - No new data to insert.
2025-05-05 21:50:06,022 - INFO - Finished
2025-05-05 22:00:02,727 - INFO - Started
2025-05-05 22:00:02,727 - INFO - Data fetched successfully.
2025-05-05 22:00:03,176 - INFO - Total records fetched: 1537
2025-05-05 22:00:03,229 - INFO - Total tripStartDateMapping records: 342
2025-05-05 22:00:03,231 - INFO - Total Filtered records: 0
2025-05-05 22:00:03,778 - INFO - Filtered records to be inserted into database: 0
2025-05-05 22:00:03,778 - INFO - No new data to insert.
2025-05-05 22:00:03,810 - INFO - Finished
2025-05-05 22:10:06,766 - INFO - Started
2025-05-05 22:10:06,766 - INFO - Data fetched successfully.
2025-05-05 22:10:07,218 - INFO - Total records fetched: 1539
2025-05-05 22:10:07,296 - INFO - Total tripStartDateMapping records: 342
2025-05-05 22:10:07,296 - INFO - Total Filtered records: 3
2025-05-05 22:10:08,518 - INFO - Filtered records to be inserted into database: 3
2025-05-05 22:10:08,600 - INFO - Finished
2025-05-05 22:20:03,986 - INFO - Started
2025-05-05 22:20:03,986 - INFO - Data fetched successfully.
2025-05-05 22:20:04,459 - INFO - Total records fetched: 1498
2025-05-05 22:20:04,751 - INFO - Total tripStartDateMapping records: 342
2025-05-05 22:20:04,751 - INFO - Total Filtered records: 0
2025-05-05 22:20:05,218 - INFO - Filtered records to be inserted into database: 0
2025-05-05 22:20:05,238 - INFO - No new data to insert.
2025-05-05 22:20:05,238 - INFO - Finished
2025-05-05 22:30:48,635 - INFO - Started
2025-05-05 22:30:48,635 - INFO - Data fetched successfully.
2025-05-05 22:30:49,524 - INFO - Total records fetched: 1106
2025-05-05 22:30:49,669 - INFO - Total tripStartDateMapping records: 342
2025-05-05 22:30:49,669 - INFO - Total Filtered records: 0
2025-05-05 22:30:50,244 - INFO - Filtered records to be inserted into database: 0
2025-05-05 22:30:50,251 - INFO - No new data to insert.
2025-05-05 22:30:50,297 - INFO - Finished
2025-05-05 22:40:03,261 - INFO - Started
2025-05-05 22:40:03,262 - INFO - Data fetched successfully.
2025-05-05 22:40:03,686 - INFO - Total records fetched: 1207
2025-05-05 22:40:03,750 - INFO - Total tripStartDateMapping records: 342
2025-05-05 22:40:03,750 - INFO - Total Filtered records: 0
2025-05-05 22:40:04,211 - INFO - Filtered records to be inserted into database: 0
2025-05-05 22:40:04,211 - INFO - No new data to insert.
2025-05-05 22:40:04,226 - INFO - Finished
2025-05-05 22:50:04,787 - INFO - Started
2025-05-05 22:50:04,789 - INFO - Data fetched successfully.
2025-05-05 22:50:05,197 - INFO - Total records fetched: 887
2025-05-05 22:50:05,282 - INFO - Total tripStartDateMapping records: 342
2025-05-05 22:50:05,282 - INFO - Total Filtered records: 0
2025-05-05 22:50:06,472 - INFO - Filtered records to be inserted into database: 0
2025-05-05 22:50:06,472 - INFO - No new data to insert.
2025-05-05 22:50:06,501 - INFO - Finished
2025-05-05 23:00:04,692 - INFO - Started
2025-05-05 23:00:04,693 - INFO - Data fetched successfully.
2025-05-05 23:00:05,075 - INFO - Total records fetched: 816
2025-05-05 23:00:05,124 - INFO - Total tripStartDateMapping records: 342
2025-05-05 23:00:05,139 - INFO - Total Filtered records: 0
2025-05-05 23:00:06,346 - INFO - Filtered records to be inserted into database: 0
2025-05-05 23:00:06,346 - INFO - No new data to insert.
2025-05-05 23:00:06,362 - INFO - Finished
2025-05-05 23:10:05,044 - INFO - Started
2025-05-05 23:10:05,045 - INFO - Data fetched successfully.
2025-05-05 23:10:05,423 - INFO - Total records fetched: 678
2025-05-05 23:10:05,511 - INFO - Total tripStartDateMapping records: 342
2025-05-05 23:10:05,511 - INFO - Total Filtered records: 0
2025-05-05 23:10:06,906 - INFO - Filtered records to be inserted into database: 0
2025-05-05 23:10:06,906 - INFO - No new data to insert.
2025-05-05 23:10:06,949 - INFO - Finished
2025-05-06 11:20:08,011 - INFO - Started
2025-05-06 11:20:08,011 - INFO - Data fetched successfully.
2025-05-06 11:20:09,368 - INFO - Total records fetched: 2300
2025-05-06 11:20:09,643 - INFO - Total tripStartDateMapping records: 342
2025-05-06 11:20:09,643 - INFO - Total Filtered records: 4
2025-05-06 11:20:10,619 - INFO - Filtered records to be inserted into database: 4
2025-05-06 11:20:10,752 - INFO - Finished
2025-05-06 11:30:06,420 - INFO - Started
2025-05-06 11:30:06,420 - INFO - Data fetched successfully.
2025-05-06 11:30:06,977 - INFO - Total records fetched: 0
2025-05-06 11:30:07,296 - INFO - Total tripStartDateMapping records: 342
2025-05-06 11:30:07,296 - INFO - Total Filtered records: 0
2025-05-06 11:30:08,426 - INFO - Filtered records to be inserted into database: 0
2025-05-06 11:30:08,432 - INFO - No new data to insert.
2025-05-06 11:30:08,457 - INFO - Finished
2025-05-06 11:50:06,076 - INFO - Started
2025-05-06 11:50:06,077 - INFO - Data fetched successfully.
2025-05-06 11:50:07,794 - INFO - Total records fetched: 2244
2025-05-06 11:50:07,896 - INFO - Total tripStartDateMapping records: 342
2025-05-06 11:50:07,896 - INFO - Total Filtered records: 0
2025-05-06 11:50:09,136 - INFO - Filtered records to be inserted into database: 0
2025-05-06 11:50:09,152 - INFO - No new data to insert.
2025-05-06 11:50:09,168 - INFO - Finished
2025-05-06 12:00:05,546 - INFO - Started
2025-05-06 12:00:05,546 - INFO - Data fetched successfully.
2025-05-06 12:00:06,403 - INFO - Total records fetched: 2229
2025-05-06 12:00:06,481 - INFO - Total tripStartDateMapping records: 342
2025-05-06 12:00:06,497 - INFO - Total Filtered records: 9
2025-05-06 12:00:07,665 - INFO - Filtered records to be inserted into database: 9
2025-05-06 12:00:07,845 - INFO - Finished
2025-05-06 12:10:04,645 - INFO - Started
2025-05-06 12:10:04,645 - INFO - Data fetched successfully.
2025-05-06 12:10:05,312 - INFO - Total records fetched: 2218
2025-05-06 12:10:05,393 - INFO - Total tripStartDateMapping records: 342
2025-05-06 12:10:05,394 - INFO - Total Filtered records: 2
2025-05-06 12:10:06,114 - INFO - Filtered records to be inserted into database: 2
2025-05-06 12:10:06,183 - INFO - Finished
2025-05-06 12:20:04,530 - INFO - Started
2025-05-06 12:20:04,530 - INFO - Data fetched successfully.
2025-05-06 12:20:05,220 - INFO - Total records fetched: 2226
2025-05-06 12:20:05,269 - INFO - Total tripStartDateMapping records: 342
2025-05-06 12:20:05,269 - INFO - Total Filtered records: 1
2025-05-06 12:20:05,832 - INFO - Filtered records to be inserted into database: 1
2025-05-06 12:20:05,883 - INFO - Finished
2025-05-06 12:30:03,073 - INFO - Started
2025-05-06 12:30:03,073 - INFO - Data fetched successfully.
2025-05-06 12:30:03,793 - INFO - Total records fetched: 1604
2025-05-06 12:30:03,834 - INFO - Total tripStartDateMapping records: 342
2025-05-06 12:30:03,835 - INFO - Total Filtered records: 0
2025-05-06 12:30:04,313 - INFO - Filtered records to be inserted into database: 0
2025-05-06 12:30:04,317 - INFO - No new data to insert.
2025-05-06 12:30:04,317 - INFO - Finished
2025-05-06 12:50:05,277 - INFO - Started
2025-05-06 12:50:05,277 - INFO - Data fetched successfully.
2025-05-06 12:50:06,013 - INFO - Total records fetched: 1983
2025-05-06 12:50:06,251 - INFO - Total tripStartDateMapping records: 342
2025-05-06 12:50:06,252 - INFO - Total Filtered records: 0
2025-05-06 12:50:06,862 - INFO - Filtered records to be inserted into database: 0
2025-05-06 12:50:06,878 - INFO - No new data to insert.
2025-05-06 12:50:06,917 - INFO - Finished
2025-05-06 13:00:04,649 - INFO - Started
2025-05-06 13:00:04,649 - INFO - Data fetched successfully.
2025-05-06 13:00:05,376 - INFO - Total records fetched: 1925
2025-05-06 13:00:05,528 - INFO - Total tripStartDateMapping records: 342
2025-05-06 13:00:05,528 - INFO - Total Filtered records: 0
2025-05-06 13:00:06,187 - INFO - Filtered records to be inserted into database: 0
2025-05-06 13:00:06,193 - INFO - No new data to insert.
2025-05-06 13:00:06,241 - INFO - Finished
2025-05-06 13:10:05,159 - INFO - Started
2025-05-06 13:10:05,159 - INFO - Data fetched successfully.
2025-05-06 13:10:05,835 - INFO - Total records fetched: 1936
2025-05-06 13:10:05,904 - INFO - Total tripStartDateMapping records: 342
2025-05-06 13:10:05,904 - INFO - Total Filtered records: 0
2025-05-06 13:10:06,635 - INFO - Filtered records to be inserted into database: 0
2025-05-06 13:10:06,646 - INFO - No new data to insert.
2025-05-06 13:10:06,703 - INFO - Finished
2025-05-06 13:20:06,814 - INFO - Started
2025-05-06 13:20:06,814 - INFO - Data fetched successfully.
2025-05-06 13:20:07,721 - INFO - Total records fetched: 1810
2025-05-06 13:20:07,980 - INFO - Total tripStartDateMapping records: 342
2025-05-06 13:20:07,980 - INFO - Total Filtered records: 1
2025-05-06 13:20:09,215 - INFO - Filtered records to be inserted into database: 1
2025-05-06 13:20:09,364 - INFO - Finished
2025-05-06 13:30:07,156 - INFO - Started
2025-05-06 13:30:07,156 - INFO - Data fetched successfully.
2025-05-06 13:30:07,918 - INFO - Total records fetched: 1873
2025-05-06 13:30:08,091 - INFO - Total tripStartDateMapping records: 342
2025-05-06 13:30:08,091 - INFO - Total Filtered records: 0
2025-05-06 13:30:09,423 - INFO - Filtered records to be inserted into database: 0
2025-05-06 13:30:09,486 - INFO - No new data to insert.
2025-05-06 13:30:09,543 - INFO - Finished
2025-05-06 13:40:06,086 - INFO - Started
2025-05-06 13:40:06,086 - INFO - Data fetched successfully.
2025-05-06 13:40:06,917 - INFO - Total records fetched: 1703
2025-05-06 13:40:07,018 - INFO - Total tripStartDateMapping records: 342
2025-05-06 13:40:07,018 - INFO - Total Filtered records: 0
2025-05-06 13:40:08,328 - INFO - Filtered records to be inserted into database: 0
2025-05-06 13:40:08,328 - INFO - No new data to insert.
2025-05-06 13:40:08,376 - INFO - Finished
2025-05-06 13:50:05,726 - INFO - Started
2025-05-06 13:50:05,726 - INFO - Data fetched successfully.
2025-05-06 13:50:06,560 - INFO - Total records fetched: 1672
2025-05-06 13:50:06,689 - INFO - Total tripStartDateMapping records: 342
2025-05-06 13:50:06,698 - INFO - Total Filtered records: 0
2025-05-06 13:50:08,203 - INFO - Filtered records to be inserted into database: 0
2025-05-06 13:50:08,214 - INFO - No new data to insert.
2025-05-06 13:50:08,246 - INFO - Finished
2025-05-06 14:00:07,019 - INFO - Started
2025-05-06 14:00:07,020 - INFO - Data fetched successfully.
2025-05-06 14:00:07,568 - INFO - Total records fetched: 0
2025-05-06 14:00:07,815 - INFO - Total tripStartDateMapping records: 342
2025-05-06 14:00:07,815 - INFO - Total Filtered records: 0
2025-05-06 14:00:09,174 - INFO - Filtered records to be inserted into database: 0
2025-05-06 14:00:09,180 - INFO - No new data to insert.
2025-05-06 14:00:09,206 - INFO - Finished
2025-05-06 14:10:06,644 - INFO - Started
2025-05-06 14:10:06,645 - INFO - Data fetched successfully.
2025-05-06 14:10:07,506 - INFO - Total records fetched: 1570
2025-05-06 14:10:07,674 - INFO - Total tripStartDateMapping records: 342
2025-05-06 14:10:07,674 - INFO - Total Filtered records: 0
2025-05-06 14:10:08,887 - INFO - Filtered records to be inserted into database: 0
2025-05-06 14:10:08,899 - INFO - No new data to insert.
2025-05-06 14:10:08,932 - INFO - Finished
2025-05-06 14:20:06,737 - INFO - Started
2025-05-06 14:20:06,741 - INFO - Data fetched successfully.
2025-05-06 14:20:07,545 - INFO - Total records fetched: 1694
2025-05-06 14:20:07,879 - INFO - Total tripStartDateMapping records: 342
2025-05-06 14:20:07,879 - INFO - Total Filtered records: 0
2025-05-06 14:20:09,299 - INFO - Filtered records to be inserted into database: 0
2025-05-06 14:20:09,308 - INFO - No new data to insert.
2025-05-06 14:20:09,347 - INFO - Finished
2025-05-06 14:30:07,215 - INFO - Started
2025-05-06 14:30:07,215 - INFO - Data fetched successfully.
2025-05-06 14:30:07,953 - INFO - Total records fetched: 1537
2025-05-06 14:30:08,306 - INFO - Total tripStartDateMapping records: 342
2025-05-06 14:30:08,306 - INFO - Total Filtered records: 0
2025-05-06 14:30:09,336 - INFO - Filtered records to be inserted into database: 0
2025-05-06 14:30:09,339 - INFO - No new data to insert.
2025-05-06 14:30:09,394 - INFO - Finished
2025-05-06 14:40:06,575 - INFO - Started
2025-05-06 14:40:06,575 - INFO - Data fetched successfully.
2025-05-06 14:40:07,526 - INFO - Total records fetched: 1689
2025-05-06 14:40:07,756 - INFO - Total tripStartDateMapping records: 342
2025-05-06 14:40:07,756 - INFO - Total Filtered records: 0
2025-05-06 14:40:09,049 - INFO - Filtered records to be inserted into database: 0
2025-05-06 14:40:09,059 - INFO - No new data to insert.
2025-05-06 14:40:09,098 - INFO - Finished
2025-05-06 14:50:06,710 - INFO - Started
2025-05-06 14:50:06,710 - INFO - Data fetched successfully.
2025-05-06 14:50:07,558 - INFO - Total records fetched: 1524
2025-05-06 14:50:07,860 - INFO - Total tripStartDateMapping records: 342
2025-05-06 14:50:07,862 - INFO - Total Filtered records: 0
2025-05-06 14:50:08,984 - INFO - Filtered records to be inserted into database: 0
2025-05-06 14:50:09,003 - INFO - No new data to insert.
2025-05-06 14:50:09,060 - INFO - Finished
2025-05-06 15:00:06,753 - INFO - Started
2025-05-06 15:00:06,755 - INFO - Data fetched successfully.
2025-05-06 15:00:07,638 - INFO - Total records fetched: 1509
2025-05-06 15:00:07,889 - INFO - Total tripStartDateMapping records: 342
2025-05-06 15:00:07,891 - INFO - Total Filtered records: 0
2025-05-06 15:00:09,233 - INFO - Filtered records to be inserted into database: 0
2025-05-06 15:00:09,233 - INFO - No new data to insert.
2025-05-06 15:00:09,293 - INFO - Finished
2025-05-06 15:10:06,282 - INFO - Started
2025-05-06 15:10:06,282 - INFO - Data fetched successfully.
2025-05-06 15:10:07,174 - INFO - Total records fetched: 1548
2025-05-06 15:10:07,358 - INFO - Total tripStartDateMapping records: 342
2025-05-06 15:10:07,358 - INFO - Total Filtered records: 0
2025-05-06 15:10:08,498 - INFO - Filtered records to be inserted into database: 0
2025-05-06 15:10:08,512 - INFO - No new data to insert.
2025-05-06 15:10:08,539 - INFO - Finished
2025-05-06 15:20:06,735 - INFO - Started
2025-05-06 15:20:06,736 - INFO - Data fetched successfully.
2025-05-06 15:20:07,605 - INFO - Total records fetched: 1498
2025-05-06 15:20:07,801 - INFO - Total tripStartDateMapping records: 342
2025-05-06 15:20:07,803 - INFO - Total Filtered records: 1
2025-05-06 15:20:08,929 - INFO - Filtered records to be inserted into database: 1
2025-05-06 15:20:09,163 - INFO - Finished
2025-05-06 15:30:29,449 - INFO - Started
2025-05-06 15:30:29,449 - INFO - Data fetched successfully.
2025-05-06 15:30:30,002 - INFO - Total records fetched: 1698
2025-05-06 15:30:30,479 - INFO - Total tripStartDateMapping records: 342
2025-05-06 15:30:30,483 - INFO - Total Filtered records: 4
2025-05-06 15:30:31,716 - INFO - Filtered records to be inserted into database: 4
2025-05-06 15:30:32,162 - INFO - Finished
2025-05-06 15:40:04,510 - INFO - Started
2025-05-06 15:40:04,510 - INFO - Data fetched successfully.
2025-05-06 15:40:04,924 - INFO - Total records fetched: 1552
2025-05-06 15:40:05,218 - INFO - Total tripStartDateMapping records: 342
2025-05-06 15:40:05,218 - INFO - Total Filtered records: 0
2025-05-06 15:40:05,838 - INFO - Filtered records to be inserted into database: 0
2025-05-06 15:40:05,838 - INFO - No new data to insert.
2025-05-06 15:40:05,878 - INFO - Finished
2025-05-06 15:50:05,702 - INFO - Started
2025-05-06 15:50:05,703 - INFO - Data fetched successfully.
2025-05-06 15:50:06,284 - INFO - Total records fetched: 1610
2025-05-06 15:50:06,596 - INFO - Total tripStartDateMapping records: 342
2025-05-06 15:50:06,596 - INFO - Total Filtered records: 1
2025-05-06 15:50:07,203 - INFO - Filtered records to be inserted into database: 1
2025-05-06 15:50:07,341 - INFO - Finished
2025-05-06 16:00:06,250 - INFO - Started
2025-05-06 16:00:06,251 - INFO - Data fetched successfully.
2025-05-06 16:00:06,950 - INFO - Total records fetched: 1713
2025-05-06 16:00:07,166 - INFO - Total tripStartDateMapping records: 342
2025-05-06 16:00:07,166 - INFO - Total Filtered records: 0
2025-05-06 16:00:08,549 - INFO - Filtered records to be inserted into database: 0
2025-05-06 16:00:08,557 - INFO - No new data to insert.
2025-05-06 16:00:08,604 - INFO - Finished
2025-05-06 16:10:06,679 - INFO - Started
2025-05-06 16:10:06,681 - INFO - Data fetched successfully.
2025-05-06 16:10:07,561 - INFO - Total records fetched: 1756
2025-05-06 16:10:08,058 - INFO - Total tripStartDateMapping records: 342
2025-05-06 16:10:08,058 - INFO - Total Filtered records: 0
2025-05-06 16:10:09,505 - INFO - Filtered records to be inserted into database: 0
2025-05-06 16:10:09,515 - INFO - No new data to insert.
2025-05-06 16:10:09,553 - INFO - Finished
2025-05-06 20:20:20,284 - INFO - Started
2025-05-06 20:20:20,475 - INFO - Data fetched successfully.
2025-05-06 20:20:21,435 - INFO - Total records fetched: 0
2025-05-06 20:20:23,397 - INFO - Total tripStartDateMapping records: 342
2025-05-06 20:20:23,471 - INFO - Total Filtered records: 0
2025-05-06 20:20:24,817 - INFO - Filtered records to be inserted into database: 0
2025-05-06 20:20:24,829 - INFO - No new data to insert.
2025-05-06 20:20:24,944 - INFO - Finished
2025-05-06 20:40:09,794 - INFO - Started
2025-05-06 20:40:09,794 - INFO - Data fetched successfully.
2025-05-06 20:40:10,651 - INFO - Total records fetched: 2208
2025-05-06 20:40:11,012 - INFO - Total tripStartDateMapping records: 342
2025-05-06 20:40:11,012 - INFO - Total Filtered records: 2
2025-05-06 21:00:02,711 - INFO - Started
2025-05-06 21:00:02,711 - INFO - Data fetched successfully.
2025-05-06 21:00:03,159 - INFO - Total records fetched: 2020
2025-05-06 21:00:03,189 - INFO - Total tripStartDateMapping records: 342
2025-05-06 21:00:03,189 - INFO - Total Filtered records: 0
2025-05-06 21:00:03,723 - INFO - Filtered records to be inserted into database: 0
2025-05-06 21:00:03,733 - INFO - No new data to insert.
2025-05-06 21:00:03,791 - INFO - Finished
2025-05-06 21:10:03,446 - INFO - Started
2025-05-06 21:10:03,448 - INFO - Data fetched successfully.
2025-05-09 10:50:04,319 - INFO - Started
2025-05-09 10:50:04,319 - INFO - Data fetched successfully.
2025-05-09 10:50:04,872 - INFO - Total records fetched: 2150
2025-05-09 10:50:05,393 - INFO - Total tripStartDateMapping records: 342
2025-05-09 10:50:05,393 - INFO - Total Filtered records: 2
2025-05-09 10:50:06,102 - INFO - Filtered records to be inserted into database: 2
2025-05-09 10:50:06,279 - INFO - Finished
2025-05-09 11:00:04,397 - INFO - Started
2025-05-09 11:00:04,397 - INFO - Data fetched successfully.
2025-05-09 11:00:04,782 - INFO - Total records fetched: 2132
2025-05-09 11:00:05,133 - INFO - Total tripStartDateMapping records: 342
2025-05-09 11:00:05,135 - INFO - Total Filtered records: 0
2025-05-09 11:00:05,656 - INFO - Filtered records to be inserted into database: 0
2025-05-09 11:00:05,662 - INFO - No new data to insert.
2025-05-09 11:00:05,671 - INFO - Finished
2025-05-09 11:10:04,874 - INFO - Started
2025-05-09 11:10:04,876 - INFO - Data fetched successfully.
2025-05-09 11:10:05,718 - INFO - Total records fetched: 2100
2025-05-09 11:10:05,927 - INFO - Total tripStartDateMapping records: 342
2025-05-09 11:10:05,927 - INFO - Total Filtered records: 0
2025-05-09 11:10:06,531 - INFO - Filtered records to be inserted into database: 0
2025-05-09 11:10:06,531 - INFO - No new data to insert.
2025-05-09 11:10:06,561 - INFO - Finished
2025-05-09 11:20:04,600 - INFO - Started
2025-05-09 11:20:04,600 - INFO - Data fetched successfully.
2025-05-09 11:20:05,079 - INFO - Total records fetched: 2147
2025-05-09 11:20:05,191 - INFO - Total tripStartDateMapping records: 342
2025-05-09 11:20:05,191 - INFO - Total Filtered records: 0
2025-05-09 11:20:05,692 - INFO - Filtered records to be inserted into database: 0
2025-05-09 11:20:05,696 - INFO - No new data to insert.
2025-05-09 11:20:05,706 - INFO - Finished
2025-05-09 11:30:04,738 - INFO - Started
2025-05-09 11:30:04,740 - INFO - Data fetched successfully.
2025-05-09 11:30:05,251 - INFO - Total records fetched: 2049
2025-05-09 11:30:05,425 - INFO - Total tripStartDateMapping records: 342
2025-05-09 11:30:05,425 - INFO - Total Filtered records: 0
2025-05-09 11:30:05,953 - INFO - Filtered records to be inserted into database: 0
2025-05-09 11:30:05,953 - INFO - No new data to insert.
2025-05-09 11:30:05,967 - INFO - Finished
2025-05-09 11:40:06,677 - INFO - Started
2025-05-09 11:40:06,677 - INFO - Data fetched successfully.
2025-05-09 11:40:07,280 - INFO - Total records fetched: 2114
2025-05-09 11:40:07,505 - INFO - Total tripStartDateMapping records: 342
2025-05-09 11:40:07,505 - INFO - Total Filtered records: 1
2025-05-09 11:40:08,053 - INFO - Filtered records to be inserted into database: 1
2025-05-09 11:40:08,135 - INFO - Finished
2025-05-09 12:13:17,672 - INFO - Started
2025-05-09 12:13:17,672 - INFO - Data fetched successfully.
2025-05-09 12:13:18,252 - INFO - Total records fetched: 1402
2025-05-09 12:13:18,713 - INFO - Total tripStartDateMapping records: 342
2025-05-09 12:13:18,713 - INFO - Total Filtered records: 4
2025-05-09 12:13:19,435 - INFO - Filtered records to be inserted into database: 4
2025-05-09 12:13:19,488 - INFO - Finished
2025-05-09 12:20:06,037 - INFO - Started
2025-05-09 12:20:06,037 - INFO - Data fetched successfully.
2025-05-09 12:20:06,710 - INFO - Total records fetched: 1915
2025-05-09 12:20:06,825 - INFO - Total tripStartDateMapping records: 342
2025-05-09 12:20:06,825 - INFO - Total Filtered records: 1
2025-05-09 12:20:07,972 - INFO - Filtered records to be inserted into database: 1
2025-05-09 12:20:08,092 - INFO - Finished
2025-05-09 12:38:16,423 - INFO - Started
2025-05-09 12:38:16,423 - INFO - Data fetched successfully.
2025-05-09 12:38:16,795 - INFO - Total records fetched: 1840
2025-05-09 12:38:16,848 - INFO - Total tripStartDateMapping records: 342
2025-05-09 12:38:16,848 - INFO - Total Filtered records: 0
2025-05-09 12:38:17,389 - INFO - Filtered records to be inserted into database: 0
2025-05-09 12:38:17,404 - INFO - No new data to insert.
2025-05-09 12:38:17,445 - INFO - Finished
2025-05-09 12:40:05,041 - INFO - Started
2025-05-09 12:40:05,041 - INFO - Data fetched successfully.
2025-05-09 12:40:05,565 - INFO - Total records fetched: 1838
2025-05-09 12:40:05,609 - INFO - Total tripStartDateMapping records: 342
2025-05-09 12:40:05,609 - INFO - Total Filtered records: 0
2025-05-09 12:40:06,840 - INFO - Filtered records to be inserted into database: 0
2025-05-09 12:40:06,840 - INFO - No new data to insert.
2025-05-09 12:40:06,862 - INFO - Finished
2025-05-09 12:50:16,637 - INFO - Started
2025-05-09 12:50:16,637 - INFO - Data fetched successfully.
2025-05-09 12:50:17,006 - INFO - Total records fetched: 1897
2025-05-09 12:50:17,222 - INFO - Total tripStartDateMapping records: 342
2025-05-09 12:50:17,222 - INFO - Total Filtered records: 0
2025-05-09 12:50:17,870 - INFO - Filtered records to be inserted into database: 0
2025-05-09 12:50:17,877 - INFO - No new data to insert.
2025-05-09 12:50:17,891 - INFO - Finished
2025-05-09 14:40:05,594 - INFO - Started
2025-05-09 14:40:05,594 - INFO - Data fetched successfully.
2025-05-09 14:40:06,102 - INFO - Total records fetched: 1413
2025-05-09 14:40:06,576 - INFO - Total tripStartDateMapping records: 342
2025-05-09 14:40:06,592 - INFO - Total Filtered records: 2
2025-05-09 14:40:07,859 - INFO - Filtered records to be inserted into database: 2
2025-05-09 14:40:07,927 - INFO - Finished
2025-05-09 14:50:05,180 - INFO - Started
2025-05-09 14:50:05,180 - INFO - Data fetched successfully.
2025-05-09 14:50:05,653 - INFO - Total records fetched: 1451
2025-05-09 14:50:05,908 - INFO - Total tripStartDateMapping records: 342
2025-05-09 14:50:05,908 - INFO - Total Filtered records: 0
2025-05-09 14:50:07,113 - INFO - Filtered records to be inserted into database: 0
2025-05-09 14:50:07,131 - INFO - No new data to insert.
2025-05-09 14:50:07,146 - INFO - Finished
2025-05-09 16:01:45,294 - INFO - Started
2025-05-09 16:01:45,296 - INFO - Data fetched successfully.
2025-05-09 16:01:46,219 - INFO - Total records fetched: 1562
2025-05-09 16:01:46,257 - INFO - Total tripStartDateMapping records: 342
2025-05-09 16:01:46,257 - INFO - Total Filtered records: 1
2025-05-09 16:01:47,115 - INFO - Filtered records to be inserted into database: 1
2025-05-09 16:01:47,190 - INFO - Finished
2025-05-10 14:10:06,808 - INFO - Started
2025-05-10 14:10:06,808 - INFO - Data fetched successfully.
2025-05-10 14:10:07,876 - INFO - Total records fetched: 1448
2025-05-10 14:10:08,627 - INFO - Total tripStartDateMapping records: 342
2025-05-10 14:10:08,627 - INFO - Total Filtered records: 4
2025-05-10 14:10:10,387 - INFO - Filtered records to be inserted into database: 4
2025-05-10 14:10:10,509 - INFO - Finished
2025-05-10 14:20:12,894 - INFO - Started
2025-05-10 14:20:12,894 - INFO - Data fetched successfully.
2025-05-10 14:20:13,587 - INFO - Total records fetched: 1553
2025-05-10 14:20:14,092 - INFO - Total tripStartDateMapping records: 342
2025-05-10 14:20:14,092 - INFO - Total Filtered records: 3
2025-05-10 14:20:15,427 - INFO - Filtered records to be inserted into database: 3
2025-05-10 14:20:15,612 - INFO - Finished
2025-05-10 14:30:06,271 - INFO - Started
2025-05-10 14:30:06,271 - INFO - Data fetched successfully.
2025-05-10 14:30:06,819 - INFO - Total records fetched: 1427
2025-05-10 14:30:06,915 - INFO - Total tripStartDateMapping records: 342
2025-05-10 14:30:06,915 - INFO - Total Filtered records: 0
2025-05-10 14:30:08,123 - INFO - Filtered records to be inserted into database: 0
2025-05-10 14:30:08,123 - INFO - No new data to insert.
2025-05-10 14:30:08,185 - INFO - Finished
2025-05-10 14:40:08,304 - INFO - Started
2025-05-10 14:40:08,319 - INFO - Data fetched successfully.
2025-05-10 14:40:08,972 - INFO - Total records fetched: 1538
2025-05-10 14:40:09,047 - INFO - Total tripStartDateMapping records: 342
2025-05-10 14:40:09,047 - INFO - Total Filtered records: 0
2025-05-10 14:40:10,389 - INFO - Filtered records to be inserted into database: 0
2025-05-10 14:40:10,391 - INFO - No new data to insert.
2025-05-10 14:40:10,413 - INFO - Finished
2025-05-10 21:40:07,195 - INFO - Started
2025-05-10 21:40:07,198 - INFO - Data fetched successfully.
2025-05-10 21:40:07,849 - INFO - Total records fetched: 1480
2025-05-10 21:40:08,456 - INFO - Total tripStartDateMapping records: 342
2025-05-10 21:40:08,456 - INFO - Total Filtered records: 4
2025-05-10 21:40:09,620 - INFO - Filtered records to be inserted into database: 4
2025-05-10 21:40:09,866 - INFO - Finished
2025-05-10 21:54:48,376 - INFO - Started
2025-05-10 21:54:48,381 - INFO - Data fetched successfully.
2025-05-10 21:54:48,770 - INFO - Total records fetched: 1327
2025-05-10 21:54:49,087 - INFO - Total tripStartDateMapping records: 342
2025-05-10 21:54:49,087 - INFO - Total Filtered records: 0
2025-05-10 21:54:49,834 - INFO - Filtered records to be inserted into database: 0
2025-05-10 21:54:49,840 - INFO - No new data to insert.
2025-05-10 21:54:49,852 - INFO - Finished
2025-05-10 22:00:05,656 - INFO - Started
2025-05-10 22:00:05,656 - INFO - Data fetched successfully.
2025-05-10 22:00:06,188 - INFO - Total records fetched: 1316
2025-05-10 22:00:06,293 - INFO - Total tripStartDateMapping records: 342
2025-05-10 22:00:06,293 - INFO - Total Filtered records: 0
2025-05-10 22:00:07,482 - INFO - Filtered records to be inserted into database: 0
2025-05-10 22:00:07,489 - INFO - No new data to insert.
2025-05-10 22:00:07,505 - INFO - Finished
2025-05-10 22:10:05,914 - INFO - Started
2025-05-10 22:10:05,917 - INFO - Data fetched successfully.
2025-05-10 22:10:06,478 - INFO - Total records fetched: 1183
2025-05-10 22:10:06,644 - INFO - Total tripStartDateMapping records: 342
2025-05-10 22:10:06,644 - INFO - Total Filtered records: 0
2025-05-10 22:10:08,136 - INFO - Filtered records to be inserted into database: 0
2025-05-10 22:10:08,142 - INFO - No new data to insert.
2025-05-10 22:10:08,177 - INFO - Finished
2025-05-10 22:20:10,882 - INFO - Started
2025-05-10 22:20:10,890 - INFO - Data fetched successfully.
2025-05-10 22:20:11,451 - INFO - Total records fetched: 1256
2025-05-10 22:20:11,679 - INFO - Total tripStartDateMapping records: 342
2025-05-10 22:20:11,679 - INFO - Total Filtered records: 3
2025-05-10 22:20:13,276 - INFO - Filtered records to be inserted into database: 3
2025-05-10 22:20:13,395 - INFO - Finished
2025-05-10 22:30:05,651 - INFO - Started
2025-05-10 22:30:05,653 - INFO - Data fetched successfully.
2025-05-10 22:30:06,163 - INFO - Total records fetched: 975
2025-05-10 22:30:06,298 - INFO - Total tripStartDateMapping records: 342
2025-05-10 22:30:06,298 - INFO - Total Filtered records: 0
2025-05-10 22:30:07,556 - INFO - Filtered records to be inserted into database: 0
2025-05-10 22:30:07,569 - INFO - No new data to insert.
2025-05-10 22:30:07,617 - INFO - Finished
2025-05-10 22:40:07,325 - INFO - Started
2025-05-10 22:40:07,325 - INFO - Data fetched successfully.
2025-05-10 22:40:08,122 - INFO - Total records fetched: 1101
2025-05-10 22:40:08,385 - INFO - Total tripStartDateMapping records: 342
2025-05-10 22:40:08,385 - INFO - Total Filtered records: 0
2025-05-10 22:40:09,699 - INFO - Filtered records to be inserted into database: 0
2025-05-10 22:40:09,699 - INFO - No new data to insert.
2025-05-10 22:40:09,717 - INFO - Finished
2025-05-13 14:40:09,913 - INFO - Started
2025-05-13 14:40:09,919 - INFO - Data fetched successfully.
2025-05-13 14:40:11,196 - INFO - Total records fetched: 51
2025-05-13 14:40:11,490 - INFO - Total tripStartDateMapping records: 342
2025-05-13 14:40:11,490 - INFO - Total Filtered records: 1
2025-05-13 14:40:13,364 - INFO - Filtered records to be inserted into database: 1
2025-05-13 14:40:13,562 - INFO - Finished
2025-05-13 14:50:53,981 - INFO - Started
2025-05-13 14:50:53,981 - INFO - Data fetched successfully.
2025-05-13 14:50:54,989 - INFO - Total records fetched: 53
2025-05-13 14:50:55,320 - INFO - Total tripStartDateMapping records: 342
2025-05-13 14:50:55,322 - INFO - Total Filtered records: 0
2025-05-13 14:50:56,802 - INFO - Filtered records to be inserted into database: 0
2025-05-13 14:50:56,813 - INFO - No new data to insert.
2025-05-13 14:50:56,994 - INFO - Finished
2025-05-13 15:00:06,794 - INFO - Started
2025-05-13 15:00:06,794 - INFO - Data fetched successfully.
2025-05-13 15:00:07,069 - INFO - Total records fetched: 52
2025-05-13 15:00:07,324 - INFO - Total tripStartDateMapping records: 342
2025-05-13 15:00:07,324 - INFO - Total Filtered records: 0
2025-05-13 15:00:08,549 - INFO - Filtered records to be inserted into database: 0
2025-05-13 15:00:08,552 - INFO - No new data to insert.
2025-05-13 15:00:08,565 - INFO - Finished
2025-05-13 15:10:08,023 - INFO - Started
2025-05-13 15:10:08,023 - INFO - Data fetched successfully.
2025-05-13 15:10:08,306 - INFO - Total records fetched: 50
2025-05-13 15:10:08,620 - INFO - Total tripStartDateMapping records: 342
2025-05-13 15:10:08,620 - INFO - Total Filtered records: 0
2025-05-13 15:10:10,268 - INFO - Filtered records to be inserted into database: 0
2025-05-13 15:10:10,281 - INFO - No new data to insert.
2025-05-13 15:10:10,297 - INFO - Finished
2025-05-13 15:20:07,155 - INFO - Started
2025-05-13 15:20:07,155 - INFO - Data fetched successfully.
2025-05-13 15:20:07,410 - INFO - Total records fetched: 52
2025-05-13 15:20:07,604 - INFO - Total tripStartDateMapping records: 342
2025-05-13 15:20:07,604 - INFO - Total Filtered records: 0
2025-05-13 15:20:08,938 - INFO - Filtered records to be inserted into database: 0
2025-05-13 15:20:08,943 - INFO - No new data to insert.
2025-05-13 15:20:08,964 - INFO - Finished
2025-05-13 15:30:07,194 - INFO - Started
2025-05-13 15:30:07,194 - INFO - Data fetched successfully.
2025-05-13 15:30:07,450 - INFO - Total records fetched: 50
2025-05-13 15:30:07,669 - INFO - Total tripStartDateMapping records: 342
2025-05-13 15:30:07,669 - INFO - Total Filtered records: 0
2025-05-13 15:30:08,865 - INFO - Filtered records to be inserted into database: 0
2025-05-13 15:30:08,877 - INFO - No new data to insert.
2025-05-13 15:30:08,922 - INFO - Finished
2025-05-13 15:40:08,084 - INFO - Started
2025-05-13 15:40:08,084 - INFO - Data fetched successfully.
2025-05-13 15:40:08,331 - INFO - Total records fetched: 51
2025-05-13 15:40:08,492 - INFO - Total tripStartDateMapping records: 342
2025-05-13 15:40:08,492 - INFO - Total Filtered records: 0
2025-05-13 15:40:09,752 - INFO - Filtered records to be inserted into database: 0
2025-05-13 15:40:09,761 - INFO - No new data to insert.
2025-05-13 15:40:09,779 - INFO - Finished
2025-05-13 15:50:06,980 - INFO - Started
2025-05-13 15:50:06,980 - INFO - Data fetched successfully.
2025-05-13 15:50:07,286 - INFO - Total records fetched: 51
2025-05-13 15:50:07,852 - INFO - Total tripStartDateMapping records: 342
2025-05-13 15:50:07,852 - INFO - Total Filtered records: 1
2025-05-13 15:50:09,107 - INFO - Filtered records to be inserted into database: 1
2025-05-13 15:50:09,278 - INFO - Finished
2025-05-13 16:00:05,344 - INFO - Started
2025-05-13 16:00:05,344 - INFO - Data fetched successfully.
2025-05-13 16:00:05,624 - INFO - Total records fetched: 52
2025-05-13 16:00:05,880 - INFO - Total tripStartDateMapping records: 342
2025-05-13 16:00:05,880 - INFO - Total Filtered records: 0
2025-05-13 16:00:06,661 - INFO - Filtered records to be inserted into database: 0
2025-05-13 16:00:06,673 - INFO - No new data to insert.
2025-05-13 16:00:06,701 - INFO - Finished
2025-05-13 16:10:04,768 - INFO - Started
2025-05-13 16:10:04,768 - INFO - Data fetched successfully.
2025-05-13 16:10:04,992 - INFO - Total records fetched: 51
2025-05-13 16:10:05,174 - INFO - Total tripStartDateMapping records: 342
2025-05-13 16:10:05,174 - INFO - Total Filtered records: 0
2025-05-13 16:10:05,748 - INFO - Filtered records to be inserted into database: 0
2025-05-13 16:10:05,752 - INFO - No new data to insert.
2025-05-13 16:10:05,778 - INFO - Finished
2025-05-13 16:30:05,130 - INFO - Started
2025-05-13 16:30:05,130 - INFO - Data fetched successfully.
2025-05-13 16:30:05,360 - INFO - Total records fetched: 52
2025-05-13 16:30:05,529 - INFO - Total tripStartDateMapping records: 342
2025-05-13 16:30:05,544 - INFO - Total Filtered records: 0
2025-05-13 16:30:06,229 - INFO - Filtered records to be inserted into database: 0
2025-05-13 16:30:06,238 - INFO - No new data to insert.
2025-05-13 16:30:06,253 - INFO - Finished
2025-05-13 21:30:07,571 - INFO - Started
2025-05-13 21:30:07,571 - INFO - Data fetched successfully.
2025-05-13 21:30:08,385 - INFO - Total records fetched: 51
2025-05-13 21:30:09,097 - INFO - Total tripStartDateMapping records: 342
2025-05-13 21:30:09,097 - INFO - Total Filtered records: 0
2025-05-13 21:30:10,337 - INFO - Filtered records to be inserted into database: 0
2025-05-13 21:30:10,353 - INFO - No new data to insert.
2025-05-13 21:30:10,400 - INFO - Finished
2025-05-13 21:40:06,139 - INFO - Started
2025-05-13 21:40:06,139 - INFO - Data fetched successfully.
2025-05-13 21:40:06,523 - INFO - Total records fetched: 50
2025-05-13 21:40:06,641 - INFO - Total tripStartDateMapping records: 342
2025-05-13 21:40:06,647 - INFO - Total Filtered records: 0
2025-05-13 21:40:07,871 - INFO - Filtered records to be inserted into database: 0
2025-05-13 21:40:07,876 - INFO - No new data to insert.
2025-05-13 21:40:07,887 - INFO - Finished
2025-05-13 21:50:06,241 - INFO - Started
2025-05-13 21:50:06,241 - INFO - Data fetched successfully.
2025-05-13 21:50:10,428 - INFO - Total records fetched: 50
2025-05-13 21:50:10,832 - INFO - Total tripStartDateMapping records: 342
2025-05-13 21:50:10,832 - INFO - Total Filtered records: 0
2025-05-13 21:50:12,326 - INFO - Filtered records to be inserted into database: 0
2025-05-13 21:50:12,337 - INFO - No new data to insert.
2025-05-13 21:50:12,354 - INFO - Finished
2025-05-13 22:00:06,336 - INFO - Started
2025-05-13 22:00:06,336 - INFO - Data fetched successfully.
2025-05-13 22:00:06,727 - INFO - Total records fetched: 51
2025-05-13 22:00:06,905 - INFO - Total tripStartDateMapping records: 342
2025-05-13 22:00:06,905 - INFO - Total Filtered records: 0
2025-05-13 22:00:08,104 - INFO - Filtered records to be inserted into database: 0
2025-05-13 22:00:08,113 - INFO - No new data to insert.
2025-05-13 22:00:08,142 - INFO - Finished
2025-05-13 22:10:06,576 - INFO - Started
2025-05-13 22:10:06,576 - INFO - Data fetched successfully.
2025-05-13 22:10:07,061 - INFO - Total records fetched: 51
2025-05-13 22:10:07,136 - INFO - Total tripStartDateMapping records: 342
2025-05-13 22:10:07,136 - INFO - Total Filtered records: 0
2025-05-13 22:10:08,366 - INFO - Filtered records to be inserted into database: 0
2025-05-13 22:10:08,368 - INFO - No new data to insert.
2025-05-13 22:10:08,393 - INFO - Finished
2025-05-13 22:20:05,832 - INFO - Started
2025-05-13 22:20:05,835 - INFO - Data fetched successfully.
2025-05-13 22:20:07,023 - INFO - Total records fetched: 51
2025-05-13 22:20:07,120 - INFO - Total tripStartDateMapping records: 342
2025-05-13 22:20:07,120 - INFO - Total Filtered records: 0
2025-05-13 22:20:08,900 - INFO - Filtered records to be inserted into database: 0
2025-05-13 22:20:08,900 - INFO - No new data to insert.
2025-05-13 22:20:08,918 - INFO - Finished
2025-05-13 22:30:06,225 - INFO - Started
2025-05-13 22:30:06,229 - INFO - Data fetched successfully.
2025-05-13 22:30:06,594 - INFO - Total records fetched: 50
2025-05-13 22:30:06,732 - INFO - Total tripStartDateMapping records: 342
2025-05-13 22:30:06,732 - INFO - Total Filtered records: 0
2025-05-13 22:30:08,019 - INFO - Filtered records to be inserted into database: 0
2025-05-13 22:30:08,024 - INFO - No new data to insert.
2025-05-13 22:30:08,043 - INFO - Finished
2025-05-13 22:40:04,554 - INFO - Started
2025-05-13 22:40:04,554 - INFO - Data fetched successfully.
2025-05-13 22:40:04,813 - INFO - Total records fetched: 52
2025-05-13 22:40:04,974 - INFO - Total tripStartDateMapping records: 342
2025-05-13 22:40:04,975 - INFO - Total Filtered records: 0
2025-05-13 22:40:06,128 - INFO - Filtered records to be inserted into database: 0
2025-05-13 22:40:06,128 - INFO - No new data to insert.
2025-05-13 22:40:06,141 - INFO - Finished
2025-05-13 22:50:06,000 - INFO - Started
2025-05-13 22:50:06,000 - INFO - Data fetched successfully.
2025-05-13 22:50:06,287 - INFO - Total records fetched: 52
2025-05-13 22:50:06,375 - INFO - Total tripStartDateMapping records: 342
2025-05-13 22:50:06,375 - INFO - Total Filtered records: 0
2025-05-13 22:50:07,534 - INFO - Filtered records to be inserted into database: 0
2025-05-13 22:50:07,540 - INFO - No new data to insert.
2025-05-13 22:50:07,564 - INFO - Finished
2025-05-13 23:00:06,046 - INFO - Started
2025-05-13 23:00:06,046 - INFO - Data fetched successfully.
2025-05-13 23:00:06,434 - INFO - Total records fetched: 52
2025-05-13 23:00:06,504 - INFO - Total tripStartDateMapping records: 342
2025-05-13 23:00:06,504 - INFO - Total Filtered records: 0
2025-05-13 23:00:07,666 - INFO - Filtered records to be inserted into database: 0
2025-05-13 23:00:07,675 - INFO - No new data to insert.
2025-05-13 23:00:07,693 - INFO - Finished
2025-05-13 23:10:03,588 - INFO - Started
2025-05-13 23:10:03,588 - INFO - Data fetched successfully.
2025-05-13 23:10:03,859 - INFO - Total records fetched: 52
2025-05-13 23:10:04,000 - INFO - Total tripStartDateMapping records: 342
2025-05-13 23:10:04,002 - INFO - Total Filtered records: 0
2025-05-13 23:10:04,776 - INFO - Filtered records to be inserted into database: 0
2025-05-13 23:10:04,784 - INFO - No new data to insert.
2025-05-13 23:10:04,794 - INFO - Finished
2025-05-14 11:10:04,804 - INFO - Started
2025-05-14 11:10:04,804 - INFO - Data fetched successfully.
2025-05-14 11:10:05,025 - INFO - Total records fetched: 54
2025-05-14 11:10:05,295 - INFO - Total tripStartDateMapping records: 342
2025-05-14 11:10:05,295 - INFO - Total Filtered records: 0
2025-05-14 11:10:05,928 - INFO - Filtered records to be inserted into database: 0
2025-05-14 11:10:05,928 - INFO - No new data to insert.
2025-05-14 11:10:05,955 - INFO - Finished
2025-05-14 11:20:15,044 - INFO - Started
2025-05-14 11:20:15,045 - INFO - Data fetched successfully.
2025-05-14 11:20:15,290 - INFO - Total records fetched: 54
2025-05-14 11:20:15,621 - INFO - Total tripStartDateMapping records: 342
2025-05-14 11:20:15,622 - INFO - Total Filtered records: 0
2025-05-14 11:20:17,056 - INFO - Filtered records to be inserted into database: 0
2025-05-14 11:20:17,088 - INFO - No new data to insert.
2025-05-14 11:20:17,160 - INFO - Finished
2025-05-14 11:30:07,430 - INFO - Started
2025-05-14 11:30:07,432 - INFO - Data fetched successfully.
2025-05-14 11:30:07,656 - INFO - Total records fetched: 54
2025-05-14 11:30:07,738 - INFO - Total tripStartDateMapping records: 342
2025-05-14 11:30:07,739 - INFO - Total Filtered records: 0
2025-05-14 11:30:08,562 - INFO - Filtered records to be inserted into database: 0
2025-05-14 11:30:08,572 - INFO - No new data to insert.
2025-05-14 11:30:08,615 - INFO - Finished
2025-05-14 11:40:03,959 - INFO - Started
2025-05-14 11:40:03,960 - INFO - Data fetched successfully.
2025-05-14 11:40:04,186 - INFO - Total records fetched: 54
2025-05-14 11:40:04,270 - INFO - Total tripStartDateMapping records: 342
2025-05-14 11:40:04,270 - INFO - Total Filtered records: 1
2025-05-14 11:40:04,862 - INFO - Filtered records to be inserted into database: 1
2025-05-14 11:40:05,082 - INFO - Finished
2025-05-14 11:51:19,958 - INFO - Started
2025-05-14 11:51:19,959 - INFO - Data fetched successfully.
2025-05-14 11:51:20,239 - INFO - Total records fetched: 54
2025-05-14 11:51:20,588 - INFO - Total tripStartDateMapping records: 342
2025-05-14 11:51:20,589 - INFO - Total Filtered records: 0
2025-05-14 11:51:21,274 - INFO - Filtered records to be inserted into database: 0
2025-05-14 11:51:21,286 - INFO - No new data to insert.
2025-05-14 11:51:21,338 - INFO - Finished
2025-05-14 12:00:04,567 - INFO - Started
2025-05-14 12:00:04,567 - INFO - Data fetched successfully.
2025-05-14 12:00:04,835 - INFO - Total records fetched: 54
2025-05-14 12:00:04,927 - INFO - Total tripStartDateMapping records: 342
2025-05-14 12:00:04,927 - INFO - Total Filtered records: 0
2025-05-14 12:00:05,691 - INFO - Filtered records to be inserted into database: 0
2025-05-14 12:00:05,691 - INFO - No new data to insert.
2025-05-14 12:00:05,710 - INFO - Finished
2025-05-14 12:10:05,234 - INFO - Started
2025-05-14 12:10:05,237 - INFO - Data fetched successfully.
2025-05-14 12:10:05,552 - INFO - Total records fetched: 54
2025-05-14 12:10:05,633 - INFO - Total tripStartDateMapping records: 342
2025-05-14 12:10:05,633 - INFO - Total Filtered records: 0
2025-05-14 12:10:06,232 - INFO - Filtered records to be inserted into database: 0
2025-05-14 12:10:06,233 - INFO - No new data to insert.
2025-05-14 12:10:06,247 - INFO - Finished
2025-05-14 12:20:05,779 - INFO - Started
2025-05-14 12:20:05,779 - INFO - Data fetched successfully.
2025-05-14 12:20:06,071 - INFO - Total records fetched: 52
2025-05-14 12:20:06,115 - INFO - Total tripStartDateMapping records: 342
2025-05-14 12:20:06,115 - INFO - Total Filtered records: 0
2025-05-14 12:20:07,351 - INFO - Filtered records to be inserted into database: 0
2025-05-14 12:20:07,351 - INFO - No new data to insert.
2025-05-14 12:20:07,366 - INFO - Finished
2025-05-14 12:30:05,244 - INFO - Started
2025-05-14 12:30:05,244 - INFO - Data fetched successfully.
2025-05-14 12:30:05,513 - INFO - Total records fetched: 49
2025-05-14 12:30:05,601 - INFO - Total tripStartDateMapping records: 342
2025-05-14 12:30:05,601 - INFO - Total Filtered records: 0
2025-05-14 12:30:07,094 - INFO - Filtered records to be inserted into database: 0
2025-05-14 12:30:07,102 - INFO - No new data to insert.
2025-05-14 12:30:07,143 - INFO - Finished
2025-05-14 12:40:10,445 - INFO - Started
2025-05-14 12:40:10,445 - INFO - Data fetched successfully.
2025-05-14 12:40:10,781 - INFO - Total records fetched: 52
2025-05-14 12:40:11,085 - INFO - Total tripStartDateMapping records: 342
2025-05-14 12:40:11,085 - INFO - Total Filtered records: 0
2025-05-14 12:40:12,528 - INFO - Filtered records to be inserted into database: 0
2025-05-14 12:40:12,536 - INFO - No new data to insert.
2025-05-14 12:40:12,585 - INFO - Finished
2025-05-14 17:00:07,665 - INFO - Started
2025-05-14 17:00:07,670 - INFO - Data fetched successfully.
2025-05-14 17:00:08,228 - INFO - Total records fetched: 52
2025-05-14 17:00:09,247 - INFO - Total tripStartDateMapping records: 342
2025-05-14 17:00:09,247 - INFO - Total Filtered records: 1
2025-05-14 17:00:10,825 - INFO - Filtered records to be inserted into database: 1
2025-05-14 17:00:11,015 - INFO - Finished
2025-05-14 17:10:10,303 - INFO - Started
2025-05-14 17:10:10,314 - INFO - Data fetched successfully.
2025-05-14 17:10:10,642 - INFO - Total records fetched: 53
2025-05-14 17:10:10,734 - INFO - Total tripStartDateMapping records: 342
2025-05-14 17:10:10,740 - INFO - Total Filtered records: 0
2025-05-14 17:10:11,972 - INFO - Filtered records to be inserted into database: 0
2025-05-14 17:10:11,993 - INFO - No new data to insert.
2025-05-14 17:10:12,048 - INFO - Finished
2025-05-14 17:20:04,555 - INFO - Started
2025-05-14 17:20:04,555 - INFO - Data fetched successfully.
2025-05-14 17:20:04,779 - INFO - Total records fetched: 54
2025-05-14 17:20:04,882 - INFO - Total tripStartDateMapping records: 342
2025-05-14 17:20:04,882 - INFO - Total Filtered records: 0
2025-05-14 17:20:06,147 - INFO - Filtered records to be inserted into database: 0
2025-05-14 17:20:06,147 - INFO - No new data to insert.
2025-05-14 17:20:06,160 - INFO - Finished
2025-05-14 17:30:05,413 - INFO - Started
2025-05-14 17:30:05,415 - INFO - Data fetched successfully.
2025-05-14 17:30:05,650 - INFO - Total records fetched: 54
2025-05-14 17:30:05,764 - INFO - Total tripStartDateMapping records: 342
2025-05-14 17:30:05,764 - INFO - Total Filtered records: 0
2025-05-14 17:30:06,960 - INFO - Filtered records to be inserted into database: 0
2025-05-14 17:30:06,962 - INFO - No new data to insert.
2025-05-14 17:30:06,983 - INFO - Finished
2025-05-14 17:40:05,445 - INFO - Started
2025-05-14 17:40:05,445 - INFO - Data fetched successfully.
2025-05-14 17:40:05,685 - INFO - Total records fetched: 54
2025-05-14 17:40:05,785 - INFO - Total tripStartDateMapping records: 342
2025-05-14 17:40:05,785 - INFO - Total Filtered records: 0
2025-05-14 17:40:07,462 - INFO - Filtered records to be inserted into database: 0
2025-05-14 17:40:07,462 - INFO - No new data to insert.
2025-05-14 17:40:07,486 - INFO - Finished
2025-05-14 17:50:04,194 - INFO - Started
2025-05-14 17:50:04,194 - INFO - Data fetched successfully.
2025-05-14 17:50:04,401 - INFO - Total records fetched: 54
2025-05-14 17:50:04,481 - INFO - Total tripStartDateMapping records: 342
2025-05-14 17:50:04,481 - INFO - Total Filtered records: 0
2025-05-14 17:50:05,909 - INFO - Filtered records to be inserted into database: 0
2025-05-14 17:50:05,909 - INFO - No new data to insert.
2025-05-14 17:50:05,926 - INFO - Finished
2025-05-14 18:00:06,401 - INFO - Started
2025-05-14 18:00:06,404 - INFO - Data fetched successfully.
2025-05-14 18:00:06,640 - INFO - Total records fetched: 54
2025-05-14 18:00:06,740 - INFO - Total tripStartDateMapping records: 342
2025-05-14 18:00:06,740 - INFO - Total Filtered records: 0
2025-05-14 18:00:07,961 - INFO - Filtered records to be inserted into database: 0
2025-05-14 18:00:07,961 - INFO - No new data to insert.
2025-05-14 18:00:07,979 - INFO - Finished
2025-05-14 18:10:06,116 - INFO - Started
2025-05-14 18:10:06,116 - INFO - Data fetched successfully.
2025-05-14 18:10:06,413 - INFO - Total records fetched: 54
2025-05-14 18:10:06,508 - INFO - Total tripStartDateMapping records: 342
2025-05-14 18:10:06,508 - INFO - Total Filtered records: 0
2025-05-14 18:10:07,753 - INFO - Filtered records to be inserted into database: 0
2025-05-14 18:10:07,753 - INFO - No new data to insert.
2025-05-14 18:10:07,785 - INFO - Finished
2025-05-14 18:20:04,056 - INFO - Started
2025-05-14 18:20:04,056 - INFO - Data fetched successfully.
2025-05-14 18:20:04,811 - INFO - Total records fetched: 54
2025-05-14 18:20:04,891 - INFO - Total tripStartDateMapping records: 342
2025-05-14 18:20:04,891 - INFO - Total Filtered records: 0
2025-05-14 18:20:06,280 - INFO - Filtered records to be inserted into database: 0
2025-05-14 18:20:06,282 - INFO - No new data to insert.
2025-05-14 18:20:06,289 - INFO - Finished
2025-05-14 18:30:06,296 - INFO - Started
2025-05-14 18:30:06,296 - INFO - Data fetched successfully.
2025-05-14 18:30:06,555 - INFO - Total records fetched: 54
2025-05-14 18:30:06,691 - INFO - Total tripStartDateMapping records: 342
2025-05-14 18:30:06,691 - INFO - Total Filtered records: 0
2025-05-14 18:30:08,078 - INFO - Filtered records to be inserted into database: 0
2025-05-14 18:30:08,078 - INFO - No new data to insert.
2025-05-14 18:30:08,098 - INFO - Finished
2025-05-14 18:40:04,032 - INFO - Started
2025-05-14 18:40:04,032 - INFO - Data fetched successfully.
2025-05-14 18:40:04,475 - INFO - Total records fetched: 54
2025-05-14 18:40:04,552 - INFO - Total tripStartDateMapping records: 342
2025-05-14 18:40:04,552 - INFO - Total Filtered records: 0
2025-05-14 18:40:05,251 - INFO - Filtered records to be inserted into database: 0
2025-05-14 18:40:05,251 - INFO - No new data to insert.
2025-05-14 18:40:05,277 - INFO - Finished
2025-05-14 18:50:03,547 - INFO - Started
2025-05-14 18:50:03,547 - INFO - Data fetched successfully.
2025-05-14 18:50:03,774 - INFO - Total records fetched: 54
2025-05-14 18:50:03,831 - INFO - Total tripStartDateMapping records: 342
2025-05-14 18:50:03,831 - INFO - Total Filtered records: 0
2025-05-14 18:50:04,322 - INFO - Filtered records to be inserted into database: 0
2025-05-14 18:50:04,322 - INFO - No new data to insert.
2025-05-14 18:50:04,338 - INFO - Finished
2025-05-14 19:00:03,693 - INFO - Started
2025-05-14 19:00:03,693 - INFO - Data fetched successfully.
2025-05-14 19:00:03,895 - INFO - Total records fetched: 54
2025-05-14 19:00:03,948 - INFO - Total tripStartDateMapping records: 342
2025-05-14 19:00:03,948 - INFO - Total Filtered records: 0
2025-05-14 19:00:04,449 - INFO - Filtered records to be inserted into database: 0
2025-05-14 19:00:04,462 - INFO - No new data to insert.
2025-05-14 19:00:04,475 - INFO - Finished
2025-05-14 19:10:03,813 - INFO - Started
2025-05-14 19:10:03,813 - INFO - Data fetched successfully.
2025-05-14 19:10:04,023 - INFO - Total records fetched: 54
2025-05-14 19:10:04,055 - INFO - Total tripStartDateMapping records: 342
2025-05-14 19:10:04,055 - INFO - Total Filtered records: 0
2025-05-14 19:10:04,551 - INFO - Filtered records to be inserted into database: 0
2025-05-14 19:10:04,551 - INFO - No new data to insert.
2025-05-14 19:10:04,563 - INFO - Finished
2025-05-14 19:20:03,881 - INFO - Started
2025-05-14 19:20:03,881 - INFO - Data fetched successfully.
2025-05-14 19:20:04,090 - INFO - Total records fetched: 54
2025-05-14 19:20:04,152 - INFO - Total tripStartDateMapping records: 342
2025-05-14 19:20:04,152 - INFO - Total Filtered records: 0
2025-05-14 19:20:04,632 - INFO - Filtered records to be inserted into database: 0
2025-05-14 19:20:04,632 - INFO - No new data to insert.
2025-05-14 19:20:04,639 - INFO - Finished
2025-05-14 19:30:03,949 - INFO - Started
2025-05-14 19:30:03,949 - INFO - Data fetched successfully.
2025-05-14 19:30:04,230 - INFO - Total records fetched: 54
2025-05-14 19:30:04,267 - INFO - Total tripStartDateMapping records: 342
2025-05-14 19:30:04,268 - INFO - Total Filtered records: 0
2025-05-14 19:30:04,815 - INFO - Filtered records to be inserted into database: 0
2025-05-14 19:30:04,815 - INFO - No new data to insert.
2025-05-14 19:30:04,840 - INFO - Finished
2025-05-14 19:40:05,698 - INFO - Started
2025-05-14 19:40:05,698 - INFO - Data fetched successfully.
2025-05-14 19:40:05,915 - INFO - Total records fetched: 54
2025-05-14 19:40:06,274 - INFO - Total tripStartDateMapping records: 342
2025-05-14 19:40:06,274 - INFO - Total Filtered records: 0
2025-05-14 19:40:08,127 - INFO - Filtered records to be inserted into database: 0
2025-05-14 19:40:08,127 - INFO - No new data to insert.
2025-05-14 19:40:08,222 - INFO - Finished
2025-05-15 18:50:33,768 - INFO - Started
2025-05-15 18:50:33,772 - INFO - Data fetched successfully.
2025-05-15 18:50:35,107 - INFO - Total records fetched: 1304
2025-05-15 18:50:36,126 - INFO - Total tripStartDateMapping records: 342
2025-05-15 18:50:36,126 - INFO - Total Filtered records: 1
2025-05-15 18:50:37,487 - INFO - Filtered records to be inserted into database: 1
2025-05-15 18:50:37,816 - INFO - Finished
2025-05-15 19:00:08,822 - INFO - Started
2025-05-15 19:00:08,822 - INFO - Data fetched successfully.
2025-05-15 19:00:09,350 - INFO - Total records fetched: 1314
2025-05-15 19:00:09,740 - INFO - Total tripStartDateMapping records: 342
2025-05-15 19:00:09,742 - INFO - Total Filtered records: 0
2025-05-15 19:00:11,099 - INFO - Filtered records to be inserted into database: 0
2025-05-15 19:00:11,101 - INFO - No new data to insert.
2025-05-15 19:00:11,196 - INFO - Finished
2025-05-15 19:10:08,002 - INFO - Started
2025-05-15 19:10:08,002 - INFO - Data fetched successfully.
2025-05-15 19:10:08,474 - INFO - Total records fetched: 1313
2025-05-15 19:10:08,538 - INFO - Total tripStartDateMapping records: 342
2025-05-15 19:10:08,538 - INFO - Total Filtered records: 0
2025-05-15 19:10:09,894 - INFO - Filtered records to be inserted into database: 0
2025-05-15 19:10:09,894 - INFO - No new data to insert.
2025-05-15 19:10:09,904 - INFO - Finished
2025-05-15 19:20:08,211 - INFO - Started
2025-05-15 19:20:08,212 - INFO - Data fetched successfully.
2025-05-15 19:20:08,609 - INFO - Total records fetched: 1317
2025-05-15 19:20:08,684 - INFO - Total tripStartDateMapping records: 342
2025-05-15 19:20:08,684 - INFO - Total Filtered records: 0
2025-05-15 19:20:09,744 - INFO - Filtered records to be inserted into database: 0
2025-05-15 19:20:09,762 - INFO - No new data to insert.
2025-05-15 19:20:09,801 - INFO - Finished
2025-05-15 19:30:06,977 - INFO - Started
2025-05-15 19:30:06,979 - INFO - Data fetched successfully.
2025-05-15 19:30:08,202 - INFO - Total records fetched: 1307
2025-05-15 19:30:08,399 - INFO - Total tripStartDateMapping records: 342
2025-05-15 19:30:08,399 - INFO - Total Filtered records: 0
2025-05-15 19:30:09,682 - INFO - Filtered records to be inserted into database: 0
2025-05-15 19:30:09,696 - INFO - No new data to insert.
2025-05-15 19:30:09,769 - INFO - Finished
2025-05-16 21:10:06,624 - INFO - Started
2025-05-16 21:10:06,624 - INFO - Data fetched successfully.
2025-05-16 21:10:07,399 - INFO - Total records fetched: 1800
2025-05-16 21:10:07,885 - INFO - Total tripStartDateMapping records: 342
2025-05-16 21:10:07,891 - INFO - Total Filtered records: 4
2025-05-16 21:10:09,255 - INFO - Filtered records to be inserted into database: 4
2025-05-16 21:10:09,344 - INFO - Finished
2025-05-16 21:20:05,945 - INFO - Started
2025-05-16 21:20:05,947 - INFO - Data fetched successfully.
2025-05-16 21:20:06,413 - INFO - Total records fetched: 1747
2025-05-16 21:20:06,760 - INFO - Total tripStartDateMapping records: 342
2025-05-16 21:20:06,761 - INFO - Total Filtered records: 0
2025-05-16 21:20:07,929 - INFO - Filtered records to be inserted into database: 0
2025-05-16 21:20:07,931 - INFO - No new data to insert.
2025-05-16 21:20:07,949 - INFO - Finished
2025-05-16 21:30:05,589 - INFO - Started
2025-05-16 21:30:05,589 - INFO - Data fetched successfully.
2025-05-16 21:30:06,116 - INFO - Total records fetched: 1651
2025-05-16 21:30:06,163 - INFO - Total tripStartDateMapping records: 342
2025-05-16 21:30:06,163 - INFO - Total Filtered records: 0
2025-05-16 21:30:07,382 - INFO - Filtered records to be inserted into database: 0
2025-05-16 21:30:07,382 - INFO - No new data to insert.
2025-05-16 21:30:07,414 - INFO - Finished
2025-05-17 11:20:11,045 - INFO - Started
2025-05-17 11:20:11,045 - INFO - Data fetched successfully.
2025-05-17 11:20:11,935 - INFO - Total records fetched: 2348
2025-05-17 11:20:12,102 - INFO - Total tripStartDateMapping records: 342
2025-05-17 11:20:12,102 - INFO - Total Filtered records: 11
2025-05-17 11:20:13,416 - INFO - Filtered records to be inserted into database: 11
2025-05-17 11:20:13,620 - INFO - Finished
2025-05-17 11:30:07,866 - INFO - Started
2025-05-17 11:30:07,867 - INFO - Data fetched successfully.
2025-05-17 11:30:08,775 - INFO - Total records fetched: 2341
2025-05-17 11:30:08,933 - INFO - Total tripStartDateMapping records: 342
2025-05-17 11:30:08,933 - INFO - Total Filtered records: 0
2025-05-17 11:30:10,041 - INFO - Filtered records to be inserted into database: 0
2025-05-17 11:30:10,045 - INFO - No new data to insert.
2025-05-17 11:30:10,071 - INFO - Finished
2025-05-17 11:40:07,467 - INFO - Started
2025-05-17 11:40:07,467 - INFO - Data fetched successfully.
2025-05-17 11:40:08,272 - INFO - Total records fetched: 2325
2025-05-17 11:40:08,512 - INFO - Total tripStartDateMapping records: 342
2025-05-17 11:40:08,514 - INFO - Total Filtered records: 0
2025-05-17 11:40:09,712 - INFO - Filtered records to be inserted into database: 0
2025-05-17 11:40:09,712 - INFO - No new data to insert.
2025-05-17 11:40:09,743 - INFO - Finished
2025-05-17 11:50:10,905 - INFO - Started
2025-05-17 11:50:10,905 - INFO - Data fetched successfully.
2025-05-17 11:50:11,282 - INFO - Total records fetched: 0
2025-05-17 11:50:11,592 - INFO - Total tripStartDateMapping records: 342
2025-05-17 11:50:11,592 - INFO - Total Filtered records: 0
2025-05-17 11:50:12,965 - INFO - Filtered records to be inserted into database: 0
2025-05-17 11:50:12,980 - INFO - No new data to insert.
2025-05-17 11:50:12,992 - INFO - Finished
2025-05-17 12:00:06,786 - INFO - Started
2025-05-17 12:00:06,786 - INFO - Data fetched successfully.
2025-05-17 12:00:07,730 - INFO - Total records fetched: 2278
2025-05-17 12:00:07,809 - INFO - Total tripStartDateMapping records: 342
2025-05-17 12:00:07,811 - INFO - Total Filtered records: 2
2025-05-17 12:00:09,006 - INFO - Filtered records to be inserted into database: 2
2025-05-17 12:00:09,184 - INFO - Finished
2025-05-17 12:10:04,018 - INFO - Started
2025-05-17 12:10:04,020 - INFO - Data fetched successfully.
2025-05-17 12:10:05,058 - INFO - Total records fetched: 2258
2025-05-17 12:10:05,106 - INFO - Total tripStartDateMapping records: 342
2025-05-17 12:10:05,106 - INFO - Total Filtered records: 0
2025-05-17 12:10:06,286 - INFO - Filtered records to be inserted into database: 0
2025-05-17 12:10:06,286 - INFO - No new data to insert.
2025-05-17 12:10:06,294 - INFO - Finished
2025-05-17 12:20:27,200 - INFO - Started
2025-05-17 12:20:27,200 - INFO - Data fetched successfully.
2025-05-17 12:20:28,040 - INFO - Total records fetched: 2219
2025-05-17 12:20:28,138 - INFO - Total tripStartDateMapping records: 342
2025-05-17 12:20:28,138 - INFO - Total Filtered records: 1
2025-05-17 12:20:28,872 - INFO - Filtered records to be inserted into database: 1
2025-05-17 12:20:28,953 - INFO - Finished
2025-05-17 12:30:05,028 - INFO - Started
2025-05-17 12:30:05,028 - INFO - Data fetched successfully.
2025-05-17 12:30:05,771 - INFO - Total records fetched: 2194
2025-05-17 12:30:05,798 - INFO - Total tripStartDateMapping records: 342
2025-05-17 12:30:05,798 - INFO - Total Filtered records: 2
2025-05-17 12:30:06,259 - INFO - Filtered records to be inserted into database: 2
2025-05-17 12:30:06,330 - INFO - Finished
2025-05-17 12:40:02,314 - INFO - Started
2025-05-17 12:40:02,314 - INFO - Data fetched successfully.
2025-05-17 12:40:02,942 - INFO - Total records fetched: 2126
2025-05-17 12:40:02,974 - INFO - Total tripStartDateMapping records: 342
2025-05-17 12:40:02,974 - INFO - Total Filtered records: 6
2025-05-17 12:40:03,416 - INFO - Filtered records to be inserted into database: 6
2025-05-17 12:40:03,448 - INFO - Finished
2025-05-17 12:50:05,007 - INFO - Started
2025-05-17 12:50:05,007 - INFO - Data fetched successfully.
2025-05-17 12:50:05,679 - INFO - Total records fetched: 2069
2025-05-17 12:50:05,769 - INFO - Total tripStartDateMapping records: 342
2025-05-17 12:50:05,769 - INFO - Total Filtered records: 1
2025-05-17 12:50:06,258 - INFO - Filtered records to be inserted into database: 1
2025-05-17 12:50:06,373 - INFO - Finished
2025-05-17 13:00:06,236 - INFO - Started
2025-05-17 13:00:06,236 - INFO - Data fetched successfully.
2025-05-17 13:00:06,748 - ERROR - An error occurred: ('Connection broken: IncompleteRead(163573 bytes read, 45560 more expected)', IncompleteRead(163573 bytes read, 45560 more expected))
Traceback (most recent call last):
  File "C:\programs\environments\py_312_tut\Lib\site-packages\urllib3\response.py", line 748, in _error_catcher
    yield
  File "C:\programs\environments\py_312_tut\Lib\site-packages\urllib3\response.py", line 894, in _raw_read
    raise IncompleteRead(self._fp_bytes_read, self.length_remaining)
urllib3.exceptions.IncompleteRead: IncompleteRead(163573 bytes read, 45560 more expected)

The above exception was the direct cause of the following exception:

Traceback (most recent call last):
  File "C:\programs\environments\py_312_tut\Lib\site-packages\requests\models.py", line 820, in generate
    yield from self.raw.stream(chunk_size, decode_content=True)
  File "C:\programs\environments\py_312_tut\Lib\site-packages\urllib3\response.py", line 1060, in stream
    data = self.read(amt=amt, decode_content=decode_content)
           ^^^^^^^^^^^^^^^^^^^^^^^^^^^^^^^^^^^^^^^^^^^^^^^^^
  File "C:\programs\environments\py_312_tut\Lib\site-packages\urllib3\response.py", line 977, in read
    data = self._raw_read(amt)
           ^^^^^^^^^^^^^^^^^^^
  File "C:\programs\environments\py_312_tut\Lib\site-packages\urllib3\response.py", line 872, in _raw_read
    with self._error_catcher():
  File "C:\Users\Asus\AppData\Local\Programs\Python\Python312\Lib\contextlib.py", line 158, in __exit__
    self.gen.throw(value)
  File "C:\programs\environments\py_312_tut\Lib\site-packages\urllib3\response.py", line 772, in _error_catcher
    raise ProtocolError(arg, e) from e
urllib3.exceptions.ProtocolError: ('Connection broken: IncompleteRead(163573 bytes read, 45560 more expected)', IncompleteRead(163573 bytes read, 45560 more expected))

During handling of the above exception, another exception occurred:

Traceback (most recent call last):
  File "C:\programs\project_1222086\DTC2025\rt_vehicle_location.py", line 46, in importRealTimeData
    response = requests.get("https://otd.delhi.gov.in/api/realtime/VehiclePositions.pb?key=Wnywij2jOl3N715nQzLAfOiBK4MdJwUe")
               ^^^^^^^^^^^^^^^^^^^^^^^^^^^^^^^^^^^^^^^^^^^^^^^^^^^^^^^^^^^^^^^^^^^^^^^^^^^^^^^^^^^^^^^^^^^^^^^^^^^^^^^^^^^^^^
  File "C:\programs\environments\py_312_tut\Lib\site-packages\requests\api.py", line 73, in get
    return request("get", url, params=params, **kwargs)
           ^^^^^^^^^^^^^^^^^^^^^^^^^^^^^^^^^^^^^^^^^^^^
  File "C:\programs\environments\py_312_tut\Lib\site-packages\requests\api.py", line 59, in request
    return session.request(method=method, url=url, **kwargs)
           ^^^^^^^^^^^^^^^^^^^^^^^^^^^^^^^^^^^^^^^^^^^^^^^^^
  File "C:\programs\environments\py_312_tut\Lib\site-packages\requests\sessions.py", line 589, in request
    resp = self.send(prep, **send_kwargs)
           ^^^^^^^^^^^^^^^^^^^^^^^^^^^^^^
  File "C:\programs\environments\py_312_tut\Lib\site-packages\requests\sessions.py", line 746, in send
    r.content
  File "C:\programs\environments\py_312_tut\Lib\site-packages\requests\models.py", line 902, in content
    self._content = b"".join(self.iter_content(CONTENT_CHUNK_SIZE)) or b""
                    ^^^^^^^^^^^^^^^^^^^^^^^^^^^^^^^^^^^^^^^^^^^^^^^
  File "C:\programs\environments\py_312_tut\Lib\site-packages\requests\models.py", line 822, in generate
    raise ChunkedEncodingError(e)
requests.exceptions.ChunkedEncodingError: ('Connection broken: IncompleteRead(163573 bytes read, 45560 more expected)', IncompleteRead(163573 bytes read, 45560 more expected))
2025-05-17 13:00:07,045 - INFO - Finished
2025-05-17 13:10:05,307 - INFO - Started
2025-05-17 13:10:05,307 - INFO - Data fetched successfully.
2025-05-17 13:10:05,975 - INFO - Total records fetched: 1952
2025-05-17 13:10:06,162 - INFO - Total tripStartDateMapping records: 342
2025-05-17 13:10:06,162 - INFO - Total Filtered records: 3
2025-05-17 13:10:06,723 - INFO - Filtered records to be inserted into database: 3
2025-05-17 13:10:06,818 - INFO - Finished
2025-05-17 13:20:04,952 - INFO - Started
2025-05-17 13:20:04,952 - INFO - Data fetched successfully.
2025-05-17 13:20:05,711 - INFO - Total records fetched: 1911
2025-05-17 13:20:05,919 - INFO - Total tripStartDateMapping records: 342
2025-05-17 13:20:05,919 - INFO - Total Filtered records: 2
2025-05-17 13:20:06,409 - INFO - Filtered records to be inserted into database: 2
2025-05-17 13:20:06,532 - INFO - Finished
2025-05-17 13:30:04,933 - INFO - Started
2025-05-17 13:30:04,934 - INFO - Data fetched successfully.
2025-05-17 13:30:05,928 - INFO - Total records fetched: 1864
2025-05-17 13:30:06,053 - INFO - Total tripStartDateMapping records: 342
2025-05-17 13:30:06,053 - INFO - Total Filtered records: 0
2025-05-17 13:30:06,599 - INFO - Filtered records to be inserted into database: 0
2025-05-17 13:30:06,602 - INFO - No new data to insert.
2025-05-17 13:30:06,629 - INFO - Finished
2025-05-17 13:40:06,155 - INFO - Started
2025-05-17 13:40:06,155 - INFO - Data fetched successfully.
2025-05-17 13:40:06,919 - INFO - Total records fetched: 1837
2025-05-17 13:40:07,001 - INFO - Total tripStartDateMapping records: 342
2025-05-17 13:40:07,001 - INFO - Total Filtered records: 0
2025-05-17 13:40:07,497 - INFO - Filtered records to be inserted into database: 0
2025-05-17 13:40:07,497 - INFO - No new data to insert.
2025-05-17 13:40:07,530 - INFO - Finished
2025-05-17 13:50:08,352 - INFO - Started
2025-05-17 13:50:08,353 - INFO - Data fetched successfully.
2025-05-17 13:50:09,094 - INFO - Total records fetched: 1799
2025-05-17 13:50:09,278 - INFO - Total tripStartDateMapping records: 342
2025-05-17 13:50:09,278 - INFO - Total Filtered records: 4
2025-05-17 13:50:09,783 - INFO - Filtered records to be inserted into database: 4
2025-05-17 13:50:09,895 - INFO - Finished
2025-05-17 14:00:07,670 - INFO - Started
2025-05-17 14:00:07,670 - INFO - Data fetched successfully.
2025-05-17 14:00:08,614 - INFO - Total records fetched: 1757
2025-05-17 14:00:08,847 - INFO - Total tripStartDateMapping records: 342
2025-05-17 14:00:08,849 - INFO - Total Filtered records: 0
2025-05-17 14:00:10,640 - INFO - Filtered records to be inserted into database: 0
2025-05-17 14:00:10,643 - INFO - No new data to insert.
2025-05-17 14:00:10,678 - INFO - Finished
2025-05-17 14:10:05,843 - INFO - Started
2025-05-17 14:10:05,843 - INFO - Data fetched successfully.
2025-05-17 14:10:06,781 - INFO - Total records fetched: 1721
2025-05-17 14:10:06,947 - INFO - Total tripStartDateMapping records: 342
2025-05-17 14:10:06,949 - INFO - Total Filtered records: 0
2025-05-17 14:10:08,228 - INFO - Filtered records to be inserted into database: 0
2025-05-17 14:10:08,230 - INFO - No new data to insert.
2025-05-17 14:10:08,258 - INFO - Finished
2025-05-17 14:20:07,789 - INFO - Started
2025-05-17 14:20:07,789 - INFO - Data fetched successfully.
2025-05-17 14:20:08,670 - INFO - Total records fetched: 1694
2025-05-17 14:20:08,913 - INFO - Total tripStartDateMapping records: 342
2025-05-17 14:20:08,915 - INFO - Total Filtered records: 0
2025-05-17 14:20:10,383 - INFO - Filtered records to be inserted into database: 0
2025-05-17 14:20:10,393 - INFO - No new data to insert.
2025-05-17 14:20:10,437 - INFO - Finished
2025-05-17 14:30:06,213 - INFO - Started
2025-05-17 14:30:06,213 - INFO - Data fetched successfully.
2025-05-17 14:30:07,187 - INFO - Total records fetched: 1694
2025-05-17 14:30:07,487 - INFO - Total tripStartDateMapping records: 342
2025-05-17 14:30:07,487 - INFO - Total Filtered records: 0
2025-05-17 14:30:08,692 - INFO - Filtered records to be inserted into database: 0
2025-05-17 14:30:08,703 - INFO - No new data to insert.
2025-05-17 14:30:08,731 - INFO - Finished
2025-05-17 14:40:08,480 - INFO - Started
2025-05-17 14:40:08,484 - INFO - Data fetched successfully.
2025-05-17 14:40:08,871 - INFO - Total records fetched: 0
2025-05-17 14:40:09,236 - INFO - Total tripStartDateMapping records: 342
2025-05-17 14:40:09,236 - INFO - Total Filtered records: 0
2025-05-17 14:40:10,343 - INFO - Filtered records to be inserted into database: 0
2025-05-17 14:40:10,417 - INFO - No new data to insert.
2025-05-17 14:40:10,472 - INFO - Finished
2025-05-17 14:50:13,326 - INFO - Started
2025-05-17 14:50:13,328 - INFO - Data fetched successfully.
2025-05-17 14:50:14,325 - INFO - Total records fetched: 1690
2025-05-17 14:50:14,732 - INFO - Total tripStartDateMapping records: 342
2025-05-17 14:50:14,734 - INFO - Total Filtered records: 0
2025-05-17 14:50:16,073 - INFO - Filtered records to be inserted into database: 0
2025-05-17 14:50:16,118 - INFO - No new data to insert.
2025-05-17 14:50:16,230 - INFO - Finished
2025-05-17 15:00:08,923 - INFO - Started
2025-05-17 15:00:08,923 - INFO - Data fetched successfully.
2025-05-17 15:00:09,694 - INFO - Total records fetched: 1680
2025-05-17 15:00:09,961 - INFO - Total tripStartDateMapping records: 342
2025-05-17 15:00:09,961 - INFO - Total Filtered records: 0
2025-05-17 15:00:11,352 - INFO - Filtered records to be inserted into database: 0
2025-05-17 15:00:11,368 - INFO - No new data to insert.
2025-05-17 15:00:11,387 - INFO - Finished
2025-05-17 15:10:07,325 - INFO - Started
2025-05-17 15:10:07,325 - INFO - Data fetched successfully.
2025-05-17 15:10:08,127 - INFO - Total records fetched: 1672
2025-05-17 15:10:08,272 - INFO - Total tripStartDateMapping records: 342
2025-05-17 15:10:08,274 - INFO - Total Filtered records: 0
2025-05-17 15:10:09,702 - INFO - Filtered records to be inserted into database: 0
2025-05-17 15:10:09,702 - INFO - No new data to insert.
2025-05-17 15:10:09,733 - INFO - Finished
2025-05-17 15:20:05,966 - INFO - Started
2025-05-17 15:20:05,967 - INFO - Data fetched successfully.
2025-05-17 15:20:06,877 - INFO - Total records fetched: 1706
2025-05-17 15:20:06,954 - INFO - Total tripStartDateMapping records: 342
2025-05-17 15:20:06,954 - INFO - Total Filtered records: 0
2025-05-17 15:20:08,179 - INFO - Filtered records to be inserted into database: 0
2025-05-17 15:20:08,184 - INFO - No new data to insert.
2025-05-17 15:20:08,232 - INFO - Finished
2025-05-17 15:30:05,223 - INFO - Started
2025-05-17 15:30:05,223 - INFO - Data fetched successfully.
2025-05-17 15:30:05,852 - INFO - Total records fetched: 1743
2025-05-17 15:30:06,002 - INFO - Total tripStartDateMapping records: 342
2025-05-17 15:30:06,004 - INFO - Total Filtered records: 0
2025-05-17 15:30:07,123 - INFO - Filtered records to be inserted into database: 0
2025-05-17 15:30:07,123 - INFO - No new data to insert.
2025-05-17 15:30:07,149 - INFO - Finished
2025-05-17 15:40:06,489 - INFO - Started
2025-05-17 15:40:06,489 - INFO - Data fetched successfully.
2025-05-17 15:40:07,181 - INFO - Total records fetched: 1541
2025-05-17 15:40:07,487 - INFO - Total tripStartDateMapping records: 342
2025-05-17 15:40:07,487 - INFO - Total Filtered records: 0
2025-05-17 15:40:08,832 - INFO - Filtered records to be inserted into database: 0
2025-05-17 15:40:08,834 - INFO - No new data to insert.
2025-05-17 15:40:08,882 - INFO - Finished
2025-05-17 15:50:05,212 - INFO - Started
2025-05-17 15:50:05,212 - INFO - Data fetched successfully.
2025-05-17 15:50:06,008 - INFO - Total records fetched: 1765
2025-05-17 15:50:06,129 - INFO - Total tripStartDateMapping records: 342
2025-05-17 15:50:06,129 - INFO - Total Filtered records: 7
2025-05-17 15:50:07,412 - INFO - Filtered records to be inserted into database: 7
2025-05-17 15:50:07,636 - INFO - Finished
2025-05-18 11:20:06,662 - INFO - Started
2025-05-18 11:20:06,667 - INFO - Data fetched successfully.
2025-05-18 11:20:07,242 - INFO - Total records fetched: 54
2025-05-18 11:20:07,960 - INFO - Total tripStartDateMapping records: 342
2025-05-18 11:20:07,960 - INFO - Total Filtered records: 0
2025-05-18 11:20:09,270 - INFO - Filtered records to be inserted into database: 0
2025-05-18 11:20:09,286 - INFO - No new data to insert.
2025-05-18 11:20:09,323 - INFO - Finished
2025-05-18 12:50:06,759 - INFO - Started
2025-05-18 12:50:06,759 - INFO - Data fetched successfully.
2025-05-18 12:50:07,007 - INFO - Total records fetched: 50
2025-05-18 12:50:07,427 - INFO - Total tripStartDateMapping records: 342
2025-05-18 12:50:07,427 - INFO - Total Filtered records: 0
2025-05-18 12:50:08,498 - INFO - Filtered records to be inserted into database: 0
2025-05-18 12:50:08,505 - INFO - No new data to insert.
2025-05-18 12:50:08,553 - INFO - Finished
2025-05-18 13:00:06,054 - INFO - Started
2025-05-18 13:00:06,054 - INFO - Data fetched successfully.
2025-05-18 13:00:06,358 - INFO - Total records fetched: 48
2025-05-18 13:00:06,462 - INFO - Total tripStartDateMapping records: 342
2025-05-18 13:00:06,462 - INFO - Total Filtered records: 0
2025-05-18 13:00:07,894 - INFO - Filtered records to be inserted into database: 0
2025-05-18 13:00:07,898 - INFO - No new data to insert.
2025-05-18 13:00:07,930 - INFO - Finished
2025-05-18 13:10:03,198 - INFO - Started
2025-05-18 13:10:03,199 - INFO - Data fetched successfully.
2025-05-18 13:10:03,461 - INFO - Total records fetched: 47
2025-05-18 13:10:03,557 - INFO - Total tripStartDateMapping records: 342
2025-05-18 13:10:03,557 - INFO - Total Filtered records: 0
2025-05-18 13:10:04,241 - INFO - Filtered records to be inserted into database: 0
2025-05-18 13:10:04,254 - INFO - No new data to insert.
2025-05-18 13:10:04,261 - INFO - Finished
2025-05-18 13:20:03,889 - INFO - Started
2025-05-18 13:20:03,893 - INFO - Data fetched successfully.
2025-05-18 13:20:04,106 - INFO - Total records fetched: 51
2025-05-18 13:20:04,201 - INFO - Total tripStartDateMapping records: 342
2025-05-18 13:20:04,201 - INFO - Total Filtered records: 0
2025-05-18 13:20:05,219 - INFO - Filtered records to be inserted into database: 0
2025-05-18 13:20:05,219 - INFO - No new data to insert.
2025-05-18 13:20:05,239 - INFO - Finished
2025-05-18 13:30:02,714 - INFO - Started
2025-05-18 13:30:02,723 - INFO - Data fetched successfully.
2025-05-18 13:30:02,949 - INFO - Total records fetched: 51
2025-05-18 13:30:03,068 - INFO - Total tripStartDateMapping records: 342
2025-05-18 13:30:03,068 - INFO - Total Filtered records: 0
2025-05-18 13:30:03,795 - INFO - Filtered records to be inserted into database: 0
2025-05-18 13:30:03,795 - INFO - No new data to insert.
2025-05-18 13:30:03,803 - INFO - Finished
2025-05-18 13:40:08,555 - INFO - Started
2025-05-18 13:40:08,575 - INFO - Data fetched successfully.
2025-05-18 13:40:09,611 - INFO - Total records fetched: 1878
2025-05-18 13:40:09,684 - INFO - Total tripStartDateMapping records: 342
2025-05-18 13:40:09,684 - INFO - Total Filtered records: 13
2025-05-18 13:40:11,203 - INFO - Filtered records to be inserted into database: 13
2025-05-18 13:40:11,372 - INFO - Finished
2025-05-18 13:50:04,115 - INFO - Started
2025-05-18 13:50:04,115 - INFO - Data fetched successfully.
2025-05-18 13:50:04,496 - INFO - Total records fetched: 1489
2025-05-18 13:50:04,547 - INFO - Total tripStartDateMapping records: 342
2025-05-18 13:50:04,547 - INFO - Total Filtered records: 1
2025-05-18 13:50:05,097 - INFO - Filtered records to be inserted into database: 1
2025-05-18 13:50:05,113 - INFO - Finished
2025-05-18 14:00:02,826 - INFO - Started
2025-05-18 14:00:02,826 - INFO - Data fetched successfully.
2025-05-18 14:00:03,161 - INFO - Total records fetched: 1434
2025-05-18 14:00:03,192 - INFO - Total tripStartDateMapping records: 342
2025-05-18 14:00:03,192 - INFO - Total Filtered records: 0
2025-05-18 14:00:03,699 - INFO - Filtered records to be inserted into database: 0
2025-05-18 14:00:03,699 - INFO - No new data to insert.
2025-05-18 14:00:03,705 - INFO - Finished
2025-05-18 14:10:02,255 - INFO - Started
2025-05-18 14:10:02,255 - INFO - Data fetched successfully.
2025-05-18 14:10:02,650 - INFO - Total records fetched: 1367
2025-05-18 14:10:02,666 - INFO - Total tripStartDateMapping records: 342
2025-05-18 14:10:02,666 - INFO - Total Filtered records: 0
2025-05-18 14:10:03,158 - INFO - Filtered records to be inserted into database: 0
2025-05-18 14:10:03,158 - INFO - No new data to insert.
2025-05-18 14:10:03,178 - INFO - Finished
2025-05-18 14:20:02,351 - INFO - Started
2025-05-18 14:20:02,351 - INFO - Data fetched successfully.
2025-05-18 14:20:02,712 - INFO - Total records fetched: 1310
2025-05-18 14:20:02,727 - INFO - Total tripStartDateMapping records: 342
2025-05-18 14:20:02,727 - INFO - Total Filtered records: 0
2025-05-18 14:20:03,198 - INFO - Filtered records to be inserted into database: 0
2025-05-18 14:20:03,198 - INFO - No new data to insert.
2025-05-18 14:20:03,206 - INFO - Finished
2025-05-18 22:30:05,163 - INFO - Started
2025-05-18 22:30:05,195 - INFO - Data fetched successfully.
2025-05-18 22:30:05,563 - INFO - Total records fetched: 671
2025-05-18 22:30:05,858 - INFO - Total tripStartDateMapping records: 342
2025-05-18 22:30:05,858 - INFO - Total Filtered records: 1
2025-05-18 22:30:06,505 - INFO - Filtered records to be inserted into database: 1
2025-05-18 22:30:06,587 - INFO - Finished
2025-05-18 22:40:05,791 - INFO - Started
2025-05-18 22:40:05,791 - INFO - Data fetched successfully.
2025-05-18 22:40:06,558 - INFO - Total records fetched: 649
2025-05-18 22:40:06,611 - INFO - Total tripStartDateMapping records: 342
2025-05-18 22:40:06,611 - INFO - Total Filtered records: 2
2025-05-18 22:40:08,047 - INFO - Filtered records to be inserted into database: 2
2025-05-18 22:40:08,111 - INFO - Finished
2025-05-18 22:50:09,136 - INFO - Started
2025-05-18 22:50:09,136 - INFO - Data fetched successfully.
2025-05-18 22:50:09,498 - INFO - Total records fetched: 624
2025-05-18 22:50:09,601 - INFO - Total tripStartDateMapping records: 342
2025-05-18 22:50:09,601 - INFO - Total Filtered records: 2
2025-05-18 22:50:10,830 - INFO - Filtered records to be inserted into database: 2
2025-05-18 22:50:10,920 - INFO - Finished
2025-05-18 23:00:06,165 - INFO - Started
2025-05-18 23:00:06,170 - INFO - Data fetched successfully.
2025-05-18 23:00:06,497 - INFO - Total records fetched: 612
2025-05-18 23:00:06,549 - INFO - Total tripStartDateMapping records: 342
2025-05-18 23:00:06,549 - INFO - Total Filtered records: 6
2025-05-18 23:00:07,667 - INFO - Filtered records to be inserted into database: 6
2025-05-18 23:00:07,710 - INFO - Finished
2025-05-18 23:10:06,643 - INFO - Started
2025-05-18 23:10:06,643 - INFO - Data fetched successfully.
2025-05-18 23:10:07,045 - INFO - Total records fetched: 609
2025-05-18 23:10:07,217 - INFO - Total tripStartDateMapping records: 342
2025-05-18 23:10:07,217 - INFO - Total Filtered records: 0
2025-05-18 23:10:08,598 - INFO - Filtered records to be inserted into database: 0
2025-05-18 23:10:08,604 - INFO - No new data to insert.
2025-05-18 23:10:08,638 - INFO - Finished
2025-05-18 23:20:06,435 - INFO - Started
2025-05-18 23:20:06,435 - INFO - Data fetched successfully.
2025-05-18 23:20:06,803 - INFO - Total records fetched: 552
2025-05-18 23:20:06,917 - INFO - Total tripStartDateMapping records: 342
2025-05-18 23:20:06,917 - INFO - Total Filtered records: 0
2025-05-18 23:20:08,472 - INFO - Filtered records to be inserted into database: 0
2025-05-18 23:20:08,483 - INFO - No new data to insert.
2025-05-18 23:20:08,518 - INFO - Finished
2025-05-18 23:30:06,047 - INFO - Started
2025-05-18 23:30:06,047 - INFO - Data fetched successfully.
2025-05-18 23:30:06,427 - INFO - Total records fetched: 551
2025-05-18 23:30:06,638 - INFO - Total tripStartDateMapping records: 342
2025-05-18 23:30:06,638 - INFO - Total Filtered records: 0
2025-05-18 23:30:07,689 - INFO - Filtered records to be inserted into database: 0
2025-05-18 23:30:07,693 - INFO - No new data to insert.
2025-05-18 23:30:07,764 - INFO - Finished
2025-05-18 23:40:05,964 - INFO - Started
2025-05-18 23:40:05,970 - INFO - Data fetched successfully.
2025-05-18 23:40:06,413 - INFO - Total records fetched: 544
2025-05-18 23:40:06,809 - INFO - Total tripStartDateMapping records: 342
2025-05-18 23:40:06,809 - INFO - Total Filtered records: 0
2025-05-18 23:40:08,499 - INFO - Filtered records to be inserted into database: 0
2025-05-18 23:40:08,514 - INFO - No new data to insert.
2025-05-18 23:40:08,566 - INFO - Finished
2025-05-18 23:50:10,773 - INFO - Started
2025-05-18 23:50:10,773 - INFO - Data fetched successfully.
2025-05-18 23:50:11,230 - INFO - Total records fetched: 519
2025-05-18 23:50:11,443 - INFO - Total tripStartDateMapping records: 342
2025-05-18 23:50:11,444 - INFO - Total Filtered records: 0
2025-05-18 23:50:12,719 - INFO - Filtered records to be inserted into database: 0
2025-05-18 23:50:12,727 - INFO - No new data to insert.
2025-05-18 23:50:12,759 - INFO - Finished
2025-05-19 00:00:09,195 - INFO - Started
2025-05-19 00:00:09,195 - INFO - Data fetched successfully.
2025-05-19 00:00:09,675 - INFO - Total records fetched: 507
2025-05-19 00:00:09,913 - INFO - Total tripStartDateMapping records: 342
2025-05-19 00:00:09,913 - INFO - Total Filtered records: 0
2025-05-19 00:00:11,447 - INFO - Filtered records to be inserted into database: 0
2025-05-19 00:00:11,470 - INFO - No new data to insert.
2025-05-19 00:00:11,495 - INFO - Finished
2025-05-19 00:10:07,126 - INFO - Started
2025-05-19 00:10:07,135 - INFO - Data fetched successfully.
2025-05-19 00:10:07,537 - INFO - Total records fetched: 515
2025-05-19 00:10:07,849 - INFO - Total tripStartDateMapping records: 342
2025-05-19 00:10:07,849 - INFO - Total Filtered records: 0
2025-05-19 00:10:09,044 - INFO - Filtered records to be inserted into database: 0
2025-05-19 00:10:09,054 - INFO - No new data to insert.
2025-05-19 00:10:09,089 - INFO - Finished
2025-05-19 00:20:05,513 - INFO - Started
2025-05-19 00:20:05,514 - INFO - Data fetched successfully.
2025-05-19 00:20:05,807 - INFO - Total records fetched: 415
2025-05-19 00:20:05,954 - INFO - Total tripStartDateMapping records: 342
2025-05-19 00:20:05,954 - INFO - Total Filtered records: 0
2025-05-19 00:20:06,929 - INFO - Filtered records to be inserted into database: 0
2025-05-19 00:20:06,938 - INFO - No new data to insert.
2025-05-19 00:20:06,984 - INFO - Finished
2025-05-19 00:30:04,183 - INFO - Started
2025-05-19 00:30:04,197 - INFO - Data fetched successfully.
2025-05-19 00:30:04,458 - INFO - Total records fetched: 386
2025-05-19 00:30:04,594 - INFO - Total tripStartDateMapping records: 342
2025-05-19 00:30:04,595 - INFO - Total Filtered records: 0
2025-05-19 00:30:05,947 - INFO - Filtered records to be inserted into database: 0
2025-05-19 00:30:05,959 - INFO - No new data to insert.
2025-05-19 00:30:05,993 - INFO - Finished
2025-05-19 00:40:04,847 - INFO - Started
2025-05-19 00:40:04,847 - INFO - Data fetched successfully.
2025-05-19 00:40:05,229 - INFO - Total records fetched: 411
2025-05-19 00:40:05,369 - INFO - Total tripStartDateMapping records: 342
2025-05-19 00:40:05,369 - INFO - Total Filtered records: 0
2025-05-19 00:40:06,719 - INFO - Filtered records to be inserted into database: 0
2025-05-19 00:40:06,719 - INFO - No new data to insert.
2025-05-19 00:40:06,740 - INFO - Finished
2025-05-19 15:20:04,446 - INFO - Started
2025-05-19 15:20:04,446 - INFO - Data fetched successfully.
2025-05-19 15:20:05,217 - INFO - Total records fetched: 1034
2025-05-19 15:20:05,629 - INFO - Total tripStartDateMapping records: 342
2025-05-19 15:20:05,629 - INFO - Total Filtered records: 6
2025-05-19 15:20:06,307 - INFO - Filtered records to be inserted into database: 6
2025-05-19 15:20:06,413 - INFO - Finished
2025-05-19 15:30:04,527 - INFO - Started
2025-05-19 15:30:04,527 - INFO - Data fetched successfully.
2025-05-19 15:30:04,909 - INFO - Total records fetched: 1004
2025-05-19 15:30:04,955 - INFO - Total tripStartDateMapping records: 342
2025-05-19 15:30:04,955 - INFO - Total Filtered records: 0
2025-05-19 15:30:05,466 - INFO - Filtered records to be inserted into database: 0
2025-05-19 15:30:05,468 - INFO - No new data to insert.
2025-05-19 15:30:05,498 - INFO - Finished
2025-05-19 15:40:04,967 - INFO - Started
2025-05-19 15:40:04,967 - INFO - Data fetched successfully.
2025-05-19 15:40:05,311 - INFO - Total records fetched: 977
2025-05-19 15:40:05,558 - INFO - Total tripStartDateMapping records: 342
2025-05-19 15:40:05,558 - INFO - Total Filtered records: 0
2025-05-19 15:40:06,109 - INFO - Filtered records to be inserted into database: 0
2025-05-19 15:40:06,125 - INFO - No new data to insert.
2025-05-19 15:40:06,149 - INFO - Finished
2025-05-19 16:20:06,783 - INFO - Started
2025-05-19 16:20:06,798 - INFO - Data fetched successfully.
2025-05-19 16:20:07,407 - INFO - Total records fetched: 966
2025-05-19 22:50:08,527 - INFO - Started
2025-05-19 22:50:08,527 - INFO - Data fetched successfully.
2025-05-19 22:50:13,239 - INFO - Total records fetched: 1121
2025-05-19 22:50:13,521 - INFO - Total tripStartDateMapping records: 342
2025-05-19 22:50:13,521 - INFO - Total Filtered records: 11
2025-05-19 22:50:14,821 - INFO - Filtered records to be inserted into database: 11
2025-05-19 22:50:14,912 - INFO - Finished
2025-05-19 23:00:05,116 - INFO - Started
2025-05-19 23:00:05,118 - INFO - Data fetched successfully.
2025-05-19 23:00:05,543 - INFO - Total records fetched: 1040
2025-05-19 23:00:05,755 - INFO - Total tripStartDateMapping records: 342
2025-05-19 23:00:05,755 - INFO - Total Filtered records: 13
2025-05-19 23:00:06,877 - INFO - Filtered records to be inserted into database: 13
2025-05-19 23:00:06,992 - INFO - Finished
2025-05-19 23:10:03,885 - INFO - Started
2025-05-19 23:10:03,885 - INFO - Data fetched successfully.
2025-05-19 23:10:04,908 - INFO - Total records fetched: 953
2025-05-19 23:10:04,988 - INFO - Total tripStartDateMapping records: 342
2025-05-19 23:10:04,988 - INFO - Total Filtered records: 0
2025-05-19 23:10:06,235 - INFO - Filtered records to be inserted into database: 0
2025-05-19 23:10:06,235 - INFO - No new data to insert.
2025-05-19 23:10:06,249 - INFO - Finished
2025-05-19 23:20:05,600 - INFO - Started
2025-05-19 23:20:05,606 - INFO - Data fetched successfully.
2025-05-19 23:20:06,062 - INFO - Total records fetched: 915
2025-05-19 23:20:06,158 - INFO - Total tripStartDateMapping records: 342
2025-05-19 23:20:06,159 - INFO - Total Filtered records: 0
2025-05-19 23:20:07,419 - INFO - Filtered records to be inserted into database: 0
2025-05-19 23:20:07,419 - INFO - No new data to insert.
2025-05-19 23:20:07,441 - INFO - Finished
2025-05-19 23:30:04,798 - INFO - Started
2025-05-19 23:30:04,798 - INFO - Data fetched successfully.
2025-05-19 23:30:05,258 - INFO - Total records fetched: 860
2025-05-19 23:30:05,323 - INFO - Total tripStartDateMapping records: 342
2025-05-19 23:30:05,324 - INFO - Total Filtered records: 0
2025-05-19 23:30:06,420 - INFO - Filtered records to be inserted into database: 0
2025-05-19 23:30:06,420 - INFO - No new data to insert.
2025-05-19 23:30:06,439 - INFO - Finished
2025-05-20 11:50:04,501 - INFO - Started
2025-05-20 11:50:04,501 - INFO - Data fetched successfully.
2025-05-20 11:50:04,754 - INFO - Total records fetched: 0
2025-05-20 11:50:13,972 - INFO - Total tripStartDateMapping records: 342
2025-05-20 11:50:14,025 - INFO - Total Filtered records: 0
2025-05-20 11:50:14,906 - INFO - Filtered records to be inserted into database: 0
2025-05-20 11:50:14,922 - INFO - No new data to insert.
2025-05-20 11:50:15,201 - INFO - Finished
2025-05-20 12:00:06,352 - INFO - Started
2025-05-20 12:00:06,353 - INFO - Data fetched successfully.
2025-05-20 12:00:06,814 - INFO - Total records fetched: 2335
2025-05-20 12:00:06,899 - INFO - Total tripStartDateMapping records: 342
2025-05-20 12:00:06,899 - INFO - Total Filtered records: 15
2025-05-20 12:00:07,390 - INFO - Filtered records to be inserted into database: 15
2025-05-20 12:00:07,613 - INFO - Finished
2025-05-20 12:10:05,472 - INFO - Started
2025-05-20 12:10:05,473 - INFO - Data fetched successfully.
2025-05-20 12:10:05,924 - INFO - Total records fetched: 2014
2025-05-20 12:10:05,982 - INFO - Total tripStartDateMapping records: 342
2025-05-20 12:10:05,984 - INFO - Total Filtered records: 0
2025-05-20 12:10:06,595 - INFO - Filtered records to be inserted into database: 0
2025-05-20 12:10:06,613 - INFO - No new data to insert.
2025-05-20 12:10:06,627 - INFO - Finished
2025-05-20 12:20:03,165 - INFO - Started
2025-05-20 12:20:03,181 - INFO - Data fetched successfully.
2025-05-20 12:20:03,647 - INFO - Total records fetched: 2297
2025-05-20 12:20:03,695 - INFO - Total tripStartDateMapping records: 342
2025-05-20 12:20:03,695 - INFO - Total Filtered records: 5
2025-05-20 12:20:04,138 - INFO - Filtered records to be inserted into database: 5
2025-05-20 12:20:04,186 - INFO - Finished
2025-05-20 12:30:03,509 - INFO - Started
2025-05-20 12:30:03,509 - INFO - Data fetched successfully.
2025-05-20 12:30:03,933 - INFO - Total records fetched: 2271
2025-05-20 12:30:03,965 - INFO - Total tripStartDateMapping records: 342
2025-05-20 12:30:03,965 - INFO - Total Filtered records: 1
2025-05-20 12:30:04,434 - INFO - Filtered records to be inserted into database: 1
2025-05-20 12:30:04,441 - INFO - Finished
2025-05-20 12:40:03,068 - INFO - Started
2025-05-20 12:40:03,069 - INFO - Data fetched successfully.
2025-05-20 12:40:03,502 - INFO - Total records fetched: 2200
2025-05-20 12:40:03,563 - INFO - Total tripStartDateMapping records: 342
2025-05-20 12:40:03,566 - INFO - Total Filtered records: 4
2025-05-20 12:40:04,321 - INFO - Filtered records to be inserted into database: 4
2025-05-20 12:40:04,358 - INFO - Finished
2025-05-20 12:50:04,119 - INFO - Started
2025-05-20 12:50:04,119 - INFO - Data fetched successfully.
2025-05-20 12:50:04,546 - INFO - Total records fetched: 2124
2025-05-20 12:50:04,583 - INFO - Total tripStartDateMapping records: 342
2025-05-20 12:50:04,583 - INFO - Total Filtered records: 2
2025-05-20 12:50:05,063 - INFO - Filtered records to be inserted into database: 2
2025-05-20 12:50:05,146 - INFO - Finished
2025-05-20 13:00:06,004 - INFO - Started
2025-05-20 13:00:06,005 - INFO - Data fetched successfully.
2025-05-20 13:00:06,676 - INFO - Total records fetched: 2047
2025-05-20 13:00:06,799 - INFO - Total tripStartDateMapping records: 342
2025-05-20 13:00:06,799 - INFO - Total Filtered records: 7
2025-05-20 13:00:08,252 - INFO - Filtered records to be inserted into database: 7
2025-05-20 13:00:08,317 - INFO - Finished
2025-05-20 13:10:03,853 - INFO - Started
2025-05-20 13:10:03,853 - INFO - Data fetched successfully.
2025-05-20 13:10:04,489 - INFO - Total records fetched: 1980
2025-05-20 13:10:04,538 - INFO - Total tripStartDateMapping records: 342
2025-05-20 13:10:04,538 - INFO - Total Filtered records: 0
2025-05-20 13:10:05,621 - INFO - Filtered records to be inserted into database: 0
2025-05-20 13:10:05,621 - INFO - No new data to insert.
2025-05-20 13:10:05,633 - INFO - Finished
2025-05-20 22:10:06,325 - INFO - Started
2025-05-20 22:10:06,325 - INFO - Data fetched successfully.
2025-05-20 22:10:12,214 - INFO - Total records fetched: 1548
2025-05-20 22:10:12,745 - INFO - Total tripStartDateMapping records: 342
2025-05-20 22:10:12,745 - INFO - Total Filtered records: 1
2025-05-20 22:10:13,987 - INFO - Filtered records to be inserted into database: 1
2025-05-20 22:10:14,223 - INFO - Finished
2025-05-21 10:20:05,364 - INFO - Started
2025-05-21 10:20:05,367 - INFO - Data fetched successfully.
2025-05-21 10:20:05,501 - ERROR - An error occurred: HTTPSConnectionPool(host='otd.delhi.gov.in', port=443): Max retries exceeded with url: /api/realtime/VehiclePositions.pb?key=Wnywij2jOl3N715nQzLAfOiBK4MdJwUe (Caused by SSLError(SSLEOFError(8, '[SSL: UNEXPECTED_EOF_WHILE_READING] EOF occurred in violation of protocol (_ssl.c:1000)')))
Traceback (most recent call last):
  File "C:\programs\environments\py_312_tut\Lib\site-packages\urllib3\connectionpool.py", line 466, in _make_request
    self._validate_conn(conn)
  File "C:\programs\environments\py_312_tut\Lib\site-packages\urllib3\connectionpool.py", line 1095, in _validate_conn
    conn.connect()
  File "C:\programs\environments\py_312_tut\Lib\site-packages\urllib3\connection.py", line 730, in connect
    sock_and_verified = _ssl_wrap_socket_and_match_hostname(
                        ^^^^^^^^^^^^^^^^^^^^^^^^^^^^^^^^^^^^
  File "C:\programs\environments\py_312_tut\Lib\site-packages\urllib3\connection.py", line 909, in _ssl_wrap_socket_and_match_hostname
    ssl_sock = ssl_wrap_socket(
               ^^^^^^^^^^^^^^^^
  File "C:\programs\environments\py_312_tut\Lib\site-packages\urllib3\util\ssl_.py", line 469, in ssl_wrap_socket
    ssl_sock = _ssl_wrap_socket_impl(sock, context, tls_in_tls, server_hostname)
               ^^^^^^^^^^^^^^^^^^^^^^^^^^^^^^^^^^^^^^^^^^^^^^^^^^^^^^^^^^^^^^^^^
  File "C:\programs\environments\py_312_tut\Lib\site-packages\urllib3\util\ssl_.py", line 513, in _ssl_wrap_socket_impl
    return ssl_context.wrap_socket(sock, server_hostname=server_hostname)
           ^^^^^^^^^^^^^^^^^^^^^^^^^^^^^^^^^^^^^^^^^^^^^^^^^^^^^^^^^^^^^^
  File "C:\Users\Asus\AppData\Local\Programs\Python\Python312\Lib\ssl.py", line 455, in wrap_socket
    return self.sslsocket_class._create(
           ^^^^^^^^^^^^^^^^^^^^^^^^^^^^^
  File "C:\Users\Asus\AppData\Local\Programs\Python\Python312\Lib\ssl.py", line 1042, in _create
    self.do_handshake()
  File "C:\Users\Asus\AppData\Local\Programs\Python\Python312\Lib\ssl.py", line 1320, in do_handshake
    self._sslobj.do_handshake()
ssl.SSLEOFError: [SSL: UNEXPECTED_EOF_WHILE_READING] EOF occurred in violation of protocol (_ssl.c:1000)

During handling of the above exception, another exception occurred:

Traceback (most recent call last):
  File "C:\programs\environments\py_312_tut\Lib\site-packages\urllib3\connectionpool.py", line 789, in urlopen
    response = self._make_request(
               ^^^^^^^^^^^^^^^^^^^
  File "C:\programs\environments\py_312_tut\Lib\site-packages\urllib3\connectionpool.py", line 490, in _make_request
    raise new_e
urllib3.exceptions.SSLError: [SSL: UNEXPECTED_EOF_WHILE_READING] EOF occurred in violation of protocol (_ssl.c:1000)

The above exception was the direct cause of the following exception:

Traceback (most recent call last):
  File "C:\programs\environments\py_312_tut\Lib\site-packages\requests\adapters.py", line 667, in send
    resp = conn.urlopen(
           ^^^^^^^^^^^^^
  File "C:\programs\environments\py_312_tut\Lib\site-packages\urllib3\connectionpool.py", line 843, in urlopen
    retries = retries.increment(
              ^^^^^^^^^^^^^^^^^^
  File "C:\programs\environments\py_312_tut\Lib\site-packages\urllib3\util\retry.py", line 519, in increment
    raise MaxRetryError(_pool, url, reason) from reason  # type: ignore[arg-type]
    ^^^^^^^^^^^^^^^^^^^^^^^^^^^^^^^^^^^^^^^^^^^^^^^^^^^
urllib3.exceptions.MaxRetryError: HTTPSConnectionPool(host='otd.delhi.gov.in', port=443): Max retries exceeded with url: /api/realtime/VehiclePositions.pb?key=Wnywij2jOl3N715nQzLAfOiBK4MdJwUe (Caused by SSLError(SSLEOFError(8, '[SSL: UNEXPECTED_EOF_WHILE_READING] EOF occurred in violation of protocol (_ssl.c:1000)')))

During handling of the above exception, another exception occurred:

Traceback (most recent call last):
  File "C:\programs\project_1222086\DTC2025\rt_vehicle_location.py", line 46, in importRealTimeData
    response = requests.get("https://otd.delhi.gov.in/api/realtime/VehiclePositions.pb?key=Wnywij2jOl3N715nQzLAfOiBK4MdJwUe")
               ^^^^^^^^^^^^^^^^^^^^^^^^^^^^^^^^^^^^^^^^^^^^^^^^^^^^^^^^^^^^^^^^^^^^^^^^^^^^^^^^^^^^^^^^^^^^^^^^^^^^^^^^^^^^^^
  File "C:\programs\environments\py_312_tut\Lib\site-packages\requests\api.py", line 73, in get
    return request("get", url, params=params, **kwargs)
           ^^^^^^^^^^^^^^^^^^^^^^^^^^^^^^^^^^^^^^^^^^^^
  File "C:\programs\environments\py_312_tut\Lib\site-packages\requests\api.py", line 59, in request
    return session.request(method=method, url=url, **kwargs)
           ^^^^^^^^^^^^^^^^^^^^^^^^^^^^^^^^^^^^^^^^^^^^^^^^^
  File "C:\programs\environments\py_312_tut\Lib\site-packages\requests\sessions.py", line 589, in request
    resp = self.send(prep, **send_kwargs)
           ^^^^^^^^^^^^^^^^^^^^^^^^^^^^^^
  File "C:\programs\environments\py_312_tut\Lib\site-packages\requests\sessions.py", line 703, in send
    r = adapter.send(request, **kwargs)
        ^^^^^^^^^^^^^^^^^^^^^^^^^^^^^^^
  File "C:\programs\environments\py_312_tut\Lib\site-packages\requests\adapters.py", line 698, in send
    raise SSLError(e, request=request)
requests.exceptions.SSLError: HTTPSConnectionPool(host='otd.delhi.gov.in', port=443): Max retries exceeded with url: /api/realtime/VehiclePositions.pb?key=Wnywij2jOl3N715nQzLAfOiBK4MdJwUe (Caused by SSLError(SSLEOFError(8, '[SSL: UNEXPECTED_EOF_WHILE_READING] EOF occurred in violation of protocol (_ssl.c:1000)')))
2025-05-21 10:20:05,881 - INFO - Finished
2025-05-21 10:40:10,288 - INFO - Started
2025-05-21 10:40:10,323 - INFO - Data fetched successfully.
2025-05-21 10:40:10,340 - ERROR - An error occurred: HTTPSConnectionPool(host='otd.delhi.gov.in', port=443): Max retries exceeded with url: /api/realtime/VehiclePositions.pb?key=Wnywij2jOl3N715nQzLAfOiBK4MdJwUe (Caused by NameResolutionError("<urllib3.connection.HTTPSConnection object at 0x0000025476880E30>: Failed to resolve 'otd.delhi.gov.in' ([Errno 11001] getaddrinfo failed)"))
Traceback (most recent call last):
  File "C:\programs\environments\py_312_tut\Lib\site-packages\urllib3\connection.py", line 199, in _new_conn
    sock = connection.create_connection(
           ^^^^^^^^^^^^^^^^^^^^^^^^^^^^^
  File "C:\programs\environments\py_312_tut\Lib\site-packages\urllib3\util\connection.py", line 60, in create_connection
    for res in socket.getaddrinfo(host, port, family, socket.SOCK_STREAM):
               ^^^^^^^^^^^^^^^^^^^^^^^^^^^^^^^^^^^^^^^^^^^^^^^^^^^^^^^^^^
  File "C:\Users\Asus\AppData\Local\Programs\Python\Python312\Lib\socket.py", line 964, in getaddrinfo
    for res in _socket.getaddrinfo(host, port, family, type, proto, flags):
               ^^^^^^^^^^^^^^^^^^^^^^^^^^^^^^^^^^^^^^^^^^^^^^^^^^^^^^^^^^^
socket.gaierror: [Errno 11001] getaddrinfo failed

The above exception was the direct cause of the following exception:

Traceback (most recent call last):
  File "C:\programs\environments\py_312_tut\Lib\site-packages\urllib3\connectionpool.py", line 789, in urlopen
    response = self._make_request(
               ^^^^^^^^^^^^^^^^^^^
  File "C:\programs\environments\py_312_tut\Lib\site-packages\urllib3\connectionpool.py", line 490, in _make_request
    raise new_e
  File "C:\programs\environments\py_312_tut\Lib\site-packages\urllib3\connectionpool.py", line 466, in _make_request
    self._validate_conn(conn)
  File "C:\programs\environments\py_312_tut\Lib\site-packages\urllib3\connectionpool.py", line 1095, in _validate_conn
    conn.connect()
  File "C:\programs\environments\py_312_tut\Lib\site-packages\urllib3\connection.py", line 693, in connect
    self.sock = sock = self._new_conn()
                       ^^^^^^^^^^^^^^^^
  File "C:\programs\environments\py_312_tut\Lib\site-packages\urllib3\connection.py", line 206, in _new_conn
    raise NameResolutionError(self.host, self, e) from e
urllib3.exceptions.NameResolutionError: <urllib3.connection.HTTPSConnection object at 0x0000025476880E30>: Failed to resolve 'otd.delhi.gov.in' ([Errno 11001] getaddrinfo failed)

The above exception was the direct cause of the following exception:

Traceback (most recent call last):
  File "C:\programs\environments\py_312_tut\Lib\site-packages\requests\adapters.py", line 667, in send
    resp = conn.urlopen(
           ^^^^^^^^^^^^^
  File "C:\programs\environments\py_312_tut\Lib\site-packages\urllib3\connectionpool.py", line 843, in urlopen
    retries = retries.increment(
              ^^^^^^^^^^^^^^^^^^
  File "C:\programs\environments\py_312_tut\Lib\site-packages\urllib3\util\retry.py", line 519, in increment
    raise MaxRetryError(_pool, url, reason) from reason  # type: ignore[arg-type]
    ^^^^^^^^^^^^^^^^^^^^^^^^^^^^^^^^^^^^^^^^^^^^^^^^^^^
urllib3.exceptions.MaxRetryError: HTTPSConnectionPool(host='otd.delhi.gov.in', port=443): Max retries exceeded with url: /api/realtime/VehiclePositions.pb?key=Wnywij2jOl3N715nQzLAfOiBK4MdJwUe (Caused by NameResolutionError("<urllib3.connection.HTTPSConnection object at 0x0000025476880E30>: Failed to resolve 'otd.delhi.gov.in' ([Errno 11001] getaddrinfo failed)"))

During handling of the above exception, another exception occurred:

Traceback (most recent call last):
  File "C:\programs\project_1222086\DTC2025\rt_vehicle_location.py", line 46, in importRealTimeData
    response = requests.get("https://otd.delhi.gov.in/api/realtime/VehiclePositions.pb?key=Wnywij2jOl3N715nQzLAfOiBK4MdJwUe")
               ^^^^^^^^^^^^^^^^^^^^^^^^^^^^^^^^^^^^^^^^^^^^^^^^^^^^^^^^^^^^^^^^^^^^^^^^^^^^^^^^^^^^^^^^^^^^^^^^^^^^^^^^^^^^^^
  File "C:\programs\environments\py_312_tut\Lib\site-packages\requests\api.py", line 73, in get
    return request("get", url, params=params, **kwargs)
           ^^^^^^^^^^^^^^^^^^^^^^^^^^^^^^^^^^^^^^^^^^^^
  File "C:\programs\environments\py_312_tut\Lib\site-packages\requests\api.py", line 59, in request
    return session.request(method=method, url=url, **kwargs)
           ^^^^^^^^^^^^^^^^^^^^^^^^^^^^^^^^^^^^^^^^^^^^^^^^^
  File "C:\programs\environments\py_312_tut\Lib\site-packages\requests\sessions.py", line 589, in request
    resp = self.send(prep, **send_kwargs)
           ^^^^^^^^^^^^^^^^^^^^^^^^^^^^^^
  File "C:\programs\environments\py_312_tut\Lib\site-packages\requests\sessions.py", line 703, in send
    r = adapter.send(request, **kwargs)
        ^^^^^^^^^^^^^^^^^^^^^^^^^^^^^^^
  File "C:\programs\environments\py_312_tut\Lib\site-packages\requests\adapters.py", line 700, in send
    raise ConnectionError(e, request=request)
requests.exceptions.ConnectionError: HTTPSConnectionPool(host='otd.delhi.gov.in', port=443): Max retries exceeded with url: /api/realtime/VehiclePositions.pb?key=Wnywij2jOl3N715nQzLAfOiBK4MdJwUe (Caused by NameResolutionError("<urllib3.connection.HTTPSConnection object at 0x0000025476880E30>: Failed to resolve 'otd.delhi.gov.in' ([Errno 11001] getaddrinfo failed)"))
2025-05-21 10:40:10,538 - INFO - Finished
2025-05-21 11:40:09,923 - INFO - Started
2025-05-21 11:40:09,925 - INFO - Data fetched successfully.
2025-05-21 11:40:09,925 - ERROR - An error occurred: HTTPSConnectionPool(host='otd.delhi.gov.in', port=443): Max retries exceeded with url: /api/realtime/VehiclePositions.pb?key=Wnywij2jOl3N715nQzLAfOiBK4MdJwUe (Caused by NameResolutionError("<urllib3.connection.HTTPSConnection object at 0x000001ACB0744C20>: Failed to resolve 'otd.delhi.gov.in' ([Errno 11001] getaddrinfo failed)"))
Traceback (most recent call last):
  File "C:\programs\environments\py_312_tut\Lib\site-packages\urllib3\connection.py", line 199, in _new_conn
    sock = connection.create_connection(
           ^^^^^^^^^^^^^^^^^^^^^^^^^^^^^
  File "C:\programs\environments\py_312_tut\Lib\site-packages\urllib3\util\connection.py", line 60, in create_connection
    for res in socket.getaddrinfo(host, port, family, socket.SOCK_STREAM):
               ^^^^^^^^^^^^^^^^^^^^^^^^^^^^^^^^^^^^^^^^^^^^^^^^^^^^^^^^^^
  File "C:\Users\Asus\AppData\Local\Programs\Python\Python312\Lib\socket.py", line 964, in getaddrinfo
    for res in _socket.getaddrinfo(host, port, family, type, proto, flags):
               ^^^^^^^^^^^^^^^^^^^^^^^^^^^^^^^^^^^^^^^^^^^^^^^^^^^^^^^^^^^
socket.gaierror: [Errno 11001] getaddrinfo failed

The above exception was the direct cause of the following exception:

Traceback (most recent call last):
  File "C:\programs\environments\py_312_tut\Lib\site-packages\urllib3\connectionpool.py", line 789, in urlopen
    response = self._make_request(
               ^^^^^^^^^^^^^^^^^^^
  File "C:\programs\environments\py_312_tut\Lib\site-packages\urllib3\connectionpool.py", line 490, in _make_request
    raise new_e
  File "C:\programs\environments\py_312_tut\Lib\site-packages\urllib3\connectionpool.py", line 466, in _make_request
    self._validate_conn(conn)
  File "C:\programs\environments\py_312_tut\Lib\site-packages\urllib3\connectionpool.py", line 1095, in _validate_conn
    conn.connect()
  File "C:\programs\environments\py_312_tut\Lib\site-packages\urllib3\connection.py", line 693, in connect
    self.sock = sock = self._new_conn()
                       ^^^^^^^^^^^^^^^^
  File "C:\programs\environments\py_312_tut\Lib\site-packages\urllib3\connection.py", line 206, in _new_conn
    raise NameResolutionError(self.host, self, e) from e
urllib3.exceptions.NameResolutionError: <urllib3.connection.HTTPSConnection object at 0x000001ACB0744C20>: Failed to resolve 'otd.delhi.gov.in' ([Errno 11001] getaddrinfo failed)

The above exception was the direct cause of the following exception:

Traceback (most recent call last):
  File "C:\programs\environments\py_312_tut\Lib\site-packages\requests\adapters.py", line 667, in send
    resp = conn.urlopen(
           ^^^^^^^^^^^^^
  File "C:\programs\environments\py_312_tut\Lib\site-packages\urllib3\connectionpool.py", line 843, in urlopen
    retries = retries.increment(
              ^^^^^^^^^^^^^^^^^^
  File "C:\programs\environments\py_312_tut\Lib\site-packages\urllib3\util\retry.py", line 519, in increment
    raise MaxRetryError(_pool, url, reason) from reason  # type: ignore[arg-type]
    ^^^^^^^^^^^^^^^^^^^^^^^^^^^^^^^^^^^^^^^^^^^^^^^^^^^
urllib3.exceptions.MaxRetryError: HTTPSConnectionPool(host='otd.delhi.gov.in', port=443): Max retries exceeded with url: /api/realtime/VehiclePositions.pb?key=Wnywij2jOl3N715nQzLAfOiBK4MdJwUe (Caused by NameResolutionError("<urllib3.connection.HTTPSConnection object at 0x000001ACB0744C20>: Failed to resolve 'otd.delhi.gov.in' ([Errno 11001] getaddrinfo failed)"))

During handling of the above exception, another exception occurred:

Traceback (most recent call last):
  File "C:\programs\project_1222086\DTC2025\rt_vehicle_location.py", line 46, in importRealTimeData
    response = requests.get("https://otd.delhi.gov.in/api/realtime/VehiclePositions.pb?key=Wnywij2jOl3N715nQzLAfOiBK4MdJwUe")
               ^^^^^^^^^^^^^^^^^^^^^^^^^^^^^^^^^^^^^^^^^^^^^^^^^^^^^^^^^^^^^^^^^^^^^^^^^^^^^^^^^^^^^^^^^^^^^^^^^^^^^^^^^^^^^^
  File "C:\programs\environments\py_312_tut\Lib\site-packages\requests\api.py", line 73, in get
    return request("get", url, params=params, **kwargs)
           ^^^^^^^^^^^^^^^^^^^^^^^^^^^^^^^^^^^^^^^^^^^^
  File "C:\programs\environments\py_312_tut\Lib\site-packages\requests\api.py", line 59, in request
    return session.request(method=method, url=url, **kwargs)
           ^^^^^^^^^^^^^^^^^^^^^^^^^^^^^^^^^^^^^^^^^^^^^^^^^
  File "C:\programs\environments\py_312_tut\Lib\site-packages\requests\sessions.py", line 589, in request
    resp = self.send(prep, **send_kwargs)
           ^^^^^^^^^^^^^^^^^^^^^^^^^^^^^^
  File "C:\programs\environments\py_312_tut\Lib\site-packages\requests\sessions.py", line 703, in send
    r = adapter.send(request, **kwargs)
        ^^^^^^^^^^^^^^^^^^^^^^^^^^^^^^^
  File "C:\programs\environments\py_312_tut\Lib\site-packages\requests\adapters.py", line 700, in send
    raise ConnectionError(e, request=request)
requests.exceptions.ConnectionError: HTTPSConnectionPool(host='otd.delhi.gov.in', port=443): Max retries exceeded with url: /api/realtime/VehiclePositions.pb?key=Wnywij2jOl3N715nQzLAfOiBK4MdJwUe (Caused by NameResolutionError("<urllib3.connection.HTTPSConnection object at 0x000001ACB0744C20>: Failed to resolve 'otd.delhi.gov.in' ([Errno 11001] getaddrinfo failed)"))
2025-05-21 11:40:10,087 - INFO - Finished
2025-05-21 11:50:11,142 - INFO - Started
2025-05-21 11:50:11,142 - INFO - Data fetched successfully.
2025-05-21 11:50:11,846 - INFO - Total records fetched: 2350
2025-05-21 11:50:12,377 - INFO - Total tripStartDateMapping records: 342
2025-05-21 11:50:12,377 - INFO - Total Filtered records: 14
2025-05-21 11:50:13,672 - INFO - Filtered records to be inserted into database: 14
2025-05-21 11:50:13,987 - INFO - Finished
2025-06-27 23:36:32,966 - INFO - Started
2025-06-27 23:36:32,966 - INFO - Data fetched successfully.
2025-06-27 23:36:34,244 - INFO - Total records fetched: 439
2025-06-27 23:36:34,871 - INFO - Total tripStartDateMapping records: 342
2025-06-27 23:36:34,871 - INFO - Total Filtered records: 0
2025-06-27 23:36:36,189 - INFO - Filtered records to be inserted into database: 0
2025-06-27 23:36:36,189 - INFO - No new data to insert.
2025-06-27 23:36:36,231 - INFO - Finished
2025-06-28 21:50:10,172 - INFO - Started
2025-06-28 21:50:10,182 - INFO - Data fetched successfully.
2025-06-28 21:50:11,608 - INFO - Total records fetched: 1601
2025-06-28 21:50:12,224 - INFO - Total tripStartDateMapping records: 342
2025-06-28 21:50:12,224 - INFO - Total Filtered records: 0
2025-06-28 21:50:13,444 - INFO - Filtered records to be inserted into database: 0
2025-06-28 21:50:13,448 - INFO - No new data to insert.
2025-06-28 21:50:13,487 - INFO - Finished
2025-06-28 22:00:06,115 - INFO - Started
2025-06-28 22:00:06,115 - INFO - Data fetched successfully.
2025-06-28 22:00:07,690 - INFO - Total records fetched: 1469
2025-06-28 22:00:07,817 - INFO - Total tripStartDateMapping records: 342
2025-06-28 22:00:07,817 - INFO - Total Filtered records: 0
2025-06-28 22:00:09,006 - INFO - Filtered records to be inserted into database: 0
2025-06-28 22:00:09,010 - INFO - No new data to insert.
2025-06-28 22:00:09,069 - INFO - Finished
2025-06-28 22:10:04,994 - INFO - Started
2025-06-28 22:10:04,998 - INFO - Data fetched successfully.
2025-06-28 22:10:05,455 - INFO - Total records fetched: 1342
2025-06-28 22:10:05,745 - INFO - Total tripStartDateMapping records: 342
2025-06-28 22:10:05,745 - INFO - Total Filtered records: 0
2025-06-28 22:10:06,362 - INFO - Filtered records to be inserted into database: 0
2025-06-28 22:10:06,375 - INFO - No new data to insert.
2025-06-28 22:10:06,376 - INFO - Finished
2025-06-28 22:20:04,454 - INFO - Started
2025-06-28 22:20:04,454 - INFO - Data fetched successfully.
2025-06-28 22:20:04,858 - INFO - Total records fetched: 1230
2025-06-28 22:20:04,958 - INFO - Total tripStartDateMapping records: 342
2025-06-28 22:20:04,958 - INFO - Total Filtered records: 1
2025-06-28 22:20:05,568 - INFO - Filtered records to be inserted into database: 1
2025-06-28 22:20:05,765 - INFO - Finished
2025-06-28 22:30:04,362 - INFO - Started
2025-06-28 22:30:04,362 - INFO - Data fetched successfully.
2025-06-28 22:30:05,003 - INFO - Total records fetched: 1113
2025-06-28 22:30:05,079 - INFO - Total tripStartDateMapping records: 342
2025-06-28 22:30:05,079 - INFO - Total Filtered records: 0
2025-06-28 22:30:05,680 - INFO - Filtered records to be inserted into database: 0
2025-06-28 22:30:05,686 - INFO - No new data to insert.
2025-06-28 22:30:05,692 - INFO - Finished
2025-09-25 23:42:13,943 - INFO - Started
2025-09-25 23:42:13,960 - INFO - Data fetched successfully.
2025-09-25 23:42:16,936 - INFO - Total records fetched: 607
2025-09-25 23:42:17,653 - INFO - Total tripStartDateMapping records: 342
2025-09-25 23:42:17,653 - INFO - Total Filtered records: 0
2025-09-25 23:42:18,435 - INFO - Filtered records to be inserted into database: 0
2025-09-25 23:42:18,435 - INFO - No new data to insert.
2025-09-25 23:42:18,441 - INFO - Finished
2025-09-26 00:02:32,834 - INFO - Started
2025-09-26 00:02:32,834 - INFO - Data fetched successfully.
2025-09-26 00:02:33,100 - INFO - Total records fetched: 416
2025-09-26 00:02:33,567 - INFO - Total tripStartDateMapping records: 342
2025-09-26 00:02:33,567 - INFO - Total Filtered records: 0
2025-09-26 00:02:34,168 - INFO - Filtered records to be inserted into database: 0
2025-09-26 00:02:34,168 - INFO - No new data to insert.
2025-09-26 00:02:34,185 - INFO - Finished
2025-09-26 01:02:12,888 - INFO - Started
2025-09-26 01:02:13,246 - INFO - Data fetched successfully.
2025-09-26 01:02:13,889 - INFO - Total records fetched: 147
2025-09-26 01:02:14,103 - INFO - Total tripStartDateMapping records: 342
2025-09-26 01:02:14,103 - INFO - Total Filtered records: 0
2025-09-26 01:02:14,538 - INFO - Filtered records to be inserted into database: 0
2025-09-26 01:02:14,538 - INFO - No new data to insert.
2025-09-26 01:02:14,548 - INFO - Finished
2025-09-26 01:04:03,299 - INFO - Started
2025-09-26 01:04:03,300 - INFO - Data fetched successfully.
2025-09-26 01:04:03,300 - INFO - Data fetched successfully.
2025-09-26 01:04:03,910 - INFO - Total records fetched: 141
2025-09-26 01:04:03,916 - INFO - Total records fetched: 141
2025-09-26 01:04:04,007 - INFO - Total tripStartDateMapping records: 342
2025-09-26 01:04:04,008 - INFO - Total Filtered records: 0
2025-09-26 01:04:04,014 - INFO - Total tripStartDateMapping records: 342
2025-09-26 01:04:04,014 - INFO - Total Filtered records: 0
2025-09-26 01:04:04,591 - INFO - Filtered records to be inserted into database: 0
2025-09-26 01:04:04,604 - INFO - No new data to insert.
2025-09-26 01:04:04,628 - INFO - Filtered records to be inserted into database: 0
2025-09-26 01:04:04,628 - INFO - No new data to insert.
2025-09-26 01:04:04,674 - INFO - Finished
2025-09-26 01:04:04,676 - INFO - Finished
2025-09-26 01:04:26,705 - INFO - Started
2025-09-26 01:04:26,706 - INFO - Data fetched successfully.
2025-09-26 01:04:27,188 - INFO - Total records fetched: 141
2025-09-26 01:04:27,223 - INFO - Total tripStartDateMapping records: 342
2025-09-26 01:04:27,223 - INFO - Total Filtered records: 0
2025-09-26 01:04:27,967 - INFO - Filtered records to be inserted into database: 0
2025-09-26 01:04:27,968 - INFO - No new data to insert.
2025-09-26 01:04:27,981 - INFO - Finished
2025-09-26 01:10:03,768 - INFO - Started
2025-09-26 01:10:03,772 - INFO - Data fetched successfully.
2025-09-26 01:10:04,222 - INFO - Total records fetched: 138
2025-09-26 01:10:04,573 - INFO - Total tripStartDateMapping records: 342
2025-09-26 01:10:04,573 - INFO - Total Filtered records: 0
2025-09-26 01:10:05,072 - INFO - Filtered records to be inserted into database: 0
2025-09-26 01:10:05,083 - INFO - No new data to insert.
2025-09-26 01:10:05,095 - INFO - Finished
2025-09-26 01:20:13,344 - INFO - Started
2025-09-26 01:20:13,345 - INFO - Data fetched successfully.
2025-09-26 01:20:14,396 - INFO - Total records fetched: 139
2025-09-26 01:20:15,140 - INFO - Total tripStartDateMapping records: 342
2025-09-26 01:20:15,140 - INFO - Total Filtered records: 0
2025-09-26 01:20:16,389 - INFO - Filtered records to be inserted into database: 0
2025-09-26 01:20:16,400 - INFO - No new data to insert.
2025-09-26 01:20:16,450 - INFO - Finished
2025-09-26 07:20:08,924 - INFO - Started
2025-09-26 07:20:08,940 - INFO - Data fetched successfully.
2025-09-26 07:20:11,473 - INFO - Total records fetched: 1828
2025-09-26 07:20:11,677 - ERROR - An error occurred: 'cryptography' package is required for sha256_password or caching_sha2_password auth methods
Traceback (most recent call last):
  File "D:\programs\project_1222086\DTC2025\rt_vehicle_location.py", line 73, in importRealTimeData
    with engine.connect() as conn:
         ~~~~~~~~~~~~~~^^
  File "D:\programs\Venv\Lib\site-packages\sqlalchemy\engine\base.py", line 3277, in connect
    return self._connection_cls(self)
           ~~~~~~~~~~~~~~~~~~~~^^^^^^
  File "D:\programs\Venv\Lib\site-packages\sqlalchemy\engine\base.py", line 143, in __init__
    self._dbapi_connection = engine.raw_connection()
                             ~~~~~~~~~~~~~~~~~~~~~^^
  File "D:\programs\Venv\Lib\site-packages\sqlalchemy\engine\base.py", line 3301, in raw_connection
    return self.pool.connect()
           ~~~~~~~~~~~~~~~~~^^
  File "D:\programs\Venv\Lib\site-packages\sqlalchemy\pool\base.py", line 447, in connect
    return _ConnectionFairy._checkout(self)
           ~~~~~~~~~~~~~~~~~~~~~~~~~~^^^^^^
  File "D:\programs\Venv\Lib\site-packages\sqlalchemy\pool\base.py", line 1264, in _checkout
    fairy = _ConnectionRecord.checkout(pool)
  File "D:\programs\Venv\Lib\site-packages\sqlalchemy\pool\base.py", line 711, in checkout
    rec = pool._do_get()
  File "D:\programs\Venv\Lib\site-packages\sqlalchemy\pool\impl.py", line 177, in _do_get
    with util.safe_reraise():
         ~~~~~~~~~~~~~~~~~^^
  File "D:\programs\Venv\Lib\site-packages\sqlalchemy\util\langhelpers.py", line 224, in __exit__
    raise exc_value.with_traceback(exc_tb)
  File "D:\programs\Venv\Lib\site-packages\sqlalchemy\pool\impl.py", line 175, in _do_get
    return self._create_connection()
           ~~~~~~~~~~~~~~~~~~~~~~~^^
  File "D:\programs\Venv\Lib\site-packages\sqlalchemy\pool\base.py", line 388, in _create_connection
    return _ConnectionRecord(self)
  File "D:\programs\Venv\Lib\site-packages\sqlalchemy\pool\base.py", line 673, in __init__
    self.__connect()
    ~~~~~~~~~~~~~~^^
  File "D:\programs\Venv\Lib\site-packages\sqlalchemy\pool\base.py", line 899, in __connect
    with util.safe_reraise():
         ~~~~~~~~~~~~~~~~~^^
  File "D:\programs\Venv\Lib\site-packages\sqlalchemy\util\langhelpers.py", line 224, in __exit__
    raise exc_value.with_traceback(exc_tb)
  File "D:\programs\Venv\Lib\site-packages\sqlalchemy\pool\base.py", line 895, in __connect
    self.dbapi_connection = connection = pool._invoke_creator(self)
                                         ~~~~~~~~~~~~~~~~~~~~^^^^^^
  File "D:\programs\Venv\Lib\site-packages\sqlalchemy\engine\create.py", line 661, in connect
    return dialect.connect(*cargs, **cparams)
           ~~~~~~~~~~~~~~~^^^^^^^^^^^^^^^^^^^
  File "D:\programs\Venv\Lib\site-packages\sqlalchemy\engine\default.py", line 629, in connect
    return self.loaded_dbapi.connect(*cargs, **cparams)  # type: ignore[no-any-return]  # NOQA: E501
           ~~~~~~~~~~~~~~~~~~~~~~~~~^^^^^^^^^^^^^^^^^^^
  File "D:\programs\Venv\Lib\site-packages\pymysql\connections.py", line 365, in __init__
    self.connect()
    ~~~~~~~~~~~~^^
  File "D:\programs\Venv\Lib\site-packages\pymysql\connections.py", line 681, in connect
    self._request_authentication()
    ~~~~~~~~~~~~~~~~~~~~~~~~~~~~^^
  File "D:\programs\Venv\Lib\site-packages\pymysql\connections.py", line 980, in _request_authentication
    auth_packet = _auth.caching_sha2_password_auth(self, auth_packet)
  File "D:\programs\Venv\Lib\site-packages\pymysql\_auth.py", line 271, in caching_sha2_password_auth
    data = sha2_rsa_encrypt(conn.password, conn.salt, conn.server_public_key)
  File "D:\programs\Venv\Lib\site-packages\pymysql\_auth.py", line 144, in sha2_rsa_encrypt
    raise RuntimeError(
    ...<2 lines>...
    )
RuntimeError: 'cryptography' package is required for sha256_password or caching_sha2_password auth methods
2025-09-26 07:20:12,280 - INFO - Finished
2025-09-26 07:26:48,258 - INFO - Started
2025-09-26 07:26:48,272 - INFO - Data fetched successfully.
2025-09-26 07:26:49,021 - INFO - Total records fetched: 2010
2025-09-26 07:26:50,058 - INFO - Total tripStartDateMapping records: 342
2025-09-26 07:26:50,059 - INFO - Total Filtered records: 0
2025-09-26 07:26:50,571 - INFO - Filtered records to be inserted into database: 0
2025-09-26 07:26:50,572 - INFO - No new data to insert.
2025-09-26 07:26:50,584 - INFO - Finished
2025-09-26 07:30:08,280 - INFO - Started
2025-09-26 07:30:08,281 - INFO - Data fetched successfully.
2025-09-26 07:30:09,446 - INFO - Total records fetched: 2064
2025-09-26 07:30:09,512 - INFO - Total tripStartDateMapping records: 342
2025-09-26 07:30:09,512 - INFO - Total Filtered records: 0
2025-09-26 07:30:10,649 - INFO - Filtered records to be inserted into database: 0
2025-09-26 07:30:10,662 - INFO - No new data to insert.
2025-09-26 07:30:10,723 - INFO - Finished
2025-09-26 07:40:05,337 - INFO - Started
2025-09-26 07:40:05,338 - INFO - Data fetched successfully.
2025-09-26 07:40:06,643 - INFO - Total records fetched: 2073
2025-09-26 07:40:06,704 - INFO - Total tripStartDateMapping records: 342
2025-09-26 07:40:06,704 - INFO - Total Filtered records: 0
2025-09-26 07:40:07,791 - INFO - Filtered records to be inserted into database: 0
2025-09-26 07:40:07,792 - INFO - No new data to insert.
2025-09-26 07:40:07,811 - INFO - Finished
2025-09-26 07:50:05,448 - INFO - Started
2025-09-26 07:50:05,449 - INFO - Data fetched successfully.
2025-09-26 07:50:06,689 - INFO - Total records fetched: 2292
2025-09-26 07:50:06,779 - INFO - Total tripStartDateMapping records: 342
2025-09-26 07:50:06,780 - INFO - Total Filtered records: 0
2025-09-26 07:50:07,872 - INFO - Filtered records to be inserted into database: 0
2025-09-26 07:50:07,872 - INFO - No new data to insert.
2025-09-26 07:50:07,923 - INFO - Finished
2025-09-26 08:00:05,389 - INFO - Started
2025-09-26 08:00:05,390 - INFO - Data fetched successfully.
2025-09-26 08:00:06,617 - INFO - Total records fetched: 2376
2025-09-26 08:00:06,678 - INFO - Total tripStartDateMapping records: 342
2025-09-26 08:00:06,679 - INFO - Total Filtered records: 0
2025-09-26 08:00:07,853 - INFO - Filtered records to be inserted into database: 0
2025-09-26 08:00:07,854 - INFO - No new data to insert.
2025-09-26 08:00:07,872 - INFO - Finished
2025-09-26 08:10:04,349 - INFO - Started
2025-09-26 08:10:04,354 - INFO - Data fetched successfully.
2025-09-26 08:10:05,161 - INFO - Total records fetched: 2348
2025-09-26 08:10:05,629 - INFO - Total tripStartDateMapping records: 342
2025-09-26 08:10:05,631 - INFO - Total Filtered records: 0
2025-09-26 08:10:06,681 - INFO - Filtered records to be inserted into database: 0
2025-09-26 08:10:06,692 - INFO - No new data to insert.
2025-09-26 08:10:06,738 - INFO - Finished
2025-09-26 08:20:06,788 - INFO - Started
2025-09-26 08:20:06,803 - INFO - Data fetched successfully.
2025-09-26 08:20:07,579 - INFO - Total records fetched: 2557
2025-09-26 08:20:07,956 - INFO - Total tripStartDateMapping records: 342
2025-09-26 08:20:07,958 - INFO - Total Filtered records: 0
2025-09-26 08:20:08,466 - INFO - Filtered records to be inserted into database: 0
2025-09-26 08:20:08,481 - INFO - No new data to insert.
2025-09-26 08:20:08,558 - INFO - Finished
2025-09-26 08:31:05,414 - INFO - Started
2025-09-26 08:31:05,513 - INFO - Data fetched successfully.
2025-09-26 08:31:10,425 - INFO - Total records fetched: 2543
2025-09-26 08:31:11,298 - INFO - Total tripStartDateMapping records: 342
2025-09-26 08:31:11,299 - INFO - Total Filtered records: 0
2025-09-26 08:31:11,992 - INFO - Filtered records to be inserted into database: 0
2025-09-26 08:31:12,177 - INFO - No new data to insert.
2025-09-26 08:31:12,297 - INFO - Finished
2025-09-26 08:40:04,722 - INFO - Started
2025-09-26 08:40:04,733 - INFO - Data fetched successfully.
2025-09-26 08:40:05,606 - INFO - Total records fetched: 2668
2025-09-26 08:40:05,668 - INFO - Total tripStartDateMapping records: 342
2025-09-26 08:40:05,669 - INFO - Total Filtered records: 0
2025-09-26 08:40:06,143 - INFO - Filtered records to be inserted into database: 0
2025-09-26 08:40:06,155 - INFO - No new data to insert.
2025-09-26 08:40:06,206 - INFO - Finished
2025-09-26 10:00:10,060 - INFO - Started
2025-09-26 10:00:10,071 - INFO - Data fetched successfully.
2025-09-26 10:00:11,411 - INFO - Total records fetched: 2813
2025-09-26 10:00:12,354 - INFO - Total tripStartDateMapping records: 342
2025-09-26 10:00:12,355 - INFO - Total Filtered records: 0
2025-09-26 10:00:13,568 - INFO - Filtered records to be inserted into database: 0
2025-09-26 10:00:13,576 - INFO - No new data to insert.
2025-09-26 10:00:13,642 - INFO - Finished
2025-09-26 10:10:09,931 - INFO - Started
2025-09-26 10:10:09,941 - INFO - Data fetched successfully.
2025-09-26 10:10:11,552 - INFO - Total records fetched: 2183
2025-09-26 10:10:12,017 - INFO - Total tripStartDateMapping records: 342
2025-09-26 10:10:12,018 - INFO - Total Filtered records: 0
2025-09-26 10:10:13,229 - INFO - Filtered records to be inserted into database: 0
2025-09-26 10:10:13,241 - INFO - No new data to insert.
2025-09-26 10:10:13,302 - INFO - Finished
2025-09-26 10:20:09,137 - INFO - Started
2025-09-26 10:20:09,147 - INFO - Data fetched successfully.
2025-09-26 10:20:10,382 - INFO - Total records fetched: 2840
2025-09-26 10:20:10,830 - INFO - Total tripStartDateMapping records: 342
2025-09-26 10:20:10,831 - INFO - Total Filtered records: 0
2025-09-26 10:20:12,237 - INFO - Filtered records to be inserted into database: 0
2025-09-26 10:20:12,249 - INFO - No new data to insert.
2025-09-26 10:20:12,351 - INFO - Finished
2025-09-28 15:04:22,674 - INFO - Started
2025-09-28 15:04:22,675 - INFO - Data fetched successfully.
2025-09-28 15:04:26,207 - INFO - Total records fetched: 1340
2025-09-28 15:04:26,831 - INFO - Total tripStartDateMapping records: 342
2025-09-28 15:04:26,832 - INFO - Total Filtered records: 1
2025-09-28 15:04:27,337 - INFO - Filtered records to be inserted into database: 1
2025-09-28 15:04:27,414 - INFO - Finished
2025-09-28 15:07:31,698 - INFO - Started
2025-09-28 15:07:31,699 - INFO - Data fetched successfully.
2025-09-28 15:07:32,973 - INFO - Total records fetched: 1341
2025-09-28 15:07:33,426 - INFO - Total tripStartDateMapping records: 342
2025-09-28 15:07:33,430 - INFO - Total Filtered records: 0
2025-09-28 15:07:34,414 - INFO - Filtered records to be inserted into database: 0
2025-09-28 15:07:34,414 - INFO - No new data to insert.
2025-09-28 15:07:34,453 - INFO - Finished
2025-09-28 15:10:03,871 - INFO - Started
2025-09-28 15:10:03,871 - INFO - Data fetched successfully.
2025-09-28 15:10:04,818 - INFO - Total records fetched: 1344
2025-09-28 15:10:04,876 - INFO - Total tripStartDateMapping records: 342
2025-09-28 15:10:04,876 - INFO - Total Filtered records: 0
2025-09-28 15:10:06,152 - INFO - Filtered records to be inserted into database: 0
2025-09-28 15:10:06,155 - INFO - No new data to insert.
2025-09-28 15:10:06,202 - INFO - Finished
